sample,family,variant,diameter_nm,energy_map,closure,reactive,cls,flags,theta_bri,reconstructed_fraction,bridging_capacity_umol_g,N_react_umol_g,TOF_s_1,N_react_uncapped_umol_g,TOF_uncapped_s_1,pair_fraction,iterations,inventory_residual
A600,PRIMARY,,900,PAB,NEUTRAL,BRI,PRIMARY,RECON_CAP,0.669792,0,13.5581,2.30487,0.980532,9.08108,0.248869,0,12,-8.9e-15
A600,PRIMARY,,900,PAB,NEUTRAL,ISO_z2,PRIMARY,RECON_CAP,0.669792,0,13.5581,1.58783,1.42333,0.990178,2.28242,0,12,-8.9e-15
A600,PRIMARY,,900,PAB,NEUTRAL,ISO_z4,PRIMARY,RECON_CAP,0.669792,0,13.5581,1.09385,2.06609,0.107966,,0,12,-8.9e-15
A600,PRIMARY,,900,PAB,NEUTRAL,ISO_z8,PRIMARY,RECON_CAP,0.669792,0,13.5581,0.519124,4.35349,0.00128363,,0,12,-8.9e-15
R500,PRIMARY,,900,PAB,NEUTRAL,BRI,PRIMARY,RECON_CAP,0.959793,0,13.5581,2.30487,1.63567,13.0129,0.289712,0,12,-7.1e-15
R500,PRIMARY,,900,PAB,NEUTRAL,ISO_z2,PRIMARY,RECON_CAP,0.959793,0,13.5581,1.58783,2.37432,0.021037,,0,12,-7.1e-15
R500,PRIMARY,,900,PAB,NEUTRAL,ISO_z4,PRIMARY,RECON_CAP,0.959793,0,13.5581,1.09385,3.44653,3.40089e-05,,0,12,-7.1e-15
R500,PRIMARY,,900,PAB,NEUTRAL,ISO_z8,PRIMARY,RECON_CAP,0.959793,0,13.5581,0.519124,7.26223,8.88814e-11,,0,12,-7.1e-15
R600,PRIMARY,,900,PAB,NEUTRAL,BRI,PRIMARY,RECON_CAP,0.991963,0,13.5581,2.30487,1.70075,13.4491,0.291469,0,10,2.6e-11
R600,PRIMARY,,900,PAB,NEUTRAL,ISO_z2,PRIMARY,RECON_CAP,0.991963,0,13.5581,1.58783,2.46879,0.000868682,,0,10,2.6e-11
R600,PRIMARY,,900,PAB,NEUTRAL,ISO_z4,PRIMARY,RECON_CAP,0.991963,0,13.5581,1.09385,3.58366,5.61085e-08,,0,10,2.6e-11
R600,PRIMARY,,900,PAB,NEUTRAL,ISO_z8,PRIMARY,RECON_CAP,0.991963,0,13.5581,0.519124,7.55118,2.3408e-16,,0,10,2.6e-11
R800,PRIMARY,,900,PAB,NEUTRAL,BRI,PRIMARY,RECON_CAP,0.996744,0,13.5581,2.30487,0.872066,13.5139,0.148736,0,10,-1.1e-13
R800,PRIMARY,,900,PAB,NEUTRAL,ISO_z2,PRIMARY,RECON_CAP,0.996744,0,13.5581,1.58783,1.26588,0.000143257,,0,10,-1.1e-13
R800,PRIMARY,,900,PAB,NEUTRAL,ISO_z4,PRIMARY,RECON_CAP,0.996744,0,13.5581,1.09385,1.83754,1.51863e-09,,0,10,-1.1e-13
R800,PRIMARY,,900,PAB,NEUTRAL,ISO_z8,PRIMARY,RECON_CAP,0.996744,0,13.5581,0.519124,3.87191,1.70657e-19,,0,10,-1.1e-13
R1000,PRIMARY,,900,PAB,NEUTRAL,BRI,BOUNDARY,RECON_CAP YUAN_STRONG_REDUCTION,0.999307,0,13.5581,2.30487,0.0196974,13.5487,0.00335088,0,8,1.1e-13
R1000,PRIMARY,,900,PAB,NEUTRAL,ISO_z2,BOUNDARY,RECON_CAP YUAN_STRONG_REDUCTION,0.999307,0,13.5581,1.58783,0.0285926,6.50182e-06,,0,8,1.1e-13
R1000,PRIMARY,,900,PAB,NEUTRAL,ISO_z4,BOUNDARY,RECON_CAP YUAN_STRONG_REDUCTION,0.999307,0,13.5581,1.09385,0.0415047,3.12013e-12,,0,8,1.1e-13
R1000,PRIMARY,,900,PAB,NEUTRAL,ISO_z8,BOUNDARY,RECON_CAP YUAN_STRONG_REDUCTION,0.999307,0,13.5581,0.519124,0.087455,7.18538e-25,,0,8,1.1e-13
R600,inventory,R600 94.6,900,PAB,NEUTRAL,BRI,SENSITIVITY,RECON_CAP,0.992033,0,13.5581,2.30487,1.70075,13.45,0.291449,0,10,2.2e-11
R600,inventory,R600 94.6,900,PAB,NEUTRAL,ISO_z2,SENSITIVITY,RECON_CAP,0.992033,0,13.5581,1.58783,2.46879,0.000853721,,0,10,2.2e-11
R600,inventory,R600 94.6,900,PAB,NEUTRAL,ISO_z4,SENSITIVITY,RECON_CAP,0.992033,0,13.5581,1.09385,3.58366,5.41887e-08,,0,10,2.2e-11
R600,inventory,R600 94.6,900,PAB,NEUTRAL,ISO_z8,SENSITIVITY,RECON_CAP,0.992033,0,13.5581,0.519124,7.55118,2.1832e-16,,0,10,2.2e-11
A600,basal,alpha 1,900,PAB,NEUTRAL,BRI+BASAL,SENSITIVITY,RECON_CAP,0.669792,0,13.5581,2.30488,0.980526,9.08109,0.248869,0,12,-8.9e-15
R500,basal,alpha 1,900,PAB,NEUTRAL,BRI+BASAL,SENSITIVITY,RECON_CAP,0.959793,0,13.5581,2.30504,1.63555,13.0131,0.289708,0,12,-7.1e-15
R600,basal,alpha 1,900,PAB,NEUTRAL,BRI+BASAL,SENSITIVITY,RECON_CAP,0.991963,0,13.5581,2.30575,1.7001,13.45,0.29145,0,10,2.6e-11
R800,basal,alpha 1,900,PAB,NEUTRAL,BRI+BASAL,SENSITIVITY,RECON_CAP,0.996744,0,13.5581,2.30705,0.871242,13.5161,0.148712,0,10,-1.1e-13
R1000,basal,alpha 1,900,PAB,NEUTRAL,BRI+BASAL,BOUNDARY,RECON_CAP YUAN_STRONG_REDUCTION,0.999307,0,13.5581,2.31515,0.01961,13.5589,0.00334834,0,8,1.1e-13
A600,PRIMARY,,900,PAB,LOCAL,BRI,PRIMARY,,0.0403244,0,13.5581,0.546721,4.13374,0.546721,4.13374,0,11,-2.5e-14
A600,PRIMARY,,900,PAB,LOCAL,ISO_z2,PRIMARY,,0.0403244,0,13.5581,0.503517,4.48842,0.503517,4.48842,0,11,-2.5e-14
A600,PRIMARY,,900,PAB,LOCAL,ISO_z4,PRIMARY,,0.0403244,0,13.5581,0.463728,4.87355,0.463728,4.87355,0,11,-2.5e-14
A600,PRIMARY,,900,PAB,LOCAL,ISO_z8,PRIMARY,,0.0403244,0,13.5581,0.393334,5.74576,0.393334,5.74576,0,11,-2.5e-14
R500,PRIMARY,,900,PAB,LOCAL,BRI,PRIMARY,,0.102503,0,13.5581,1.38975,2.71272,1.38975,2.71272,0,10,7.1e-15
R500,PRIMARY,,900,PAB,LOCAL,ISO_z2,PRIMARY,,0.102503,0,13.5581,1.11944,3.36775,1.11944,3.36775,0,10,7.1e-15
R500,PRIMARY,,900,PAB,LOCAL,ISO_z4,PRIMARY,,0.102503,0,13.5581,0.90171,4.18094,0.90171,4.18094,0,10,7.1e-15
R500,PRIMARY,,900,PAB,LOCAL,ISO_z8,PRIMARY,,0.102503,0,13.5581,0.585057,6.44381,0.585057,6.44381,0,10,7.1e-15
R600,PRIMARY,,900,PAB,LOCAL,BRI,PRIMARY,RECON_CAP,0.221594,0,13.5581,2.30487,1.70075,3.00439,1.30476,0,9,2.8e-14
R600,PRIMARY,,900,PAB,LOCAL,ISO_z2,PRIMARY,RECON_CAP,0.221594,0,13.5581,1.58783,2.46879,1.82041,2.15337,0,9,2.8e-14
R600,PRIMARY,,900,PAB,LOCAL,ISO_z4,PRIMARY,RECON_CAP,0.221594,0,13.5581,1.09385,3.58366,1.10301,3.55391,0,9,2.8e-14
R600,PRIMARY,,900,PAB,LOCAL,ISO_z8,PRIMARY,RECON_CAP,0.221594,0,13.5581,0.519124,7.55118,0.404953,9.68014,0,9,2.8e-14
R800,PRIMARY,,900,PAB,LOCAL,BRI,PRIMARY,RECON_CAP,0.357693,0,13.5581,2.30487,0.872066,4.84963,0.414465,0,8,-2.8e-14
R800,PRIMARY,,900,PAB,LOCAL,ISO_z2,PRIMARY,RECON_CAP,0.357693,0,13.5581,1.58783,1.26588,2.00075,1.00462,0,8,-2.8e-14
R800,PRIMARY,,900,PAB,LOCAL,ISO_z4,PRIMARY,RECON_CAP,0.357693,0,13.5581,1.09385,1.83754,0.825426,2.43511,0,8,-2.8e-14
R800,PRIMARY,,900,PAB,LOCAL,ISO_z8,PRIMARY,RECON_CAP,0.357693,0,13.5581,0.519124,3.87191,0.140491,14.307,0,8,-2.8e-14
R1000,PRIMARY,,900,PAB,LOCAL,BRI,BOUNDARY,RECON_CAP YUAN_STRONG_REDUCTION,0.613463,0,13.5581,2.30487,0.0196974,8.31738,0.00545845,0,6,-5.2e-11
R1000,PRIMARY,,900,PAB,LOCAL,ISO_z2,BOUNDARY,RECON_CAP YUAN_STRONG_REDUCTION,0.613463,0,13.5581,1.58783,0.0285926,1.2427,0.0365333,0,6,-5.2e-11
R1000,PRIMARY,,900,PAB,LOCAL,ISO_z4,BOUNDARY,RECON_CAP YUAN_STRONG_REDUCTION,0.613463,0,13.5581,1.09385,0.0415047,0.185673,0.244516,0,6,-5.2e-11
R1000,PRIMARY,,900,PAB,LOCAL,ISO_z8,BOUNDARY,RECON_CAP YUAN_STRONG_REDUCTION,0.613463,0,13.5581,0.519124,0.087455,0.00414487,,0,6,-5.2e-11
R600,inventory,R600 94.6,900,PAB,LOCAL,BRI,SENSITIVITY,RECON_CAP,0.222648,0,13.5581,2.30487,1.70075,3.01867,1.29858,0,9,8.5e-14
R600,inventory,R600 94.6,900,PAB,LOCAL,ISO_z2,SENSITIVITY,RECON_CAP,0.222648,0,13.5581,1.58783,2.46879,1.82411,2.14899,0,9,8.5e-14
R600,inventory,R600 94.6,900,PAB,LOCAL,ISO_z4,SENSITIVITY,RECON_CAP,0.222648,0,13.5581,1.09385,3.58366,1.10227,3.5563,0,9,8.5e-14
R600,inventory,R600 94.6,900,PAB,LOCAL,ISO_z8,SENSITIVITY,RECON_CAP,0.222648,0,13.5581,0.519124,7.55118,0.402494,9.73928,0,9,8.5e-14
A600,basal,alpha 1,900,PAB,LOCAL,BRI+BASAL,SENSITIVITY,,0.0403244,0,13.5581,0.546721,4.13374,0.546721,4.13374,0,11,-2.5e-14
R500,basal,alpha 1,900,PAB,LOCAL,BRI+BASAL,SENSITIVITY,,0.102503,0,13.5581,1.38975,2.71272,1.38975,2.71272,0,10,7.1e-15
R600,basal,alpha 1,900,PAB,LOCAL,BRI+BASAL,SENSITIVITY,RECON_CAP,0.221594,0,13.5581,2.30487,1.70074,3.00439,1.30476,0,9,2.8e-14
R800,basal,alpha 1,900,PAB,LOCAL,BRI+BASAL,SENSITIVITY,RECON_CAP,0.357693,0,13.5581,2.30487,0.872065,4.84963,0.414464,0,8,-2.8e-14
R1000,basal,alpha 1,900,PAB,LOCAL,BRI+BASAL,BOUNDARY,RECON_CAP YUAN_STRONG_REDUCTION,0.613463,0,13.5581,2.30488,0.0196973,8.31739,0.00545845,0,6,-5.2e-11
A600,PRIMARY,,900,HAM,NEUTRAL,BRI,PRIMARY,RECON_CAP,0.924966,0,13.5581,2.30487,0.980532,12.5407,0.180213,0,13,-1.8e-15
A600,PRIMARY,,900,HAM,NEUTRAL,ISO_z2,PRIMARY,RECON_CAP,0.924966,0,13.5581,1.58783,1.42333,0.0706062,,0,13,-1.8e-15
A600,PRIMARY,,900,HAM,NEUTRAL,ISO_z4,PRIMARY,RECON_CAP,0.924966,0,13.5581,1.09385,2.06609,0.000397523,,0,13,-1.8e-15
A600,PRIMARY,,900,HAM,NEUTRAL,ISO_z8,PRIMARY,RECON_CAP,0.924966,0,13.5581,0.519124,4.35349,1.26009e-08,,0,13,-1.8e-15
R500,PRIMARY,,900,HAM,NEUTRAL,BRI,PRIMARY,RECON_CAP,0.999739,0,13.5581,2.30487,1.63567,13.5545,0.278136,0,12,7.8e-14
R500,PRIMARY,,900,HAM,NEUTRAL,ISO_z2,PRIMARY,RECON_CAP,0.999739,0,13.5581,1.58783,2.37432,9.21595e-07,,0,12,7.8e-14
R500,PRIMARY,,900,HAM,NEUTRAL,ISO_z4,PRIMARY,RECON_CAP,0.999739,0,13.5581,1.09385,3.44653,6.26608e-14,,0,12,7.8e-14
R500,PRIMARY,,900,HAM,NEUTRAL,ISO_z8,PRIMARY,RECON_CAP,0.999739,0,13.5581,0.519124,7.26223,2.89673e-28,,0,12,7.8e-14
R600,PRIMARY,,900,HAM,NEUTRAL,BRI,PRIMARY,RECON_CAP,0.99996,0,13.5581,2.30487,1.70075,13.5575,0.289138,0,10,4.3e-11
R600,PRIMARY,,900,HAM,NEUTRAL,ISO_z2,PRIMARY,RECON_CAP,0.99996,0,13.5581,1.58783,2.46879,2.18373e-08,,0,10,4.3e-11
R600,PRIMARY,,900,HAM,NEUTRAL,ISO_z4,PRIMARY,RECON_CAP,0.99996,0,13.5581,1.09385,3.58366,3.51736e-17,,0,10,4.3e-11
R600,PRIMARY,,900,HAM,NEUTRAL,ISO_z8,PRIMARY,RECON_CAP,0.99996,0,13.5581,0.519124,7.55118,9.12546e-35,,0,10,4.3e-11
R800,PRIMARY,,900,HAM,NEUTRAL,BRI,PRIMARY,RECON_CAP,0.999984,0,13.5581,2.30487,0.872066,13.5578,0.148254,0,10,8.5e-14
R800,PRIMARY,,900,HAM,NEUTRAL,ISO_z2,PRIMARY,RECON_CAP,0.999984,0,13.5581,1.58783,1.26588,3.50536e-09,,0,10,8.5e-14
R800,PRIMARY,,900,HAM,NEUTRAL,ISO_z4,PRIMARY,RECON_CAP,0.999984,0,13.5581,1.09385,1.83754,9.06304e-19,,0,10,8.5e-14
R800,PRIMARY,,900,HAM,NEUTRAL,ISO_z8,PRIMARY,RECON_CAP,0.999984,0,13.5581,0.519124,3.87191,6.05839e-38,,0,10,8.5e-14
R1000,PRIMARY,,900,HAM,NEUTRAL,BRI,BOUNDARY,RECON_CAP YUAN_STRONG_REDUCTION,0.999997,0,13.5581,2.30487,0.0196974,13.558,0.00334857,0,8,2.3e-13
R1000,PRIMARY,,900,HAM,NEUTRAL,ISO_z2,BOUNDARY,RECON_CAP YUAN_STRONG_REDUCTION,0.999997,0,13.5581,1.58783,0.0285926,1.58413e-10,,0,8,2.3e-13
R1000,PRIMARY,,900,HAM,NEUTRAL,ISO_z4,BOUNDARY,RECON_CAP YUAN_STRONG_REDUCTION,0.999997,0,13.5581,1.09385,0.0415047,1.8509e-21,,0,8,2.3e-13
R1000,PRIMARY,,900,HAM,NEUTRAL,ISO_z8,BOUNDARY,RECON_CAP YUAN_STRONG_REDUCTION,0.999997,0,13.5581,0.519124,0.087455,2.5268e-43,,0,8,2.3e-13
R600,inventory,R600 94.6,900,HAM,NEUTRAL,BRI,SENSITIVITY,RECON_CAP,0.99996,0,13.5581,2.30487,1.70075,13.5575,0.289138,0,10,3.7e-11
R600,inventory,R600 94.6,900,HAM,NEUTRAL,ISO_z2,SENSITIVITY,RECON_CAP,0.99996,0,13.5581,1.58783,2.46879,2.145e-08,,0,10,3.7e-11
R600,inventory,R600 94.6,900,HAM,NEUTRAL,ISO_z4,SENSITIVITY,RECON_CAP,0.99996,0,13.5581,1.09385,3.58366,3.3937e-17,,0,10,3.7e-11
R600,inventory,R600 94.6,900,HAM,NEUTRAL,ISO_z8,SENSITIVITY,RECON_CAP,0.99996,0,13.5581,0.519124,7.55118,8.49507e-35,,0,10,3.7e-11
A600,basal,alpha 1,900,HAM,NEUTRAL,BRI+BASAL,SENSITIVITY,RECON_CAP,0.924966,0,13.5581,2.30487,0.980531,12.5407,0.180213,0,13,-1.8e-15
R500,basal,alpha 1,900,HAM,NEUTRAL,BRI+BASAL,SENSITIVITY,RECON_CAP,0.999739,0,13.5581,2.30553,1.6352,13.5552,0.278122,0,12,7.8e-14
R600,basal,alpha 1,900,HAM,NEUTRAL,BRI+BASAL,SENSITIVITY,RECON_CAP,0.99996,0,13.5581,2.30917,1.69758,13.5618,0.289047,0,10,4.3e-11
R800,basal,alpha 1,900,HAM,NEUTRAL,BRI+BASAL,SENSITIVITY,RECON_CAP,0.999984,0,13.5581,2.31559,0.868028,13.5686,0.148136,0,10,8.5e-14
R1000,basal,alpha 1,900,HAM,NEUTRAL,BRI+BASAL,BOUNDARY,RECON_CAP YUAN_STRONG_REDUCTION,0.999997,0,13.5581,2.35524,0.0192761,13.6084,0.00333618,0,8,2.3e-13
A600,PRIMARY,,900,HAM,LOCAL,BRI,PRIMARY,RECON_CAP,0.187991,0,13.5581,2.30487,0.980532,2.54879,0.886695,0,11,-1.6e-14
A600,PRIMARY,,900,HAM,LOCAL,ISO_z2,PRIMARY,RECON_CAP,0.187991,0,13.5581,1.58783,1.42333,1.68057,1.34478,0,11,-1.6e-14
A600,PRIMARY,,900,HAM,LOCAL,ISO_z4,PRIMARY,RECON_CAP,0.187991,0,13.5581,1.09385,2.06609,1.1081,2.03953,0,11,-1.6e-14
A600,PRIMARY,,900,HAM,LOCAL,ISO_z8,PRIMARY,RECON_CAP,0.187991,0,13.5581,0.519124,4.35349,0.48175,4.69123,0,11,-1.6e-14
R500,PRIMARY,,900,HAM,LOCAL,BRI,PRIMARY,RECON_CAP,0.399737,0,13.5581,2.30487,1.63567,5.41966,0.695616,0,10,-1.4e-14
R500,PRIMARY,,900,HAM,LOCAL,ISO_z2,PRIMARY,RECON_CAP,0.399737,0,13.5581,1.58783,2.37432,1.95279,1.93057,0,10,-1.4e-14
R500,PRIMARY,,900,HAM,LOCAL,ISO_z4,PRIMARY,RECON_CAP,0.399737,0,13.5581,1.09385,3.44653,0.70362,5.358,0,10,-1.4e-14
R500,PRIMARY,,900,HAM,LOCAL,ISO_z8,PRIMARY,RECON_CAP,0.399737,0,13.5581,0.519124,7.26223,0.0913492,,0,10,-1.4e-14
R600,PRIMARY,,900,HAM,LOCAL,BRI,PRIMARY,RECON_CAP,0.640962,0,13.5581,2.30487,1.70075,8.6902,0.451083,0,9,4.3e-14
R600,PRIMARY,,900,HAM,LOCAL,ISO_z2,PRIMARY,RECON_CAP,0.640962,0,13.5581,1.58783,2.46879,1.12024,3.49925,0,9,4.3e-14
R600,PRIMARY,,900,HAM,LOCAL,ISO_z4,PRIMARY,RECON_CAP,0.640962,0,13.5581,1.09385,3.58366,0.144409,27.1452,0,9,4.3e-14
R600,PRIMARY,,900,HAM,LOCAL,ISO_z8,PRIMARY,RECON_CAP,0.640962,0,13.5581,0.519124,7.55118,0.0023997,,0,9,4.3e-14
R800,PRIMARY,,900,HAM,LOCAL,BRI,PRIMARY,RECON_CAP,0.785398,0,13.5581,2.30487,0.872066,10.6485,0.188759,0,8,5.7e-14
R800,PRIMARY,,900,HAM,LOCAL,ISO_z2,PRIMARY,RECON_CAP,0.785398,0,13.5581,1.58783,1.26588,0.490405,4.09865,0,8,5.7e-14
R800,PRIMARY,,900,HAM,LOCAL,ISO_z4,PRIMARY,RECON_CAP,0.785398,0,13.5581,1.09385,1.83754,0.0225852,,0,8,5.7e-14
R800,PRIMARY,,900,HAM,LOCAL,ISO_z8,PRIMARY,RECON_CAP,0.785398,0,13.5581,0.519124,3.87191,4.79026e-05,,0,8,5.7e-14
R1000,PRIMARY,,900,HAM,LOCAL,BRI,BOUNDARY,RECON_CAP YUAN_STRONG_REDUCTION,0.907953,0,13.5581,2.30487,0.0196974,12.3101,0.00368803,0,6,-5.9e-11
R1000,PRIMARY,,900,HAM,LOCAL,ISO_z2,BOUNDARY,RECON_CAP YUAN_STRONG_REDUCTION,0.907953,0,13.5581,1.58783,0.0285926,0.104298,,0,6,-5.9e-11
R1000,PRIMARY,,900,HAM,LOCAL,ISO_z4,BOUNDARY,RECON_CAP YUAN_STRONG_REDUCTION,0.907953,0,13.5581,1.09385,0.0415047,0.000883676,,0,6,-5.9e-11
R1000,PRIMARY,,900,HAM,LOCAL,ISO_z8,BOUNDARY,RECON_CAP YUAN_STRONG_REDUCTION,0.907953,0,13.5581,0.519124,0.087455,6.34344e-08,,0,6,-5.9e-11
R600,inventory,R600 94.6,900,HAM,LOCAL,BRI,SENSITIVITY,RECON_CAP,0.642477,0,13.5581,2.30487,1.70075,8.71074,0.450019,0,9,9.9e-14
R600,inventory,R600 94.6,900,HAM,LOCAL,ISO_z2,SENSITIVITY,RECON_CAP,0.642477,0,13.5581,1.58783,2.46879,1.11343,3.52064,0,9,9.9e-14
R600,inventory,R600 94.6,900,HAM,LOCAL,ISO_z4,SENSITIVITY,RECON_CAP,0.642477,0,13.5581,1.09385,3.58366,0.142322,27.5431,0,9,9.9e-14
R600,inventory,R600 94.6,900,HAM,LOCAL,ISO_z8,SENSITIVITY,RECON_CAP,0.642477,0,13.5581,0.519124,7.55118,0.00232537,,0,9,9.9e-14
A600,basal,alpha 1,900,HAM,LOCAL,BRI+BASAL,SENSITIVITY,RECON_CAP,0.187991,0,13.5581,2.30487,0.980532,2.54879,0.886695,0,11,-1.6e-14
R500,basal,alpha 1,900,HAM,LOCAL,BRI+BASAL,SENSITIVITY,RECON_CAP,0.399737,0,13.5581,2.30487,1.63567,5.41966,0.695616,0,10,-1.4e-14
R600,basal,alpha 1,900,HAM,LOCAL,BRI+BASAL,SENSITIVITY,RECON_CAP,0.640962,0,13.5581,2.30487,1.70075,8.6902,0.451083,0,9,4.3e-14
R800,basal,alpha 1,900,HAM,LOCAL,BRI+BASAL,SENSITIVITY,RECON_CAP,0.785398,0,13.5581,2.30487,0.872066,10.6485,0.188759,0,8,5.7e-14
R1000,basal,alpha 1,900,HAM,LOCAL,BRI+BASAL,BOUNDARY,RECON_CAP YUAN_STRONG_REDUCTION,0.907953,0,13.5581,2.30487,0.0196974,12.3101,0.00368803,0,6,-5.9e-11
A600,PRIMARY,,900,LI_SBR1,NEUTRAL,BRI,PRIMARY,RECON_CAP,0.974982,0,13.5581,2.30487,0.980532,13.2189,0.170968,0,14,-4.5e-13
A600,PRIMARY,,900,LI_SBR1,NEUTRAL,ISO_z2,PRIMARY,RECON_CAP,0.974982,0,13.5581,1.58783,1.42333,0.00827368,,0,14,-4.5e-13
A600,PRIMARY,,900,LI_SBR1,NEUTRAL,ISO_z4,PRIMARY,RECON_CAP,0.974982,0,13.5581,1.09385,2.06609,5.17849e-06,,0,14,-4.5e-13
A600,PRIMARY,,900,LI_SBR1,NEUTRAL,ISO_z8,PRIMARY,RECON_CAP,0.974982,0,13.5581,0.519124,4.35349,2.02868e-12,,0,14,-4.5e-13
R500,PRIMARY,,900,LI_SBR1,NEUTRAL,BRI,PRIMARY,RECON_CAP,0.99994,0,13.5581,2.30487,1.63567,13.5573,0.27808,0,12,-7.1e-15
R500,PRIMARY,,900,LI_SBR1,NEUTRAL,ISO_z2,PRIMARY,RECON_CAP,0.99994,0,13.5581,1.58783,2.37432,4.80665e-08,,0,12,-7.1e-15
R500,PRIMARY,,900,LI_SBR1,NEUTRAL,ISO_z4,PRIMARY,RECON_CAP,0.99994,0,13.5581,1.09385,3.44653,1.70417e-16,,0,12,-7.1e-15
R500,PRIMARY,,900,LI_SBR1,NEUTRAL,ISO_z8,PRIMARY,RECON_CAP,0.99994,0,13.5581,0.519124,7.26223,2.14217e-33,,0,12,-7.1e-15
R600,PRIMARY,,900,LI_SBR1,NEUTRAL,BRI,PRIMARY,RECON_CAP,0.99999,0,13.5581,2.30487,1.70075,13.5579,0.28913,0,10,3.7e-11
R600,PRIMARY,,900,LI_SBR1,NEUTRAL,ISO_z2,PRIMARY,RECON_CAP,0.99999,0,13.5581,1.58783,2.46879,1.40753e-09,,0,10,3.7e-11
R600,PRIMARY,,900,LI_SBR1,NEUTRAL,ISO_z4,PRIMARY,RECON_CAP,0.99999,0,13.5581,1.09385,3.58366,1.46125e-19,,0,10,3.7e-11
R600,PRIMARY,,900,LI_SBR1,NEUTRAL,ISO_z8,PRIMARY,RECON_CAP,0.99999,0,13.5581,0.519124,7.55118,1.57491e-39,,0,10,3.7e-11
R800,PRIMARY,,900,LI_SBR1,NEUTRAL,BRI,PRIMARY,RECON_CAP,0.999996,0,13.5581,2.30487,0.872066,13.558,0.148252,0,10,-2.8e-14
R800,PRIMARY,,900,LI_SBR1,NEUTRAL,ISO_z2,PRIMARY,RECON_CAP,0.999996,0,13.5581,1.58783,1.26588,2.28742e-10,,0,10,-2.8e-14
R800,PRIMARY,,900,LI_SBR1,NEUTRAL,ISO_z4,PRIMARY,RECON_CAP,0.999996,0,13.5581,1.09385,1.83754,3.85919e-21,,0,10,-2.8e-14
R800,PRIMARY,,900,LI_SBR1,NEUTRAL,ISO_z8,PRIMARY,RECON_CAP,0.999996,0,13.5581,0.519124,3.87191,1.09849e-42,,0,10,-2.8e-14
R1000,PRIMARY,,900,LI_SBR1,NEUTRAL,BRI,BOUNDARY,RECON_CAP YUAN_STRONG_REDUCTION,0.999999,0,13.5581,2.30487,0.0196974,13.558,0.00334856,0,8,1.1e-13
R1000,PRIMARY,,900,LI_SBR1,NEUTRAL,ISO_z2,BOUNDARY,RECON_CAP YUAN_STRONG_REDUCTION,0.999999,0,13.5581,1.58783,0.0285926,1.05828e-11,,0,8,1.1e-13
R1000,PRIMARY,,900,LI_SBR1,NEUTRAL,ISO_z4,BOUNDARY,RECON_CAP YUAN_STRONG_REDUCTION,0.999999,0,13.5581,1.09385,0.0415047,8.26053e-24,,0,8,1.1e-13
R1000,PRIMARY,,900,LI_SBR1,NEUTRAL,ISO_z8,BOUNDARY,RECON_CAP YUAN_STRONG_REDUCTION,0.999999,0,13.5581,0.519124,0.087455,5.03291e-48,,0,8,1.1e-13
R600,inventory,R600 94.6,900,LI_SBR1,NEUTRAL,BRI,SENSITIVITY,RECON_CAP,0.99999,0,13.5581,2.30487,1.70075,13.5579,0.28913,0,10,3.1e-11
R600,inventory,R600 94.6,900,LI_SBR1,NEUTRAL,ISO_z2,SENSITIVITY,RECON_CAP,0.99999,0,13.5581,1.58783,2.46879,1.3828e-09,,0,10,3.1e-11
R600,inventory,R600 94.6,900,LI_SBR1,NEUTRAL,ISO_z4,SENSITIVITY,RECON_CAP,0.99999,0,13.5581,1.09385,3.58366,1.41035e-19,,0,10,3.1e-11
R600,inventory,R600 94.6,900,LI_SBR1,NEUTRAL,ISO_z8,SENSITIVITY,RECON_CAP,0.99999,0,13.5581,0.519124,7.55118,1.4671e-39,,0,10,3.1e-11
A600,basal,alpha 1,900,LI_SBR1,NEUTRAL,BRI+BASAL,SENSITIVITY,RECON_CAP,0.974982,0,13.5581,2.3049,0.98052,13.2189,0.170967,0,14,-4.5e-13
R500,basal,alpha 1,900,LI_SBR1,NEUTRAL,BRI+BASAL,SENSITIVITY,RECON_CAP,0.99994,0,13.5581,2.31736,1.62685,13.5697,0.277824,0,12,-7.1e-15
R600,basal,alpha 1,900,LI_SBR1,NEUTRAL,BRI+BASAL,SENSITIVITY,RECON_CAP,0.99999,0,13.5581,2.37772,1.64864,13.6308,0.287585,0,10,3.7e-11
R800,basal,alpha 1,900,LI_SBR1,NEUTRAL,BRI+BASAL,SENSITIVITY,RECON_CAP,0.999996,0,13.5581,2.48486,0.808897,13.738,0.14631,0,10,-2.8e-14
R1000,basal,alpha 1,900,LI_SBR1,NEUTRAL,BRI+BASAL,BOUNDARY,RECON_CAP YUAN_STRONG_REDUCTION,0.999999,0,13.5581,3.12189,0.0145425,14.3751,0.00315825,0,8,1.1e-13
A600,PRIMARY,,900,LI_SBR1,LOCAL,BRI,PRIMARY,RECON_CAP,0.251322,0,13.5581,2.30487,0.980532,3.40744,0.663255,0,11,8.9e-15
A600,PRIMARY,,900,LI_SBR1,LOCAL,ISO_z2,PRIMARY,RECON_CAP,0.251322,0,13.5581,1.58783,1.42333,1.90993,1.18329,0,11,8.9e-15
A600,PRIMARY,,900,LI_SBR1,LOCAL,ISO_z4,PRIMARY,RECON_CAP,0.251322,0,13.5581,1.09385,2.06609,1.07055,2.11106,0,11,8.9e-15
A600,PRIMARY,,900,LI_SBR1,LOCAL,ISO_z8,PRIMARY,RECON_CAP,0.251322,0,13.5581,0.519124,4.35349,0.336348,6.71922,0,11,8.9e-15
R500,PRIMARY,,900,LI_SBR1,LOCAL,BRI,PRIMARY,RECON_CAP,0.50151,0,13.5581,2.30487,1.63567,6.79951,0.554452,0,10,-1.4e-14
R500,PRIMARY,,900,LI_SBR1,LOCAL,ISO_z2,PRIMARY,RECON_CAP,0.50151,0,13.5581,1.58783,2.37432,1.68962,2.23127,0,10,-1.4e-14
R500,PRIMARY,,900,LI_SBR1,LOCAL,ISO_z4,PRIMARY,RECON_CAP,0.50151,0,13.5581,1.09385,3.44653,0.419858,8.97923,0,10,-1.4e-14
R500,PRIMARY,,900,LI_SBR1,LOCAL,ISO_z8,PRIMARY,RECON_CAP,0.50151,0,13.5581,0.519124,7.26223,0.0259255,,0,10,-1.4e-14
R600,PRIMARY,,900,LI_SBR1,LOCAL,BRI,PRIMARY,RECON_CAP,0.738259,0,13.5581,2.30487,1.70075,10.0094,0.391633,0,9,9.9e-14
R600,PRIMARY,,900,LI_SBR1,LOCAL,ISO_z2,PRIMARY,RECON_CAP,0.738259,0,13.5581,1.58783,2.46879,0.685726,5.71657,0,9,9.9e-14
R600,PRIMARY,,900,LI_SBR1,LOCAL,ISO_z4,PRIMARY,RECON_CAP,0.738259,0,13.5581,1.09385,3.58366,0.046978,,0,9,9.9e-14
R600,PRIMARY,,900,LI_SBR1,LOCAL,ISO_z8,PRIMARY,RECON_CAP,0.738259,0,13.5581,0.519124,7.55118,0.000220487,,0,9,9.9e-14
R800,PRIMARY,,900,LI_SBR1,LOCAL,BRI,PRIMARY,RECON_CAP,0.859172,0,13.5581,2.30487,0.872066,11.6487,0.172551,0,8,0.0e+00
R800,PRIMARY,,900,LI_SBR1,LOCAL,ISO_z2,PRIMARY,RECON_CAP,0.859172,0,13.5581,1.58783,1.26588,0.231022,8.70046,0,8,0.0e+00
R800,PRIMARY,,900,LI_SBR1,LOCAL,ISO_z4,PRIMARY,RECON_CAP,0.859172,0,13.5581,1.09385,1.83754,0.00458173,,0,8,0.0e+00
R800,PRIMARY,,900,LI_SBR1,LOCAL,ISO_z8,PRIMARY,RECON_CAP,0.859172,0,13.5581,0.519124,3.87191,1.80211e-06,,0,8,0.0e+00
R1000,PRIMARY,,900,LI_SBR1,LOCAL,BRI,BOUNDARY,RECON_CAP YUAN_STRONG_REDUCTION,0.959152,0,13.5581,2.30487,0.0196974,13.0042,0.00349117,0,6,-6.2e-11
R1000,PRIMARY,,900,LI_SBR1,LOCAL,ISO_z2,BOUNDARY,RECON_CAP YUAN_STRONG_REDUCTION,0.959152,0,13.5581,1.58783,0.0285926,0.0216983,,0,6,-6.2e-11
R1000,PRIMARY,,900,LI_SBR1,LOCAL,ISO_z4,BOUNDARY,RECON_CAP YUAN_STRONG_REDUCTION,0.959152,0,13.5581,1.09385,0.0415047,3.62048e-05,,0,6,-6.2e-11
R1000,PRIMARY,,900,LI_SBR1,LOCAL,ISO_z8,BOUNDARY,RECON_CAP YUAN_STRONG_REDUCTION,0.959152,0,13.5581,0.519124,0.087455,1.00797e-10,,0,6,-6.2e-11
R600,inventory,R600 94.6,900,LI_SBR1,LOCAL,BRI,SENSITIVITY,RECON_CAP,0.739595,0,13.5581,2.30487,1.70075,10.0275,0.390926,0,9,1.3e-13
R600,inventory,R600 94.6,900,LI_SBR1,LOCAL,ISO_z2,SENSITIVITY,RECON_CAP,0.739595,0,13.5581,1.58783,2.46879,0.67997,5.76496,0,9,1.3e-13
R600,inventory,R600 94.6,900,LI_SBR1,LOCAL,ISO_z4,SENSITIVITY,RECON_CAP,0.739595,0,13.5581,1.09385,3.58366,0.0461092,,0,9,1.3e-13
R600,inventory,R600 94.6,900,LI_SBR1,LOCAL,ISO_z8,SENSITIVITY,RECON_CAP,0.739595,0,13.5581,0.519124,7.55118,0.000212023,,0,9,1.3e-13
A600,basal,alpha 1,900,LI_SBR1,LOCAL,BRI+BASAL,SENSITIVITY,RECON_CAP,0.251322,0,13.5581,2.30487,0.980532,3.40744,0.663255,0,11,8.9e-15
R500,basal,alpha 1,900,LI_SBR1,LOCAL,BRI+BASAL,SENSITIVITY,RECON_CAP,0.50151,0,13.5581,2.30487,1.63567,6.79951,0.554452,0,10,-1.4e-14
R600,basal,alpha 1,900,LI_SBR1,LOCAL,BRI+BASAL,SENSITIVITY,RECON_CAP,0.738259,0,13.5581,2.30487,1.70074,10.0094,0.391633,0,9,9.9e-14
R800,basal,alpha 1,900,LI_SBR1,LOCAL,BRI+BASAL,SENSITIVITY,RECON_CAP,0.859172,0,13.5581,2.30488,0.872065,11.6487,0.172551,0,8,0.0e+00
R1000,basal,alpha 1,900,LI_SBR1,LOCAL,BRI+BASAL,BOUNDARY,RECON_CAP YUAN_STRONG_REDUCTION,0.959152,0,13.5581,2.30489,0.0196973,13.0043,0.00349116,0,6,-6.2e-11
A600,PRIMARY,,900,LI_L2,NEUTRAL,BRI,PRIMARY,RECON_CAP,0.956611,0,13.5581,2.30487,0.980532,12.9698,0.174251,0,13,-1.8e-15
A600,PRIMARY,,900,LI_L2,NEUTRAL,ISO_z2,PRIMARY,RECON_CAP,0.956611,0,13.5581,1.58783,1.42333,0.0244174,,0,13,-1.8e-15
A600,PRIMARY,,900,LI_L2,NEUTRAL,ISO_z4,PRIMARY,RECON_CAP,0.956611,0,13.5581,1.09385,2.06609,4.5969e-05,,0,13,-1.8e-15
A600,PRIMARY,,900,LI_L2,NEUTRAL,ISO_z8,PRIMARY,RECON_CAP,0.956611,0,13.5581,0.519124,4.35349,1.62928e-10,,0,13,-1.8e-15
R500,PRIMARY,,900,LI_L2,NEUTRAL,BRI,PRIMARY,RECON_CAP,0.99943,0,13.5581,2.30487,1.63567,13.5503,0.278222,0,11,-1.4e-14
R500,PRIMARY,,900,LI_L2,NEUTRAL,ISO_z2,PRIMARY,RECON_CAP,0.99943,0,13.5581,1.58783,2.37432,4.39505e-06,,0,11,-1.4e-14
R500,PRIMARY,,900,LI_L2,NEUTRAL,ISO_z4,PRIMARY,RECON_CAP,0.99943,0,13.5581,1.09385,3.44653,1.42553e-12,,0,11,-1.4e-14
R500,PRIMARY,,900,LI_L2,NEUTRAL,ISO_z8,PRIMARY,RECON_CAP,0.99943,0,13.5581,0.519124,7.26223,1.4997e-25,,0,11,-1.4e-14
R600,PRIMARY,,900,LI_L2,NEUTRAL,BRI,PRIMARY,RECON_CAP,0.999977,0,13.5581,2.30487,1.70075,13.5577,0.289134,0,11,0.0e+00
R600,PRIMARY,,900,LI_L2,NEUTRAL,ISO_z2,PRIMARY,RECON_CAP,0.999977,0,13.5581,1.58783,2.46879,7.385e-09,,0,11,0.0e+00
R600,PRIMARY,,900,LI_L2,NEUTRAL,ISO_z4,PRIMARY,RECON_CAP,0.999977,0,13.5581,1.09385,3.58366,4.02266e-18,,0,11,0.0e+00
R600,PRIMARY,,900,LI_L2,NEUTRAL,ISO_z8,PRIMARY,RECON_CAP,0.999977,0,13.5581,0.519124,7.55118,1.19354e-36,,0,11,0.0e+00
R800,PRIMARY,,900,LI_L2,NEUTRAL,BRI,PRIMARY,RECON_CAP,0.999995,0,13.5581,2.30487,0.872066,13.558,0.148252,0,10,-2.8e-14
R800,PRIMARY,,900,LI_L2,NEUTRAL,ISO_z2,PRIMARY,RECON_CAP,0.999995,0,13.5581,1.58783,1.26588,3.96709e-10,,0,10,-2.8e-14
R800,PRIMARY,,900,LI_L2,NEUTRAL,ISO_z4,PRIMARY,RECON_CAP,0.999995,0,13.5581,1.09385,1.83754,1.16078e-20,,0,10,-2.8e-14
R800,PRIMARY,,900,LI_L2,NEUTRAL,ISO_z8,PRIMARY,RECON_CAP,0.999995,0,13.5581,0.519124,3.87191,9.93807e-42,,0,10,-2.8e-14
R1000,PRIMARY,,900,LI_L2,NEUTRAL,BRI,BOUNDARY,RECON_CAP YUAN_STRONG_REDUCTION,0.999999,0,13.5581,2.30487,0.0196974,13.558,0.00334856,0,8,2.3e-13
R1000,PRIMARY,,900,LI_L2,NEUTRAL,ISO_z2,BOUNDARY,RECON_CAP YUAN_STRONG_REDUCTION,0.999999,0,13.5581,1.58783,0.0285926,1.18175e-11,,0,8,2.3e-13
R1000,PRIMARY,,900,LI_L2,NEUTRAL,ISO_z4,BOUNDARY,RECON_CAP YUAN_STRONG_REDUCTION,0.999999,0,13.5581,1.09385,0.0415047,1.03003e-23,,0,8,2.3e-13
R1000,PRIMARY,,900,LI_L2,NEUTRAL,ISO_z8,BOUNDARY,RECON_CAP YUAN_STRONG_REDUCTION,0.999999,0,13.5581,0.519124,0.087455,7.82539e-48,,0,8,2.3e-13
R600,inventory,R600 94.6,900,LI_L2,NEUTRAL,BRI,SENSITIVITY,RECON_CAP,0.999977,0,13.5581,2.30487,1.70075,13.5578,0.289133,0,11,1.4e-14
R600,inventory,R600 94.6,900,LI_L2,NEUTRAL,ISO_z2,SENSITIVITY,RECON_CAP,0.999977,0,13.5581,1.58783,2.46879,7.11673e-09,,0,11,1.4e-14
R600,inventory,R600 94.6,900,LI_L2,NEUTRAL,ISO_z4,SENSITIVITY,RECON_CAP,0.999977,0,13.5581,1.09385,3.58366,3.73571e-18,,0,11,1.4e-14
R600,inventory,R600 94.6,900,LI_L2,NEUTRAL,ISO_z8,SENSITIVITY,RECON_CAP,0.999977,0,13.5581,0.519124,7.55118,1.02934e-36,,0,11,1.4e-14
A600,basal,alpha 1,900,LI_L2,NEUTRAL,BRI+BASAL,SENSITIVITY,RECON_CAP,0.956611,0,13.5581,2.30489,0.980525,12.9698,0.174251,0,13,-1.8e-15
R500,basal,alpha 1,900,LI_L2,NEUTRAL,BRI+BASAL,SENSITIVITY,RECON_CAP,0.99943,0,13.5581,2.30618,1.63474,13.5516,0.278195,0,11,-1.4e-14
R600,basal,alpha 1,900,LI_L2,NEUTRAL,BRI+BASAL,SENSITIVITY,RECON_CAP,0.999977,0,13.5581,2.33672,1.67756,13.5896,0.288456,0,11,0.0e+00
R800,basal,alpha 1,900,LI_L2,NEUTRAL,BRI+BASAL,SENSITIVITY,RECON_CAP,0.999995,0,13.5581,2.44177,0.823175,13.6949,0.14677,0,10,-2.8e-14
R1000,basal,alpha 1,900,LI_L2,NEUTRAL,BRI+BASAL,BOUNDARY,RECON_CAP YUAN_STRONG_REDUCTION,0.999999,0,13.5581,3.07928,0.0147437,14.3325,0.00316763,0,8,2.3e-13
A600,PRIMARY,,900,LI_L2,LOCAL,BRI,PRIMARY,RECON_CAP,0.244276,0,13.5581,2.30487,0.980532,3.31191,0.682386,0,11,-1.8e-15
A600,PRIMARY,,900,LI_L2,LOCAL,ISO_z2,PRIMARY,RECON_CAP,0.244276,0,13.5581,1.58783,1.42333,1.89149,1.19482,0,11,-1.8e-15
A600,PRIMARY,,900,LI_L2,LOCAL,ISO_z4,PRIMARY,RECON_CAP,0.244276,0,13.5581,1.09385,2.06609,1.08027,2.09207,0,11,-1.8e-15
A600,PRIMARY,,900,LI_L2,LOCAL,ISO_z8,PRIMARY,RECON_CAP,0.244276,0,13.5581,0.519124,4.35349,0.352358,6.41393,0,11,-1.8e-15
R500,PRIMARY,,900,LI_L2,LOCAL,BRI,PRIMARY,RECON_CAP,0.491552,0,13.5581,2.30487,1.63567,6.66449,0.565684,0,10,-5.0e-14
R500,PRIMARY,,900,LI_L2,LOCAL,ISO_z2,PRIMARY,RECON_CAP,0.491552,0,13.5581,1.58783,2.37432,1.7229,2.18817,0,10,-5.0e-14
R500,PRIMARY,,900,LI_L2,LOCAL,ISO_z4,PRIMARY,RECON_CAP,0.491552,0,13.5581,1.09385,3.44653,0.445403,8.46424,0,10,-5.0e-14
R500,PRIMARY,,900,LI_L2,LOCAL,ISO_z8,PRIMARY,RECON_CAP,0.491552,0,13.5581,0.519124,7.26223,0.0297673,,0,10,-5.0e-14
R600,PRIMARY,,900,LI_L2,LOCAL,BRI,PRIMARY,RECON_CAP,0.731445,0,13.5581,2.30487,1.70075,9.91697,0.395282,0,9,-1.4e-14
R600,PRIMARY,,900,LI_L2,LOCAL,ISO_z2,PRIMARY,RECON_CAP,0.731445,0,13.5581,1.58783,2.46879,0.715232,5.48074,0,9,-1.4e-14
R600,PRIMARY,,900,LI_L2,LOCAL,ISO_z4,PRIMARY,RECON_CAP,0.731445,0,13.5581,1.09385,3.58366,0.0515839,,0,9,-1.4e-14
R600,PRIMARY,,900,LI_L2,LOCAL,ISO_z8,PRIMARY,RECON_CAP,0.731445,0,13.5581,0.519124,7.55118,0.000268318,,0,9,-1.4e-14
R800,PRIMARY,,900,LI_L2,LOCAL,BRI,PRIMARY,RECON_CAP,0.856862,0,13.5581,2.30487,0.872066,11.6174,0.173016,0,8,8.5e-14
R800,PRIMARY,,900,LI_L2,LOCAL,ISO_z2,PRIMARY,RECON_CAP,0.856862,0,13.5581,1.58783,1.26588,0.238022,8.44459,0,8,8.5e-14
R800,PRIMARY,,900,LI_L2,LOCAL,ISO_z4,PRIMARY,RECON_CAP,0.856862,0,13.5581,1.09385,1.83754,0.0048767,,0,8,8.5e-14
R800,PRIMARY,,900,LI_L2,LOCAL,ISO_z8,PRIMARY,RECON_CAP,0.856862,0,13.5581,0.519124,3.87191,2.04712e-06,,0,8,8.5e-14
R1000,PRIMARY,,900,LI_L2,LOCAL,BRI,BOUNDARY,RECON_CAP YUAN_STRONG_REDUCTION,0.965049,0,13.5581,2.30487,0.0196974,13.0842,0.00346984,0,6,-8.9e-11
R1000,PRIMARY,,900,LI_L2,LOCAL,ISO_z2,BOUNDARY,RECON_CAP YUAN_STRONG_REDUCTION,0.965049,0,13.5581,1.58783,0.0285926,0.0159834,,0,6,-8.9e-11
R1000,PRIMARY,,900,LI_L2,LOCAL,ISO_z4,BOUNDARY,RECON_CAP YUAN_STRONG_REDUCTION,0.965049,0,13.5581,1.09385,0.0415047,1.9525e-05,,0,6,-8.9e-11
R1000,PRIMARY,,900,LI_L2,LOCAL,ISO_z8,BOUNDARY,RECON_CAP YUAN_STRONG_REDUCTION,0.965049,0,13.5581,0.519124,0.087455,2.91365e-11,,0,6,-8.9e-11
R600,inventory,R600 94.6,900,LI_L2,LOCAL,BRI,SENSITIVITY,RECON_CAP,0.732819,0,13.5581,2.30487,1.70075,9.9356,0.394541,0,9,0.0e+00
R600,inventory,R600 94.6,900,LI_L2,LOCAL,ISO_z2,SENSITIVITY,RECON_CAP,0.732819,0,13.5581,1.58783,2.46879,0.709261,5.52688,0,9,0.0e+00
R600,inventory,R600 94.6,900,LI_L2,LOCAL,ISO_z4,SENSITIVITY,RECON_CAP,0.732819,0,13.5581,1.09385,3.58366,0.0506312,,0,9,0.0e+00
R600,inventory,R600 94.6,900,LI_L2,LOCAL,ISO_z8,SENSITIVITY,RECON_CAP,0.732819,0,13.5581,0.519124,7.55118,0.000258013,,0,9,0.0e+00
A600,basal,alpha 1,900,LI_L2,LOCAL,BRI+BASAL,SENSITIVITY,RECON_CAP,0.244276,0,13.5581,2.30487,0.980532,3.31191,0.682386,0,11,-1.8e-15
R500,basal,alpha 1,900,LI_L2,LOCAL,BRI+BASAL,SENSITIVITY,RECON_CAP,0.491552,0,13.5581,2.30487,1.63567,6.66449,0.565684,0,10,-5.0e-14
R600,basal,alpha 1,900,LI_L2,LOCAL,BRI+BASAL,SENSITIVITY,RECON_CAP,0.731445,0,13.5581,2.30487,1.70074,9.91697,0.395282,0,9,-1.4e-14
R800,basal,alpha 1,900,LI_L2,LOCAL,BRI+BASAL,SENSITIVITY,RECON_CAP,0.856862,0,13.5581,2.30487,0.872065,11.6174,0.173016,0,8,8.5e-14
R1000,basal,alpha 1,900,LI_L2,LOCAL,BRI+BASAL,BOUNDARY,RECON_CAP YUAN_STRONG_REDUCTION,0.965049,0,13.5581,2.30489,0.0196972,13.0842,0.00346983,0,6,-8.9e-11
A600,PRIMARY,,900,LI_CONT xi 0.5,NEUTRAL,BRI,PRIMARY,RECON_CAP,0.917411,0,13.5581,2.30487,0.980532,12.4383,0.181697,0,12,0.0e+00
A600,PRIMARY,,900,LI_CONT xi 0.5,NEUTRAL,ISO_z2,PRIMARY,RECON_CAP,0.917411,0,13.5581,1.58783,1.42333,0.0848417,,0,12,0.0e+00
A600,PRIMARY,,900,LI_CONT xi 0.5,NEUTRAL,ISO_z4,PRIMARY,RECON_CAP,0.917411,0,13.5581,1.09385,2.06609,0.000578705,,0,12,0.0e+00
A600,PRIMARY,,900,LI_CONT xi 0.5,NEUTRAL,ISO_z8,PRIMARY,RECON_CAP,0.917411,0,13.5581,0.519124,4.35349,2.69248e-08,,0,12,0.0e+00
R500,PRIMARY,,900,LI_CONT xi 0.5,NEUTRAL,BRI,PRIMARY,RECON_CAP,0.997587,0,13.5581,2.30487,1.63567,13.5253,0.278736,0,12,-1.4e-14
R500,PRIMARY,,900,LI_CONT xi 0.5,NEUTRAL,ISO_z2,PRIMARY,RECON_CAP,0.997587,0,13.5581,1.58783,2.37432,7.87725e-05,,0,12,-1.4e-14
R500,PRIMARY,,900,LI_CONT xi 0.5,NEUTRAL,ISO_z4,PRIMARY,RECON_CAP,0.997587,0,13.5581,1.09385,3.44653,4.58776e-10,,0,12,-1.4e-14
R500,PRIMARY,,900,LI_CONT xi 0.5,NEUTRAL,ISO_z8,PRIMARY,RECON_CAP,0.997587,0,13.5581,0.519124,7.26223,1.55616e-20,,0,12,-1.4e-14
R600,PRIMARY,,900,LI_CONT xi 0.5,NEUTRAL,BRI,PRIMARY,RECON_CAP,0.999962,0,13.5581,2.30487,1.70075,13.5575,0.289138,0,11,0.0e+00
R600,PRIMARY,,900,LI_CONT xi 0.5,NEUTRAL,ISO_z2,PRIMARY,RECON_CAP,0.999962,0,13.5581,1.58783,2.46879,1.99047e-08,,0,11,0.0e+00
R600,PRIMARY,,900,LI_CONT xi 0.5,NEUTRAL,ISO_z4,PRIMARY,RECON_CAP,0.999962,0,13.5581,1.09385,3.58366,2.92233e-17,,0,11,0.0e+00
R600,PRIMARY,,900,LI_CONT xi 0.5,NEUTRAL,ISO_z8,PRIMARY,RECON_CAP,0.999962,0,13.5581,0.519124,7.55118,6.29909e-35,,0,11,0.0e+00
R800,PRIMARY,,900,LI_CONT xi 0.5,NEUTRAL,BRI,PRIMARY,RECON_CAP,0.999993,0,13.5581,2.30487,0.872066,13.558,0.148252,0,10,2.8e-14
R800,PRIMARY,,900,LI_CONT xi 0.5,NEUTRAL,ISO_z2,PRIMARY,RECON_CAP,0.999993,0,13.5581,1.58783,1.26588,7.23684e-10,,0,10,2.8e-14
R800,PRIMARY,,900,LI_CONT xi 0.5,NEUTRAL,ISO_z4,PRIMARY,RECON_CAP,0.999993,0,13.5581,1.09385,1.83754,3.86281e-20,,0,10,2.8e-14
R800,PRIMARY,,900,LI_CONT xi 0.5,NEUTRAL,ISO_z8,PRIMARY,RECON_CAP,0.999993,0,13.5581,0.519124,3.87191,1.10056e-40,,0,10,2.8e-14
R1000,PRIMARY,,900,LI_CONT xi 0.5,NEUTRAL,BRI,BOUNDARY,RECON_CAP YUAN_STRONG_REDUCTION,0.999999,0,13.5581,2.30487,0.0196974,13.558,0.00334856,0,8,1.1e-13
R1000,PRIMARY,,900,LI_CONT xi 0.5,NEUTRAL,ISO_z2,BOUNDARY,RECON_CAP YUAN_STRONG_REDUCTION,0.999999,0,13.5581,1.58783,0.0285926,1.45959e-11,,0,8,1.1e-13
R1000,PRIMARY,,900,LI_CONT xi 0.5,NEUTRAL,ISO_z4,BOUNDARY,RECON_CAP YUAN_STRONG_REDUCTION,0.999999,0,13.5581,1.09385,0.0415047,1.57132e-23,,0,8,1.1e-13
R1000,PRIMARY,,900,LI_CONT xi 0.5,NEUTRAL,ISO_z8,BOUNDARY,RECON_CAP YUAN_STRONG_REDUCTION,0.999999,0,13.5581,0.519124,0.087455,1.82109e-47,,0,8,1.1e-13
R600,inventory,R600 94.6,900,LI_CONT xi 0.5,NEUTRAL,BRI,SENSITIVITY,RECON_CAP,0.999962,0,13.5581,2.30487,1.70075,13.5576,0.289138,0,11,0.0e+00
R600,inventory,R600 94.6,900,LI_CONT xi 0.5,NEUTRAL,ISO_z2,SENSITIVITY,RECON_CAP,0.999962,0,13.5581,1.58783,2.46879,1.91345e-08,,0,11,0.0e+00
R600,inventory,R600 94.6,900,LI_CONT xi 0.5,NEUTRAL,ISO_z4,SENSITIVITY,RECON_CAP,0.999962,0,13.5581,1.09385,3.58366,2.70055e-17,,0,11,0.0e+00
R600,inventory,R600 94.6,900,LI_CONT xi 0.5,NEUTRAL,ISO_z8,SENSITIVITY,RECON_CAP,0.999962,0,13.5581,0.519124,7.55118,5.37927e-35,,0,11,0.0e+00
A600,PRIMARY,,900,LI_CONT xi 0.5,LOCAL,BRI,PRIMARY,,0.101318,0,13.5581,1.37368,1.64522,1.37368,1.64522,0,18,-9.0e-12
A600,PRIMARY,,900,LI_CONT xi 0.5,LOCAL,ISO_z2,PRIMARY,,0.101318,0,13.5581,1.10942,2.0371,1.10942,2.0371,0,18,-9.0e-12
A600,PRIMARY,,900,LI_CONT xi 0.5,LOCAL,ISO_z4,PRIMARY,,0.101318,0,13.5581,0.896001,2.52232,0.896001,2.52232,0,18,-9.0e-12
A600,PRIMARY,,900,LI_CONT xi 0.5,LOCAL,ISO_z8,PRIMARY,,0.101318,0,13.5581,0.58443,3.86701,0.58443,3.86701,0,18,-9.0e-12
R500,PRIMARY,,900,LI_CONT xi 0.5,LOCAL,BRI,PRIMARY,RECON_CAP,0.175922,0,13.5581,2.30487,1.63567,2.38516,1.58061,0,15,2.5e-11
R500,PRIMARY,,900,LI_CONT xi 0.5,LOCAL,ISO_z2,PRIMARY,RECON_CAP,0.175922,0,13.5581,1.58783,2.37432,1.61977,2.32749,0,15,2.5e-11
R500,PRIMARY,,900,LI_CONT xi 0.5,LOCAL,ISO_z4,PRIMARY,RECON_CAP,0.175922,0,13.5581,1.09385,3.44653,1.1,3.42729,0,15,2.5e-11
R500,PRIMARY,,900,LI_CONT xi 0.5,LOCAL,ISO_z8,PRIMARY,RECON_CAP,0.175922,0,13.5581,0.519124,7.26223,0.507299,7.43151,0,15,2.5e-11
R600,PRIMARY,,900,LI_CONT xi 0.5,LOCAL,BRI,PRIMARY,RECON_CAP,0.224856,0,13.5581,2.30487,1.70075,3.04861,1.28583,0,9,-2.8e-14
R600,PRIMARY,,900,LI_CONT xi 0.5,LOCAL,ISO_z2,PRIMARY,RECON_CAP,0.224856,0,13.5581,1.58783,2.46879,1.83175,2.14003,0,9,-2.8e-14
R600,PRIMARY,,900,LI_CONT xi 0.5,LOCAL,ISO_z4,PRIMARY,RECON_CAP,0.224856,0,13.5581,1.09385,3.58366,1.10061,3.56168,0,9,-2.8e-14
R600,PRIMARY,,900,LI_CONT xi 0.5,LOCAL,ISO_z8,PRIMARY,RECON_CAP,0.224856,0,13.5581,0.519124,7.55118,0.397338,9.86564,0,9,-2.8e-14
R800,PRIMARY,,900,LI_CONT xi 0.5,LOCAL,BRI,PRIMARY,RECON_CAP,0.241026,0,13.5581,2.30487,0.872066,3.26785,0.615084,0,8,0.0e+00
R800,PRIMARY,,900,LI_CONT xi 0.5,LOCAL,ISO_z2,PRIMARY,RECON_CAP,0.241026,0,13.5581,1.58783,1.26588,1.88242,1.06778,0,8,0.0e+00
R800,PRIMARY,,900,LI_CONT xi 0.5,LOCAL,ISO_z4,PRIMARY,RECON_CAP,0.241026,0,13.5581,1.09385,1.83754,1.08435,1.85365,0,8,0.0e+00
R800,PRIMARY,,900,LI_CONT xi 0.5,LOCAL,ISO_z8,PRIMARY,RECON_CAP,0.241026,0,13.5581,0.519124,3.87191,0.359812,5.58624,0,8,0.0e+00
R1000,PRIMARY,,900,LI_CONT xi 0.5,LOCAL,BRI,BOUNDARY,RECON_CAP YUAN_STRONG_REDUCTION,0.249025,0,13.5581,2.30487,0.0196974,3.37629,0.0134467,0,6,-7.3e-11
R1000,PRIMARY,,900,LI_CONT xi 0.5,LOCAL,ISO_z2,BOUNDARY,RECON_CAP YUAN_STRONG_REDUCTION,0.249025,0,13.5581,1.58783,0.0285926,1.90411,0.0238432,0,6,-7.3e-11
R1000,PRIMARY,,900,LI_CONT xi 0.5,LOCAL,ISO_z4,BOUNDARY,RECON_CAP YUAN_STRONG_REDUCTION,0.249025,0,13.5581,1.09385,0.0415047,1.07385,0.0422779,0,6,-7.3e-11
R1000,PRIMARY,,900,LI_CONT xi 0.5,LOCAL,ISO_z8,BOUNDARY,RECON_CAP YUAN_STRONG_REDUCTION,0.249025,0,13.5581,0.519124,0.087455,0.341543,0.132926,0,6,-7.3e-11
R600,inventory,R600 94.6,900,LI_CONT xi 0.5,LOCAL,BRI,SENSITIVITY,RECON_CAP,0.22507,0,13.5581,2.30487,1.70075,3.05151,1.28461,0,9,1.1e-13
R600,inventory,R600 94.6,900,LI_CONT xi 0.5,LOCAL,ISO_z2,SENSITIVITY,RECON_CAP,0.22507,0,13.5581,1.58783,2.46879,1.83248,2.13917,0,9,1.1e-13
R600,inventory,R600 94.6,900,LI_CONT xi 0.5,LOCAL,ISO_z4,SENSITIVITY,RECON_CAP,0.22507,0,13.5581,1.09385,3.58366,1.10044,3.56222,0,9,1.1e-13
R600,inventory,R600 94.6,900,LI_CONT xi 0.5,LOCAL,ISO_z8,SENSITIVITY,RECON_CAP,0.22507,0,13.5581,0.519124,7.55118,0.39684,9.87804,0,9,1.1e-13
A600,diameter,1250 nm,1250,PAB,NEUTRAL,BRI,SENSITIVITY,RECON_CAP,0.792332,0,9.7618,1.65951,1.36185,7.73459,0.292194,0,12,1.9e-12
A600,diameter,1250 nm,1250,PAB,NEUTRAL,ISO_z2,SENSITIVITY,RECON_CAP,0.792332,0,9.7618,1.14323,1.97685,0.333563,6.77534,0,12,1.9e-12
A600,diameter,1250 nm,1250,PAB,NEUTRAL,ISO_z4,SENSITIVITY,RECON_CAP,0.792332,0,9.7618,0.787574,2.86957,0.0143853,,0,12,1.9e-12
A600,diameter,1250 nm,1250,PAB,NEUTRAL,ISO_z8,SENSITIVITY,RECON_CAP,0.792332,0,9.7618,0.373769,6.04651,2.67546e-05,,0,12,1.9e-12
R500,diameter,1250 nm,1250,PAB,NEUTRAL,BRI,SENSITIVITY,RECON_CAP,0.972285,0,9.7618,1.65951,2.27176,9.49126,0.397208,0,12,-7.1e-15
R500,diameter,1250 nm,1250,PAB,NEUTRAL,ISO_z2,SENSITIVITY,RECON_CAP,0.972285,0,9.7618,1.14323,3.29766,0.0072903,,0,12,-7.1e-15
R500,diameter,1250 nm,1250,PAB,NEUTRAL,ISO_z4,SENSITIVITY,RECON_CAP,0.972285,0,9.7618,0.787574,4.78685,5.59972e-06,,0,12,-7.1e-15
R500,diameter,1250 nm,1250,PAB,NEUTRAL,ISO_z8,SENSITIVITY,RECON_CAP,0.972285,0,9.7618,0.373769,10.0864,3.30377e-12,,0,12,-7.1e-15
R600,diameter,1250 nm,1250,PAB,NEUTRAL,BRI,SENSITIVITY,RECON_CAP,0.992822,0,9.7618,1.65951,2.36215,9.69173,0.404468,0,10,3.9e-12
R600,diameter,1250 nm,1250,PAB,NEUTRAL,ISO_z2,SENSITIVITY,RECON_CAP,0.992822,0,9.7618,1.14323,3.42887,0.000499352,,0,10,3.9e-12
R600,diameter,1250 nm,1250,PAB,NEUTRAL,ISO_z4,SENSITIVITY,RECON_CAP,0.992822,0,9.7618,0.787574,4.97731,2.57284e-08,,0,10,3.9e-12
R600,diameter,1250 nm,1250,PAB,NEUTRAL,ISO_z8,SENSITIVITY,RECON_CAP,0.992822,0,9.7618,0.373769,10.4877,6.83005e-17,,0,10,3.9e-12
R800,diameter,1250 nm,1250,PAB,NEUTRAL,BRI,SENSITIVITY,RECON_CAP,0.996914,0,9.7618,1.65951,1.2112,9.73168,0.206542,0,10,0.0e+00
R800,diameter,1250 nm,1250,PAB,NEUTRAL,ISO_z2,SENSITIVITY,RECON_CAP,0.996914,0,9.7618,1.14323,1.75817,9.26628e-05,,0,10,0.0e+00
R800,diameter,1250 nm,1250,PAB,NEUTRAL,ISO_z4,SENSITIVITY,RECON_CAP,0.996914,0,9.7618,0.787574,2.55214,8.82314e-10,,0,10,0.0e+00
R800,diameter,1250 nm,1250,PAB,NEUTRAL,ISO_z8,SENSITIVITY,RECON_CAP,0.996914,0,9.7618,0.373769,5.37765,7.99942e-20,,0,10,0.0e+00
R1000,diameter,1250 nm,1250,PAB,NEUTRAL,BRI,BOUNDARY,RECON_CAP YUAN_STRONG_REDUCTION,0.999318,0,9.7618,1.65951,0.0273575,9.75515,0.00465395,0,8,-1.1e-13
R1000,diameter,1250 nm,1250,PAB,NEUTRAL,ISO_z2,BOUNDARY,RECON_CAP YUAN_STRONG_REDUCTION,0.999318,0,9.7618,1.14323,0.0397119,4.53709e-06,,0,8,-1.1e-13
R1000,diameter,1250 nm,1250,PAB,NEUTRAL,ISO_z4,BOUNDARY,RECON_CAP YUAN_STRONG_REDUCTION,0.999318,0,9.7618,0.787574,0.0576454,2.11019e-12,,0,8,-1.1e-13
R1000,diameter,1250 nm,1250,PAB,NEUTRAL,ISO_z8,BOUNDARY,RECON_CAP YUAN_STRONG_REDUCTION,0.999318,0,9.7618,0.373769,0.121465,4.56468e-25,,0,8,-1.1e-13
A600,diameter,1250 nm,1250,PAB,LOCAL,BRI,SENSITIVITY,,0.040861,0,9.7618,0.398877,5.6659,0.398877,5.6659,0,11,-5.3e-15
A600,diameter,1250 nm,1250,PAB,LOCAL,ISO_z2,SENSITIVITY,,0.040861,0,9.7618,0.366946,6.15894,0.366946,6.15894,0,11,-5.3e-15
A600,diameter,1250 nm,1250,PAB,LOCAL,ISO_z4,SENSITIVITY,,0.040861,0,9.7618,0.337571,6.69488,0.337571,6.69488,0,11,-5.3e-15
A600,diameter,1250 nm,1250,PAB,LOCAL,ISO_z8,SENSITIVITY,,0.040861,0,9.7618,0.285688,7.91074,0.285688,7.91074,0,11,-5.3e-15
R500,diameter,1250 nm,1250,PAB,LOCAL,BRI,SENSITIVITY,,0.103685,0,9.7618,1.01216,3.72472,1.01216,3.72472,0,10,1.4e-14
R500,diameter,1250 nm,1250,PAB,LOCAL,ISO_z2,SENSITIVITY,,0.103685,0,9.7618,0.813147,4.63631,0.813147,4.63631,0,10,1.4e-14
R500,diameter,1250 nm,1250,PAB,LOCAL,ISO_z4,SENSITIVITY,,0.103685,0,9.7618,0.653266,5.77101,0.653266,5.77101,0,10,1.4e-14
R500,diameter,1250 nm,1250,PAB,LOCAL,ISO_z8,SENSITIVITY,,0.103685,0,9.7618,0.42163,8.94149,0.42163,8.94149,0,10,1.4e-14
R600,diameter,1250 nm,1250,PAB,LOCAL,BRI,SENSITIVITY,RECON_CAP,0.223454,0,9.7618,1.65951,2.36215,2.18132,1.79708,0,9,-2.8e-14
R600,diameter,1250 nm,1250,PAB,LOCAL,ISO_z2,SENSITIVITY,RECON_CAP,0.223454,0,9.7618,1.14323,3.42887,1.31538,2.98012,0,9,-2.8e-14
R600,diameter,1250 nm,1250,PAB,LOCAL,ISO_z4,SENSITIVITY,RECON_CAP,0.223454,0,9.7618,0.787574,4.97731,0.793208,4.94196,0,9,-2.8e-14
R600,diameter,1250 nm,1250,PAB,LOCAL,ISO_z8,SENSITIVITY,RECON_CAP,0.223454,0,9.7618,0.373769,10.4877,0.28844,13.5904,0,9,-2.8e-14
R800,diameter,1250 nm,1250,PAB,LOCAL,BRI,SENSITIVITY,RECON_CAP,0.359573,0,9.7618,1.65951,1.2112,3.51009,0.572636,0,8,5.7e-14
R800,diameter,1250 nm,1250,PAB,LOCAL,ISO_z2,SENSITIVITY,RECON_CAP,0.359573,0,9.7618,1.14323,1.75817,1.43965,1.39617,0,8,5.7e-14
R800,diameter,1250 nm,1250,PAB,LOCAL,ISO_z4,SENSITIVITY,RECON_CAP,0.359573,0,9.7618,0.787574,2.55214,0.590466,3.40409,0,8,5.7e-14
R800,diameter,1250 nm,1250,PAB,LOCAL,ISO_z8,SENSITIVITY,RECON_CAP,0.359573,0,9.7618,0.373769,5.37765,0.0993281,20.236,0,8,5.7e-14
R1000,diameter,1250 nm,1250,PAB,LOCAL,BRI,BOUNDARY,RECON_CAP YUAN_STRONG_REDUCTION,0.614027,0,9.7618,1.65951,0.0273575,5.99401,0.00757423,0,6,-5.0e-11
R1000,diameter,1250 nm,1250,PAB,LOCAL,ISO_z2,BOUNDARY,RECON_CAP YUAN_STRONG_REDUCTION,0.614027,0,9.7618,1.14323,0.0397119,0.892959,0.0508422,0,6,-5.0e-11
R1000,diameter,1250 nm,1250,PAB,LOCAL,ISO_z4,BOUNDARY,RECON_CAP YUAN_STRONG_REDUCTION,0.614027,0,9.7618,0.787574,0.0576454,0.133029,0.34128,0,6,-5.0e-11
R1000,diameter,1250 nm,1250,PAB,LOCAL,ISO_z8,BOUNDARY,RECON_CAP YUAN_STRONG_REDUCTION,0.614027,0,9.7618,0.373769,0.121465,0.00295239,,0,6,-5.0e-11
A600,diameter,1250 nm,1250,HAM,NEUTRAL,BRI,SENSITIVITY,RECON_CAP,0.990145,0,9.7618,1.65951,1.36185,9.6656,0.233819,0,13,-5.3e-15
A600,diameter,1250 nm,1250,HAM,NEUTRAL,ISO_z2,SENSITIVITY,RECON_CAP,0.990145,0,9.7618,1.14323,1.97685,0.000938771,,0,13,-5.3e-15
A600,diameter,1250 nm,1250,HAM,NEUTRAL,ISO_z4,SENSITIVITY,RECON_CAP,0.990145,0,9.7618,0.787574,2.86957,9.11781e-08,,0,13,-5.3e-15
A600,diameter,1250 nm,1250,HAM,NEUTRAL,ISO_z8,SENSITIVITY,RECON_CAP,0.990145,0,9.7618,0.373769,6.04651,8.60107e-16,,0,13,-5.3e-15
R500,diameter,1250 nm,1250,HAM,NEUTRAL,BRI,SENSITIVITY,RECON_CAP,0.999848,0,9.7618,1.65951,2.27176,9.76032,0.386258,0,12,-2.1e-14
R500,diameter,1250 nm,1250,HAM,NEUTRAL,ISO_z2,SENSITIVITY,RECON_CAP,0.999848,0,9.7618,1.14323,3.29766,2.24791e-07,,0,12,-2.1e-14
R500,diameter,1250 nm,1250,HAM,NEUTRAL,ISO_z4,SENSITIVITY,RECON_CAP,0.999848,0,9.7618,0.787574,4.78685,5.1772e-15,,0,12,-2.1e-14
R500,diameter,1250 nm,1250,HAM,NEUTRAL,ISO_z8,SENSITIVITY,RECON_CAP,0.999848,0,9.7618,0.373769,10.0864,2.74616e-30,,0,12,-2.1e-14
R600,diameter,1250 nm,1250,HAM,NEUTRAL,BRI,SENSITIVITY,RECON_CAP,0.999964,0,9.7618,1.65951,2.36215,9.76146,0.401579,0,10,5.4e-12
R600,diameter,1250 nm,1250,HAM,NEUTRAL,ISO_z2,SENSITIVITY,RECON_CAP,0.999964,0,9.7618,1.14323,3.42887,1.24293e-08,,0,10,5.4e-12
R600,diameter,1250 nm,1250,HAM,NEUTRAL,ISO_z4,SENSITIVITY,RECON_CAP,0.999964,0,9.7618,0.787574,4.97731,1.58263e-17,,0,10,5.4e-12
R600,diameter,1250 nm,1250,HAM,NEUTRAL,ISO_z8,SENSITIVITY,RECON_CAP,0.999964,0,9.7618,0.373769,10.4877,2.56592e-35,,0,10,5.4e-12
R800,diameter,1250 nm,1250,HAM,NEUTRAL,BRI,SENSITIVITY,RECON_CAP,0.999985,0,9.7618,1.65951,1.2112,9.76166,0.205908,0,10,-2.8e-14
R800,diameter,1250 nm,1250,HAM,NEUTRAL,ISO_z2,SENSITIVITY,RECON_CAP,0.999985,0,9.7618,1.14323,1.75817,2.26333e-09,,0,10,-2.8e-14
R800,diameter,1250 nm,1250,HAM,NEUTRAL,ISO_z4,SENSITIVITY,RECON_CAP,0.999985,0,9.7618,0.787574,2.55214,5.24775e-19,,0,10,-2.8e-14
R800,diameter,1250 nm,1250,HAM,NEUTRAL,ISO_z8,SENSITIVITY,RECON_CAP,0.999985,0,9.7618,0.373769,5.37765,2.82112e-38,,0,10,-2.8e-14
R1000,diameter,1250 nm,1250,HAM,NEUTRAL,BRI,BOUNDARY,RECON_CAP YUAN_STRONG_REDUCTION,0.999997,0,9.7618,1.65951,0.0273575,9.76177,0.0046508,0,8,-1.1e-13
R1000,diameter,1250 nm,1250,HAM,NEUTRAL,ISO_z2,BOUNDARY,RECON_CAP YUAN_STRONG_REDUCTION,0.999997,0,9.7618,1.14323,0.0397119,1.103e-10,,0,8,-1.1e-13
R1000,diameter,1250 nm,1250,HAM,NEUTRAL,ISO_z4,BOUNDARY,RECON_CAP YUAN_STRONG_REDUCTION,0.999997,0,9.7618,0.787574,0.0576454,1.2463e-21,,0,8,-1.1e-13
R1000,diameter,1250 nm,1250,HAM,NEUTRAL,ISO_z8,BOUNDARY,RECON_CAP YUAN_STRONG_REDUCTION,0.999997,0,9.7618,0.373769,0.121465,1.59117e-43,,0,8,-1.1e-13
A600,diameter,1250 nm,1250,HAM,LOCAL,BRI,SENSITIVITY,RECON_CAP,0.196848,0,9.7618,1.65951,1.36185,1.92159,1.17611,0,11,3.6e-15
A600,diameter,1250 nm,1250,HAM,LOCAL,ISO_z2,SENSITIVITY,RECON_CAP,0.196848,0,9.7618,1.14323,1.97685,1.23953,1.82327,0,11,3.6e-15
A600,diameter,1250 nm,1250,HAM,LOCAL,ISO_z4,SENSITIVITY,RECON_CAP,0.196848,0,9.7618,0.787574,2.86957,0.799562,2.82655,0,11,3.6e-15
A600,diameter,1250 nm,1250,HAM,LOCAL,ISO_z8,SENSITIVITY,RECON_CAP,0.196848,0,9.7618,0.373769,6.04651,0.332693,6.79305,0,11,3.6e-15
R500,diameter,1250 nm,1250,HAM,LOCAL,BRI,SENSITIVITY,RECON_CAP,0.410552,0,9.7618,1.65951,2.27176,4.00773,0.940682,0,10,-4.3e-14
R500,diameter,1250 nm,1250,HAM,LOCAL,ISO_z2,SENSITIVITY,RECON_CAP,0.410552,0,9.7618,1.14323,3.29766,1.39248,2.7074,0,10,-4.3e-14
R500,diameter,1250 nm,1250,HAM,LOCAL,ISO_z4,SENSITIVITY,RECON_CAP,0.410552,0,9.7618,0.787574,4.78685,0.483816,7.79223,0,10,-4.3e-14
R500,diameter,1250 nm,1250,HAM,LOCAL,ISO_z8,SENSITIVITY,RECON_CAP,0.410552,0,9.7618,0.373769,10.0864,0.0584065,,0,10,-4.3e-14
R600,diameter,1250 nm,1250,HAM,LOCAL,BRI,SENSITIVITY,RECON_CAP,0.647351,0,9.7618,1.65951,2.36215,6.31931,0.62032,0,9,1.4e-14
R600,diameter,1250 nm,1250,HAM,LOCAL,ISO_z2,SENSITIVITY,RECON_CAP,0.647351,0,9.7618,1.14323,3.42887,0.785878,4.98805,0,9,1.4e-14
R600,diameter,1250 nm,1250,HAM,LOCAL,ISO_z4,SENSITIVITY,RECON_CAP,0.647351,0,9.7618,0.787574,4.97731,0.0977328,40.1094,0,9,1.4e-14
R600,diameter,1250 nm,1250,HAM,LOCAL,ISO_z8,SENSITIVITY,RECON_CAP,0.647351,0,9.7618,0.373769,10.4877,0.00151151,,0,9,1.4e-14
R800,diameter,1250 nm,1250,HAM,LOCAL,BRI,SENSITIVITY,RECON_CAP,0.788032,0,9.7618,1.65951,1.2112,7.69262,0.261289,0,8,8.5e-14
R800,diameter,1250 nm,1250,HAM,LOCAL,ISO_z2,SENSITIVITY,RECON_CAP,0.788032,0,9.7618,1.14323,1.75817,0.345631,5.81545,0,8,8.5e-14
R800,diameter,1250 nm,1250,HAM,LOCAL,ISO_z4,SENSITIVITY,RECON_CAP,0.788032,0,9.7618,0.787574,2.55214,0.0155293,,0,8,8.5e-14
R800,diameter,1250 nm,1250,HAM,LOCAL,ISO_z8,SENSITIVITY,RECON_CAP,0.788032,0,9.7618,0.373769,5.37765,3.13494e-05,,0,8,8.5e-14
R1000,diameter,1250 nm,1250,HAM,LOCAL,BRI,BOUNDARY,RECON_CAP YUAN_STRONG_REDUCTION,0.908199,0,9.7618,1.65951,0.0273575,8.86566,0.00512088,0,6,-5.5e-11
R1000,diameter,1250 nm,1250,HAM,LOCAL,ISO_z2,BOUNDARY,RECON_CAP YUAN_STRONG_REDUCTION,0.908199,0,9.7618,1.14323,0.0397119,0.0747154,,0,6,-5.5e-11
R1000,diameter,1250 nm,1250,HAM,LOCAL,ISO_z4,BOUNDARY,RECON_CAP YUAN_STRONG_REDUCTION,0.908199,0,9.7618,0.787574,0.0576454,0.000629665,,0,6,-5.5e-11
R1000,diameter,1250 nm,1250,HAM,LOCAL,ISO_z8,BOUNDARY,RECON_CAP YUAN_STRONG_REDUCTION,0.908199,0,9.7618,0.373769,0.121465,4.47206e-08,,0,6,-5.5e-11
A600,diameter,1250 nm,1250,LI_SBR1,NEUTRAL,BRI,SENSITIVITY,RECON_CAP,0.999091,0,9.7618,1.65951,1.36185,9.75293,0.231725,0,13,1.6e-13
A600,diameter,1250 nm,1250,LI_SBR1,NEUTRAL,ISO_z2,SENSITIVITY,RECON_CAP,0.999091,0,9.7618,1.14323,1.97685,8.06563e-06,,0,13,1.6e-13
A600,diameter,1250 nm,1250,LI_SBR1,NEUTRAL,ISO_z4,SENSITIVITY,RECON_CAP,0.999091,0,9.7618,0.787574,2.86957,6.67025e-12,,0,13,1.6e-13
A600,diameter,1250 nm,1250,LI_SBR1,NEUTRAL,ISO_z8,SENSITIVITY,RECON_CAP,0.999091,0,9.7618,0.373769,6.04651,4.56193e-24,,0,13,1.6e-13
R500,diameter,1250 nm,1250,LI_SBR1,NEUTRAL,BRI,SENSITIVITY,RECON_CAP,0.999962,0,9.7618,1.65951,2.27176,9.76144,0.386214,0,12,-7.1e-15
R500,diameter,1250 nm,1250,LI_SBR1,NEUTRAL,ISO_z2,SENSITIVITY,RECON_CAP,0.999962,0,9.7618,1.14323,3.29766,1.39113e-08,,0,12,-7.1e-15
R500,diameter,1250 nm,1250,LI_SBR1,NEUTRAL,ISO_z4,SENSITIVITY,RECON_CAP,0.999962,0,9.7618,0.787574,4.78685,1.98255e-17,,0,12,-7.1e-15
R500,diameter,1250 nm,1250,LI_SBR1,NEUTRAL,ISO_z8,SENSITIVITY,RECON_CAP,0.999962,0,9.7618,0.373769,10.0864,4.02657e-35,,0,12,-7.1e-15
R600,diameter,1250 nm,1250,LI_SBR1,NEUTRAL,BRI,SENSITIVITY,RECON_CAP,0.999991,0,9.7618,1.65951,2.36215,9.76172,0.401569,0,10,4.9e-12
R600,diameter,1250 nm,1250,LI_SBR1,NEUTRAL,ISO_z2,SENSITIVITY,RECON_CAP,0.999991,0,9.7618,1.14323,3.42887,8.21015e-10,,0,10,4.9e-12
R600,diameter,1250 nm,1250,LI_SBR1,NEUTRAL,ISO_z4,SENSITIVITY,RECON_CAP,0.999991,0,9.7618,0.787574,4.97731,6.9052e-20,,0,10,4.9e-12
R600,diameter,1250 nm,1250,LI_SBR1,NEUTRAL,ISO_z8,SENSITIVITY,RECON_CAP,0.999991,0,9.7618,0.373769,10.4877,4.88457e-40,,0,10,4.9e-12
R800,diameter,1250 nm,1250,LI_SBR1,NEUTRAL,BRI,SENSITIVITY,RECON_CAP,0.999996,0,9.7618,1.65951,1.2112,9.76177,0.205905,0,10,0.0e+00
R800,diameter,1250 nm,1250,LI_SBR1,NEUTRAL,ISO_z2,SENSITIVITY,RECON_CAP,0.999996,0,9.7618,1.14323,1.75817,1.50703e-10,,0,10,0.0e+00
R800,diameter,1250 nm,1250,LI_SBR1,NEUTRAL,ISO_z4,SENSITIVITY,RECON_CAP,0.999996,0,9.7618,0.787574,2.55214,2.32656e-21,,0,10,0.0e+00
R800,diameter,1250 nm,1250,LI_SBR1,NEUTRAL,ISO_z8,SENSITIVITY,RECON_CAP,0.999996,0,9.7618,0.373769,5.37765,5.54496e-43,,0,10,0.0e+00
R1000,diameter,1250 nm,1250,LI_SBR1,NEUTRAL,BRI,BOUNDARY,RECON_CAP YUAN_STRONG_REDUCTION,0.999999,0,9.7618,1.65951,0.0273575,9.7618,0.00465078,0,8,2.3e-13
R1000,diameter,1250 nm,1250,LI_SBR1,NEUTRAL,ISO_z2,BOUNDARY,RECON_CAP YUAN_STRONG_REDUCTION,0.999999,0,9.7618,1.14323,0.0397119,7.46883e-12,,0,8,2.3e-13
R1000,diameter,1250 nm,1250,LI_SBR1,NEUTRAL,ISO_z4,BOUNDARY,RECON_CAP YUAN_STRONG_REDUCTION,0.999999,0,9.7618,0.787574,0.0576454,5.71446e-24,,0,8,2.3e-13
R1000,diameter,1250 nm,1250,LI_SBR1,NEUTRAL,ISO_z8,BOUNDARY,RECON_CAP YUAN_STRONG_REDUCTION,0.999999,0,9.7618,0.373769,0.121465,3.34519e-48,,0,8,2.3e-13
A600,diameter,1250 nm,1250,LI_SBR1,LOCAL,BRI,SENSITIVITY,RECON_CAP,0.266122,0,9.7618,1.65951,1.36185,2.59783,0.869957,0,11,-3.6e-15
A600,diameter,1250 nm,1250,LI_SBR1,LOCAL,ISO_z2,SENSITIVITY,RECON_CAP,0.266122,0,9.7618,1.14323,1.97685,1.39913,1.61529,0,11,-3.6e-15
A600,diameter,1250 nm,1250,LI_SBR1,LOCAL,ISO_z4,SENSITIVITY,RECON_CAP,0.266122,0,9.7618,0.787574,2.86957,0.75354,2.99918,0,11,-3.6e-15
A600,diameter,1250 nm,1250,LI_SBR1,LOCAL,ISO_z8,SENSITIVITY,RECON_CAP,0.266122,0,9.7618,0.373769,6.04651,0.218576,10.3397,0,11,-3.6e-15
R500,diameter,1250 nm,1250,LI_SBR1,LOCAL,BRI,SENSITIVITY,RECON_CAP,0.515721,0,9.7618,1.65951,2.27176,5.03437,0.748852,0,10,2.1e-14
R500,diameter,1250 nm,1250,LI_SBR1,LOCAL,ISO_z2,SENSITIVITY,RECON_CAP,0.515721,0,9.7618,1.14323,3.29766,1.18069,3.19305,0,10,2.1e-14
R500,diameter,1250 nm,1250,LI_SBR1,LOCAL,ISO_z4,SENSITIVITY,RECON_CAP,0.515721,0,9.7618,0.787574,4.78685,0.276903,13.6149,0,10,2.1e-14
R500,diameter,1250 nm,1250,LI_SBR1,LOCAL,ISO_z8,SENSITIVITY,RECON_CAP,0.515721,0,9.7618,0.373769,10.0864,0.0152303,,0,10,2.1e-14
R600,diameter,1250 nm,1250,LI_SBR1,LOCAL,BRI,SENSITIVITY,RECON_CAP,0.744413,0,9.7618,1.65951,2.36215,7.26681,0.539439,0,9,-9.9e-14
R600,diameter,1250 nm,1250,LI_SBR1,LOCAL,ISO_z2,SENSITIVITY,RECON_CAP,0.744413,0,9.7618,1.14323,3.42887,0.474704,8.25778,0,9,-9.9e-14
R600,diameter,1250 nm,1250,LI_SBR1,LOCAL,ISO_z4,SENSITIVITY,RECON_CAP,0.744413,0,9.7618,0.787574,4.97731,0.03101,,0,9,-9.9e-14
R600,diameter,1250 nm,1250,LI_SBR1,LOCAL,ISO_z8,SENSITIVITY,RECON_CAP,0.744413,0,9.7618,0.373769,10.4877,0.00013233,,0,9,-9.9e-14
R800,diameter,1250 nm,1250,LI_SBR1,LOCAL,BRI,SENSITIVITY,RECON_CAP,0.861317,0,9.7618,1.65951,1.2112,8.40801,0.239058,0,8,-5.7e-14
R800,diameter,1250 nm,1250,LI_SBR1,LOCAL,ISO_z2,SENSITIVITY,RECON_CAP,0.861317,0,9.7618,1.14323,1.75817,0.16171,12.4297,0,8,-5.7e-14
R800,diameter,1250 nm,1250,LI_SBR1,LOCAL,ISO_z4,SENSITIVITY,RECON_CAP,0.861317,0,9.7618,0.787574,2.55214,0.00311015,,0,8,-5.7e-14
R800,diameter,1250 nm,1250,LI_SBR1,LOCAL,ISO_z8,SENSITIVITY,RECON_CAP,0.861317,0,9.7618,0.373769,5.37765,1.15045e-06,,0,8,-5.7e-14
R1000,diameter,1250 nm,1250,LI_SBR1,LOCAL,BRI,BOUNDARY,RECON_CAP YUAN_STRONG_REDUCTION,0.959373,0,9.7618,1.65951,0.0273575,9.36521,0.00484773,0,6,-5.6e-11
R1000,diameter,1250 nm,1250,LI_SBR1,LOCAL,ISO_z2,BOUNDARY,RECON_CAP YUAN_STRONG_REDUCTION,0.959373,0,9.7618,1.14323,0.0397119,0.0154577,,0,6,-5.6e-11
R1000,diameter,1250 nm,1250,LI_SBR1,LOCAL,ISO_z4,BOUNDARY,RECON_CAP YUAN_STRONG_REDUCTION,0.959373,0,9.7618,0.787574,0.0576454,2.55135e-05,,0,6,-5.6e-11
R1000,diameter,1250 nm,1250,LI_SBR1,LOCAL,ISO_z8,BOUNDARY,RECON_CAP YUAN_STRONG_REDUCTION,0.959373,0,9.7618,0.373769,0.121465,6.95058e-11,,0,6,-5.6e-11
A600,diameter,1250 nm,1250,LI_L2,NEUTRAL,BRI,SENSITIVITY,RECON_CAP,0.996092,0,9.7618,1.65951,1.36185,9.72366,0.232423,0,13,5.3e-15
A600,diameter,1250 nm,1250,LI_L2,NEUTRAL,ISO_z2,SENSITIVITY,RECON_CAP,0.996092,0,9.7618,1.14323,1.97685,0.000148492,,0,13,5.3e-15
A600,diameter,1250 nm,1250,LI_L2,NEUTRAL,ISO_z4,SENSITIVITY,RECON_CAP,0.996092,0,9.7618,0.787574,2.86957,2.26767e-09,,0,13,5.3e-15
A600,diameter,1250 nm,1250,LI_L2,NEUTRAL,ISO_z8,SENSITIVITY,RECON_CAP,0.996092,0,9.7618,0.373769,6.04651,5.28846e-19,,0,13,5.3e-15
R500,diameter,1250 nm,1250,LI_L2,NEUTRAL,BRI,SENSITIVITY,RECON_CAP,0.99976,0,9.7618,1.65951,2.27176,9.75947,0.386292,0,11,2.1e-14
R500,diameter,1250 nm,1250,LI_L2,NEUTRAL,ISO_z2,SENSITIVITY,RECON_CAP,0.99976,0,9.7618,1.14323,3.29766,5.60007e-07,,0,11,2.1e-14
R500,diameter,1250 nm,1250,LI_L2,NEUTRAL,ISO_z4,SENSITIVITY,RECON_CAP,0.99976,0,9.7618,0.787574,4.78685,3.21337e-14,,0,11,2.1e-14
R500,diameter,1250 nm,1250,LI_L2,NEUTRAL,ISO_z8,SENSITIVITY,RECON_CAP,0.99976,0,9.7618,0.373769,10.0864,1.05803e-28,,0,11,2.1e-14
R600,diameter,1250 nm,1250,LI_L2,NEUTRAL,BRI,SENSITIVITY,RECON_CAP,0.999985,0,9.7618,1.65951,2.36215,9.76166,0.401571,0,11,-2.8e-14
R600,diameter,1250 nm,1250,LI_L2,NEUTRAL,ISO_z2,SENSITIVITY,RECON_CAP,0.999985,0,9.7618,1.14323,3.42887,2.10518e-09,,0,11,-2.8e-14
R600,diameter,1250 nm,1250,LI_L2,NEUTRAL,ISO_z4,SENSITIVITY,RECON_CAP,0.999985,0,9.7618,0.787574,4.97731,4.54001e-19,,0,11,-2.8e-14
R600,diameter,1250 nm,1250,LI_L2,NEUTRAL,ISO_z8,SENSITIVITY,RECON_CAP,0.999985,0,9.7618,0.373769,10.4877,2.11149e-38,,0,11,-2.8e-14
R800,diameter,1250 nm,1250,LI_L2,NEUTRAL,BRI,SENSITIVITY,RECON_CAP,0.999995,0,9.7618,1.65951,1.2112,9.76176,0.205906,0,10,2.8e-14
R800,diameter,1250 nm,1250,LI_L2,NEUTRAL,ISO_z2,SENSITIVITY,RECON_CAP,0.999995,0,9.7618,1.14323,1.75817,2.1678e-10,,0,10,2.8e-14
R800,diameter,1250 nm,1250,LI_L2,NEUTRAL,ISO_z4,SENSITIVITY,RECON_CAP,0.999995,0,9.7618,0.787574,2.55214,4.81403e-21,,0,10,2.8e-14
R800,diameter,1250 nm,1250,LI_L2,NEUTRAL,ISO_z8,SENSITIVITY,RECON_CAP,0.999995,0,9.7618,0.373769,5.37765,2.37405e-42,,0,10,2.8e-14
R1000,diameter,1250 nm,1250,LI_L2,NEUTRAL,BRI,BOUNDARY,RECON_CAP YUAN_STRONG_REDUCTION,0.999999,0,9.7618,1.65951,0.0273575,9.7618,0.00465078,0,8,1.1e-13
R1000,diameter,1250 nm,1250,LI_L2,NEUTRAL,ISO_z2,BOUNDARY,RECON_CAP YUAN_STRONG_REDUCTION,0.999999,0,9.7618,1.14323,0.0397119,8.07542e-12,,0,8,1.1e-13
R1000,diameter,1250 nm,1250,LI_L2,NEUTRAL,ISO_z4,BOUNDARY,RECON_CAP YUAN_STRONG_REDUCTION,0.999999,0,9.7618,0.787574,0.0576454,6.68037e-24,,0,8,1.1e-13
R1000,diameter,1250 nm,1250,LI_L2,NEUTRAL,ISO_z8,BOUNDARY,RECON_CAP YUAN_STRONG_REDUCTION,0.999999,0,9.7618,0.373769,0.121465,4.57164e-48,,0,8,1.1e-13
A600,diameter,1250 nm,1250,LI_L2,LOCAL,BRI,SENSITIVITY,RECON_CAP,0.260499,0,9.7618,1.65951,1.36185,2.54294,0.888736,0,11,1.6e-14
A600,diameter,1250 nm,1250,LI_L2,LOCAL,ISO_z2,SENSITIVITY,RECON_CAP,0.260499,0,9.7618,1.14323,1.97685,1.39064,1.62516,0,11,1.6e-14
A600,diameter,1250 nm,1250,LI_L2,LOCAL,ISO_z4,SENSITIVITY,RECON_CAP,0.260499,0,9.7618,0.787574,2.86957,0.760486,2.97178,0,11,1.6e-14
A600,diameter,1250 nm,1250,LI_L2,LOCAL,ISO_z8,SENSITIVITY,RECON_CAP,0.260499,0,9.7618,0.373769,6.04651,0.22743,9.93714,0,11,1.6e-14
R500,diameter,1250 nm,1250,LI_L2,LOCAL,BRI,SENSITIVITY,RECON_CAP,0.508389,0,9.7618,1.65951,2.27176,4.9628,0.759652,0,10,-4.3e-14
R500,diameter,1250 nm,1250,LI_L2,LOCAL,ISO_z2,SENSITIVITY,RECON_CAP,0.508389,0,9.7618,1.14323,3.29766,1.19941,3.1432,0,10,-4.3e-14
R500,diameter,1250 nm,1250,LI_L2,LOCAL,ISO_z4,SENSITIVITY,RECON_CAP,0.508389,0,9.7618,0.787574,4.78685,0.289876,13.0056,0,10,-4.3e-14
R500,diameter,1250 nm,1250,LI_L2,LOCAL,ISO_z8,SENSITIVITY,RECON_CAP,0.508389,0,9.7618,0.373769,10.0864,0.0169316,,0,10,-4.3e-14
R600,diameter,1250 nm,1250,LI_L2,LOCAL,BRI,SENSITIVITY,RECON_CAP,0.739795,0,9.7618,1.65951,2.36215,7.22174,0.542806,0,9,-5.7e-14
R600,diameter,1250 nm,1250,LI_L2,LOCAL,ISO_z2,SENSITIVITY,RECON_CAP,0.739795,0,9.7618,1.14323,3.42887,0.488958,8.01705,0,9,-5.7e-14
R600,diameter,1250 nm,1250,LI_L2,LOCAL,ISO_z4,SENSITIVITY,RECON_CAP,0.739795,0,9.7618,0.787574,4.97731,0.0331056,,0,9,-5.7e-14
R600,diameter,1250 nm,1250,LI_L2,LOCAL,ISO_z8,SENSITIVITY,RECON_CAP,0.739795,0,9.7618,0.373769,10.4877,0.000151761,,0,9,-5.7e-14
R800,diameter,1250 nm,1250,LI_L2,LOCAL,BRI,SENSITIVITY,RECON_CAP,0.860181,0,9.7618,1.65951,1.2112,8.39692,0.239374,0,8,1.1e-13
R800,diameter,1250 nm,1250,LI_L2,LOCAL,ISO_z2,SENSITIVITY,RECON_CAP,0.860181,0,9.7618,1.14323,1.75817,0.164154,12.2446,0,8,1.1e-13
R800,diameter,1250 nm,1250,LI_L2,LOCAL,ISO_z4,SENSITIVITY,RECON_CAP,0.860181,0,9.7618,0.787574,2.55214,0.00320911,,0,8,1.1e-13
R800,diameter,1250 nm,1250,LI_L2,LOCAL,ISO_z8,SENSITIVITY,RECON_CAP,0.860181,0,9.7618,0.373769,5.37765,1.22645e-06,,0,8,1.1e-13
R1000,diameter,1250 nm,1250,LI_L2,LOCAL,BRI,BOUNDARY,RECON_CAP YUAN_STRONG_REDUCTION,0.965437,0,9.7618,1.65951,0.0273575,9.42441,0.00481728,0,6,-7.3e-11
R1000,diameter,1250 nm,1250,LI_L2,LOCAL,ISO_z2,BOUNDARY,RECON_CAP YUAN_STRONG_REDUCTION,0.965437,0,9.7618,1.14323,0.0397119,0.0112583,,0,6,-7.3e-11
R1000,diameter,1250 nm,1250,LI_L2,LOCAL,ISO_z4,BOUNDARY,RECON_CAP YUAN_STRONG_REDUCTION,0.965437,0,9.7618,0.787574,0.0576454,1.3449e-05,,0,6,-7.3e-11
R1000,diameter,1250 nm,1250,LI_L2,LOCAL,ISO_z8,BOUNDARY,RECON_CAP YUAN_STRONG_REDUCTION,0.965437,0,9.7618,0.373769,0.121465,1.91922e-11,,0,6,-7.3e-11
A600,diameter,1250 nm,1250,LI_CONT xi 0.5,NEUTRAL,BRI,SENSITIVITY,RECON_CAP,0.965774,0,9.7618,1.65951,1.36185,9.4277,0.239719,0,12,1.8e-14
A600,diameter,1250 nm,1250,LI_CONT xi 0.5,NEUTRAL,ISO_z2,SENSITIVITY,RECON_CAP,0.965774,0,9.7618,1.14323,1.97685,0.0110436,,0,12,1.8e-14
A600,diameter,1250 nm,1250,LI_CONT xi 0.5,NEUTRAL,ISO_z4,SENSITIVITY,RECON_CAP,0.965774,0,9.7618,0.787574,2.86957,1.29365e-05,,0,12,1.8e-14
A600,diameter,1250 nm,1250,LI_CONT xi 0.5,NEUTRAL,ISO_z8,SENSITIVITY,RECON_CAP,0.965774,0,9.7618,0.373769,6.04651,1.77513e-11,,0,12,1.8e-14
R500,diameter,1250 nm,1250,LI_CONT xi 0.5,NEUTRAL,BRI,SENSITIVITY,RECON_CAP,0.999493,0,9.7618,1.65951,2.27176,9.75686,0.386395,0,12,-7.1e-15
R500,diameter,1250 nm,1250,LI_CONT xi 0.5,NEUTRAL,ISO_z2,SENSITIVITY,RECON_CAP,0.999493,0,9.7618,1.14323,3.29766,2.50323e-06,,0,12,-7.1e-15
R500,diameter,1250 nm,1250,LI_CONT xi 0.5,NEUTRAL,ISO_z4,SENSITIVITY,RECON_CAP,0.999493,0,9.7618,0.787574,4.78685,6.4223e-13,,0,12,-7.1e-15
R500,diameter,1250 nm,1250,LI_CONT xi 0.5,NEUTRAL,ISO_z8,SENSITIVITY,RECON_CAP,0.999493,0,9.7618,0.373769,10.0864,4.22737e-26,,0,12,-7.1e-15
R600,diameter,1250 nm,1250,LI_CONT xi 0.5,NEUTRAL,BRI,SENSITIVITY,RECON_CAP,0.999979,0,9.7618,1.65951,2.36215,9.7616,0.401573,0,11,1.4e-14
R600,diameter,1250 nm,1250,LI_CONT xi 0.5,NEUTRAL,ISO_z2,SENSITIVITY,RECON_CAP,0.999979,0,9.7618,1.14323,3.42887,4.12059e-09,,0,11,1.4e-14
R600,diameter,1250 nm,1250,LI_CONT xi 0.5,NEUTRAL,ISO_z4,SENSITIVITY,RECON_CAP,0.999979,0,9.7618,0.787574,4.97731,1.73939e-18,,0,11,1.4e-14
R600,diameter,1250 nm,1250,LI_CONT xi 0.5,NEUTRAL,ISO_z8,SENSITIVITY,RECON_CAP,0.999979,0,9.7618,0.373769,10.4877,3.09938e-37,,0,11,1.4e-14
R800,diameter,1250 nm,1250,LI_CONT xi 0.5,NEUTRAL,BRI,SENSITIVITY,RECON_CAP,0.999994,0,9.7618,1.65951,1.2112,9.76175,0.205906,0,10,0.0e+00
R800,diameter,1250 nm,1250,LI_CONT xi 0.5,NEUTRAL,ISO_z2,SENSITIVITY,RECON_CAP,0.999994,0,9.7618,1.14323,1.75817,3.24206e-10,,0,10,0.0e+00
R800,diameter,1250 nm,1250,LI_CONT xi 0.5,NEUTRAL,ISO_z4,SENSITIVITY,RECON_CAP,0.999994,0,9.7618,0.787574,2.55214,1.07675e-20,,0,10,0.0e+00
R800,diameter,1250 nm,1250,LI_CONT xi 0.5,NEUTRAL,ISO_z8,SENSITIVITY,RECON_CAP,0.999994,0,9.7618,0.373769,5.37765,1.18768e-41,,0,10,0.0e+00
R1000,diameter,1250 nm,1250,LI_CONT xi 0.5,NEUTRAL,BRI,BOUNDARY,RECON_CAP YUAN_STRONG_REDUCTION,0.999999,0,9.7618,1.65951,0.0273575,9.7618,0.00465078,0,8,3.4e-13
R1000,diameter,1250 nm,1250,LI_CONT xi 0.5,NEUTRAL,ISO_z2,BOUNDARY,RECON_CAP YUAN_STRONG_REDUCTION,0.999999,0,9.7618,1.14323,0.0397119,9.3715e-12,,0,8,3.4e-13
R1000,diameter,1250 nm,1250,LI_CONT xi 0.5,NEUTRAL,ISO_z4,BOUNDARY,RECON_CAP YUAN_STRONG_REDUCTION,0.999999,0,9.7618,0.787574,0.0576454,8.99681e-24,,0,8,3.4e-13
R1000,diameter,1250 nm,1250,LI_CONT xi 0.5,NEUTRAL,ISO_z8,BOUNDARY,RECON_CAP YUAN_STRONG_REDUCTION,0.999999,0,9.7618,0.373769,0.121465,8.29178e-48,,0,8,3.4e-13
A600,diameter,1250 nm,1250,LI_CONT xi 0.5,LOCAL,BRI,SENSITIVITY,,0.104665,0,9.7618,1.02172,2.21196,1.02172,2.21196,0,18,-1.0e-11
A600,diameter,1250 nm,1250,LI_CONT xi 0.5,LOCAL,ISO_z2,SENSITIVITY,,0.104665,0,9.7618,0.819034,2.75935,0.819034,2.75935,0,18,-1.0e-11
A600,diameter,1250 nm,1250,LI_CONT xi 0.5,LOCAL,ISO_z4,SENSITIVITY,,0.104665,0,9.7618,0.656558,3.44219,0.656558,3.44219,0,18,-1.0e-11
A600,diameter,1250 nm,1250,LI_CONT xi 0.5,LOCAL,ISO_z8,SENSITIVITY,,0.104665,0,9.7618,0.421906,5.35664,0.421906,5.35664,0,18,-1.0e-11
R500,diameter,1250 nm,1250,LI_CONT xi 0.5,LOCAL,BRI,SENSITIVITY,RECON_CAP,0.178598,0,9.7618,1.65951,2.27176,1.74344,2.1624,0,15,3.4e-11
R500,diameter,1250 nm,1250,LI_CONT xi 0.5,LOCAL,ISO_z2,SENSITIVITY,RECON_CAP,0.178598,0,9.7618,1.14323,3.29766,1.1763,3.20497,0,15,3.4e-11
R500,diameter,1250 nm,1250,LI_CONT xi 0.5,LOCAL,ISO_z4,SENSITIVITY,RECON_CAP,0.178598,0,9.7618,0.787574,4.78685,0.793651,4.7502,0,15,3.4e-11
R500,diameter,1250 nm,1250,LI_CONT xi 0.5,LOCAL,ISO_z8,SENSITIVITY,RECON_CAP,0.178598,0,9.7618,0.373769,10.0864,0.361288,10.4349,0,15,3.4e-11
R600,diameter,1250 nm,1250,LI_CONT xi 0.5,LOCAL,BRI,SENSITIVITY,RECON_CAP,0.225782,0,9.7618,1.65951,2.36215,2.20404,1.77855,0,9,4.3e-14
R600,diameter,1250 nm,1250,LI_CONT xi 0.5,LOCAL,ISO_z2,SENSITIVITY,RECON_CAP,0.225782,0,9.7618,1.14323,3.42887,1.32113,2.96715,0,9,4.3e-14
R600,diameter,1250 nm,1250,LI_CONT xi 0.5,LOCAL,ISO_z4,SENSITIVITY,RECON_CAP,0.225782,0,9.7618,0.787574,4.97731,0.791904,4.9501,0,9,4.3e-14
R600,diameter,1250 nm,1250,LI_CONT xi 0.5,LOCAL,ISO_z8,SENSITIVITY,RECON_CAP,0.225782,0,9.7618,0.373769,10.4877,0.284528,13.7772,0,9,4.3e-14
R800,diameter,1250 nm,1250,LI_CONT xi 0.5,LOCAL,BRI,SENSITIVITY,RECON_CAP,0.241288,0,9.7618,1.65951,1.2112,2.3554,0.853357,0,8,0.0e+00
R800,diameter,1250 nm,1250,LI_CONT xi 0.5,LOCAL,ISO_z2,SENSITIVITY,RECON_CAP,0.241288,0,9.7618,1.14323,1.75817,1.35587,1.48244,0,8,0.0e+00
R800,diameter,1250 nm,1250,LI_CONT xi 0.5,LOCAL,ISO_z4,SENSITIVITY,RECON_CAP,0.241288,0,9.7618,0.787574,2.55214,0.780501,2.57527,0,8,0.0e+00
R800,diameter,1250 nm,1250,LI_CONT xi 0.5,LOCAL,ISO_z8,SENSITIVITY,RECON_CAP,0.241288,0,9.7618,0.373769,5.37765,0.258632,7.77167,0,8,0.0e+00
R1000,diameter,1250 nm,1250,LI_CONT xi 0.5,LOCAL,BRI,BOUNDARY,RECON_CAP YUAN_STRONG_REDUCTION,0.249038,0,9.7618,1.65951,0.0273575,2.43106,0.018675,0,6,-6.4e-11
R1000,diameter,1250 nm,1250,LI_CONT xi 0.5,LOCAL,ISO_z2,BOUNDARY,RECON_CAP YUAN_STRONG_REDUCTION,0.249038,0,9.7618,1.14323,0.0397119,1.37098,0.033115,0,6,-6.4e-11
R1000,diameter,1250 nm,1250,LI_CONT xi 0.5,LOCAL,ISO_z4,BOUNDARY,RECON_CAP YUAN_STRONG_REDUCTION,0.249038,0,9.7618,0.787574,0.0576454,0.773157,0.0587203,0,6,-6.4e-11
R1000,diameter,1250 nm,1250,LI_CONT xi 0.5,LOCAL,ISO_z8,BOUNDARY,RECON_CAP YUAN_STRONG_REDUCTION,0.249038,0,9.7618,0.373769,0.121465,0.24589,0.184636,0,6,-6.4e-11
A600,diameter,1600 nm,1600,PAB,NEUTRAL,BRI,SENSITIVITY,RECON_CAP,0.856766,0,7.62641,1.29649,1.74317,6.53405,0.34588,0,13,1.8e-15
A600,diameter,1600 nm,1600,PAB,NEUTRAL,ISO_z2,SENSITIVITY,RECON_CAP,0.856766,0,7.62641,0.893152,2.53037,0.134052,16.8592,0,13,1.8e-15
A600,diameter,1600 nm,1600,PAB,NEUTRAL,ISO_z4,SENSITIVITY,RECON_CAP,0.856766,0,7.62641,0.615292,3.67305,0.00275019,,0,13,1.8e-15
A600,diameter,1600 nm,1600,PAB,NEUTRAL,ISO_z8,SENSITIVITY,RECON_CAP,0.856766,0,7.62641,0.292007,7.73953,1.15756e-06,,0,13,1.8e-15
R500,diameter,1600 nm,1600,PAB,NEUTRAL,BRI,SENSITIVITY,RECON_CAP,0.976804,0,7.62641,1.29649,2.90785,7.44951,0.506073,0,11,2.0e-11
R500,diameter,1600 nm,1600,PAB,NEUTRAL,ISO_z2,SENSITIVITY,RECON_CAP,0.976804,0,7.62641,0.893152,4.22101,0.00400807,,0,11,2.0e-11
R500,diameter,1600 nm,1600,PAB,NEUTRAL,ISO_z4,SENSITIVITY,RECON_CAP,0.976804,0,7.62641,0.615292,6.12717,2.15647e-06,,0,11,2.0e-11
R500,diameter,1600 nm,1600,PAB,NEUTRAL,ISO_z8,SENSITIVITY,RECON_CAP,0.976804,0,7.62641,0.292007,12.9106,6.2425e-13,,0,11,2.0e-11
R600,diameter,1600 nm,1600,PAB,NEUTRAL,BRI,SENSITIVITY,RECON_CAP,0.993237,0,7.62641,1.29649,3.02355,7.57483,0.517503,0,10,1.3e-12
R600,diameter,1600 nm,1600,PAB,NEUTRAL,ISO_z2,SENSITIVITY,RECON_CAP,0.993237,0,7.62641,0.893152,4.38895,0.000346443,,0,10,1.3e-12
R600,diameter,1600 nm,1600,PAB,NEUTRAL,ISO_z4,SENSITIVITY,RECON_CAP,0.993237,0,7.62641,0.615292,6.37096,1.58449e-08,,0,10,1.3e-12
R600,diameter,1600 nm,1600,PAB,NEUTRAL,ISO_z8,SENSITIVITY,RECON_CAP,0.993237,0,7.62641,0.292007,13.4243,3.31442e-17,,0,10,1.3e-12
R800,diameter,1600 nm,1600,PAB,NEUTRAL,BRI,SENSITIVITY,RECON_CAP,0.997004,0,7.62641,1.29649,1.55034,7.60356,0.26435,0,9,1.6e-10
R800,diameter,1600 nm,1600,PAB,NEUTRAL,ISO_z2,SENSITIVITY,RECON_CAP,0.997004,0,7.62641,0.893152,2.25046,6.82721e-05,,0,9,1.6e-10
R800,diameter,1600 nm,1600,PAB,NEUTRAL,ISO_z4,SENSITIVITY,RECON_CAP,0.997004,0,7.62641,0.615292,3.26674,6.13013e-10,,0,9,1.6e-10
R800,diameter,1600 nm,1600,PAB,NEUTRAL,ISO_z8,SENSITIVITY,RECON_CAP,0.997004,0,7.62641,0.292007,6.88339,4.94223e-20,,0,9,1.6e-10
R1000,diameter,1600 nm,1600,PAB,NEUTRAL,BRI,BOUNDARY,RECON_CAP YUAN_STRONG_REDUCTION,0.999324,0,7.62641,1.29649,0.0350176,7.62125,0.00595702,0,8,2.3e-13
R1000,diameter,1600 nm,1600,PAB,NEUTRAL,ISO_z2,BOUNDARY,RECON_CAP YUAN_STRONG_REDUCTION,0.999324,0,7.62641,0.893152,0.0508312,3.4832e-06,,0,8,2.3e-13
R1000,diameter,1600 nm,1600,PAB,NEUTRAL,ISO_z4,BOUNDARY,RECON_CAP YUAN_STRONG_REDUCTION,0.999324,0,7.62641,0.615292,0.0737861,1.59195e-12,,0,8,2.3e-13
R1000,diameter,1600 nm,1600,PAB,NEUTRAL,ISO_z8,BOUNDARY,RECON_CAP YUAN_STRONG_REDUCTION,0.999324,0,7.62641,0.292007,0.155476,3.32533e-25,,0,8,2.3e-13
A600,diameter,1600 nm,1600,PAB,LOCAL,BRI,SENSITIVITY,,0.041169,0,7.62641,0.313971,7.19811,0.313971,7.19811,0,11,5.3e-15
A600,diameter,1600 nm,1600,PAB,LOCAL,ISO_z2,SENSITIVITY,,0.041169,0,7.62641,0.288652,7.8295,0.288652,7.8295,0,11,5.3e-15
A600,diameter,1600 nm,1600,PAB,LOCAL,ISO_z4,SENSITIVITY,,0.041169,0,7.62641,0.265374,8.51628,0.265374,8.51628,0,11,5.3e-15
A600,diameter,1600 nm,1600,PAB,LOCAL,ISO_z8,SENSITIVITY,,0.041169,0,7.62641,0.224299,10.0759,0.224299,10.0759,0,11,5.3e-15
R500,diameter,1600 nm,1600,PAB,LOCAL,BRI,SENSITIVITY,,0.104361,0,7.62641,0.795901,4.73677,0.795901,4.73677,0,10,4.3e-14
R500,diameter,1600 nm,1600,PAB,LOCAL,ISO_z2,SENSITIVITY,,0.104361,0,7.62641,0.638447,5.90495,0.638447,5.90495,0,10,4.3e-14
R500,diameter,1600 nm,1600,PAB,LOCAL,ISO_z4,SENSITIVITY,,0.104361,0,7.62641,0.512143,7.36123,0.512143,7.36123,0,10,4.3e-14
R500,diameter,1600 nm,1600,PAB,LOCAL,ISO_z8,SENSITIVITY,,0.104361,0,7.62641,0.329551,11.4398,0.329551,11.4398,0,10,4.3e-14
R600,diameter,1600 nm,1600,PAB,LOCAL,BRI,SENSITIVITY,RECON_CAP,0.22451,0,7.62641,1.29649,3.02355,1.71221,2.28944,0,9,7.1e-14
R600,diameter,1600 nm,1600,PAB,LOCAL,ISO_z2,SENSITIVITY,RECON_CAP,0.22451,0,7.62641,0.893152,4.38895,1.02969,3.80696,0,9,7.1e-14
R600,diameter,1600 nm,1600,PAB,LOCAL,ISO_z4,SENSITIVITY,RECON_CAP,0.22451,0,7.62641,0.615292,6.37096,0.619242,6.33032,0,9,7.1e-14
R600,diameter,1600 nm,1600,PAB,LOCAL,ISO_z8,SENSITIVITY,RECON_CAP,0.22451,0,7.62641,0.292007,13.4243,0.223957,17.5033,0,9,7.1e-14
R800,diameter,1600 nm,1600,PAB,LOCAL,BRI,SENSITIVITY,RECON_CAP,0.360634,0,7.62641,1.29649,1.55034,2.75034,0.730818,0,8,-5.7e-14
R800,diameter,1600 nm,1600,PAB,LOCAL,ISO_z2,SENSITIVITY,RECON_CAP,0.360634,0,7.62641,0.893152,2.25046,1.12431,1.78776,0,8,-5.7e-14
R800,diameter,1600 nm,1600,PAB,LOCAL,ISO_z4,SENSITIVITY,RECON_CAP,0.360634,0,7.62641,0.615292,3.26674,0.459605,4.37332,0,8,-5.7e-14
R800,diameter,1600 nm,1600,PAB,LOCAL,ISO_z8,SENSITIVITY,RECON_CAP,0.360634,0,7.62641,0.292007,6.88339,0.0768038,26.1706,0,8,-5.7e-14
R1000,diameter,1600 nm,1600,PAB,LOCAL,BRI,BOUNDARY,RECON_CAP YUAN_STRONG_REDUCTION,0.614343,0,7.62641,1.29649,0.0350176,4.68523,0.00969003,0,6,-4.8e-11
R1000,diameter,1600 nm,1600,PAB,LOCAL,ISO_z2,BOUNDARY,RECON_CAP YUAN_STRONG_REDUCTION,0.614343,0,7.62641,0.893152,0.0508312,0.696841,0.0651511,0,6,-4.8e-11
R1000,diameter,1600 nm,1600,PAB,LOCAL,ISO_z4,BOUNDARY,RECON_CAP YUAN_STRONG_REDUCTION,0.614343,0,7.62641,0.615292,0.0737861,0.103642,0.438045,0,6,-4.8e-11
R1000,diameter,1600 nm,1600,PAB,LOCAL,ISO_z8,BOUNDARY,RECON_CAP YUAN_STRONG_REDUCTION,0.614343,0,7.62641,0.292007,0.155476,0.00229268,,0,6,-4.8e-11
A600,diameter,1600 nm,1600,HAM,NEUTRAL,BRI,SENSITIVITY,RECON_CAP,0.997003,0,7.62641,1.29649,1.74317,7.60356,0.297229,0,13,-1.8e-15
A600,diameter,1600 nm,1600,HAM,NEUTRAL,ISO_z2,SENSITIVITY,RECON_CAP,0.997003,0,7.62641,0.893152,2.53037,6.82856e-05,,0,13,-1.8e-15
A600,diameter,1600 nm,1600,HAM,NEUTRAL,ISO_z4,SENSITIVITY,RECON_CAP,0.997003,0,7.62641,0.615292,3.67305,6.13256e-10,,0,13,-1.8e-15
A600,diameter,1600 nm,1600,HAM,NEUTRAL,ISO_z8,SENSITIVITY,RECON_CAP,0.997003,0,7.62641,0.292007,7.73953,4.94615e-20,,0,13,-1.8e-15
R500,diameter,1600 nm,1600,HAM,NEUTRAL,BRI,SENSITIVITY,RECON_CAP,0.999878,0,7.62641,1.29649,2.90785,7.62548,0.494395,0,12,7.1e-15
R500,diameter,1600 nm,1600,HAM,NEUTRAL,ISO_z2,SENSITIVITY,RECON_CAP,0.999878,0,7.62641,0.893152,4.22101,1.13302e-07,,0,12,7.1e-15
R500,diameter,1600 nm,1600,HAM,NEUTRAL,ISO_z4,SENSITIVITY,RECON_CAP,0.999878,0,7.62641,0.615292,6.12717,1.68348e-15,,0,12,7.1e-15
R500,diameter,1600 nm,1600,HAM,NEUTRAL,ISO_z8,SENSITIVITY,RECON_CAP,0.999878,0,7.62641,0.292007,12.9106,3.71661e-31,,0,12,7.1e-15
R600,diameter,1600 nm,1600,HAM,NEUTRAL,BRI,SENSITIVITY,RECON_CAP,0.999966,0,7.62641,1.29649,3.02355,7.62615,0.514021,0,10,1.7e-12
R600,diameter,1600 nm,1600,HAM,NEUTRAL,ISO_z2,SENSITIVITY,RECON_CAP,0.999966,0,7.62641,0.893152,4.38895,8.58673e-09,,0,10,1.7e-12
R600,diameter,1600 nm,1600,HAM,NEUTRAL,ISO_z4,SENSITIVITY,RECON_CAP,0.999966,0,7.62641,0.615292,6.37096,9.6683e-18,,0,10,1.7e-12
R600,diameter,1600 nm,1600,HAM,NEUTRAL,ISO_z8,SENSITIVITY,RECON_CAP,0.999966,0,7.62641,0.292007,13.4243,1.22573e-35,,0,10,1.7e-12
R800,diameter,1600 nm,1600,HAM,NEUTRAL,BRI,SENSITIVITY,RECON_CAP,0.999985,0,7.62641,1.29649,1.55034,7.6263,0.263562,0,9,1.6e-10
R800,diameter,1600 nm,1600,HAM,NEUTRAL,ISO_z2,SENSITIVITY,RECON_CAP,0.999985,0,7.62641,0.893152,2.25046,1.66596e-09,,0,9,1.6e-10
R800,diameter,1600 nm,1600,HAM,NEUTRAL,ISO_z4,SENSITIVITY,RECON_CAP,0.999985,0,7.62641,0.615292,3.26674,3.6393e-19,,0,9,1.6e-10
R800,diameter,1600 nm,1600,HAM,NEUTRAL,ISO_z8,SENSITIVITY,RECON_CAP,0.999985,0,7.62641,0.292007,6.88339,1.73669e-38,,0,9,1.6e-10
R1000,diameter,1600 nm,1600,HAM,NEUTRAL,BRI,BOUNDARY,RECON_CAP YUAN_STRONG_REDUCTION,0.999997,0,7.62641,1.29649,0.0350176,7.62638,0.00595302,0,8,-2.3e-13
R1000,diameter,1600 nm,1600,HAM,NEUTRAL,ISO_z2,BOUNDARY,RECON_CAP YUAN_STRONG_REDUCTION,0.999997,0,7.62641,0.893152,0.0508312,8.45734e-11,,0,8,-2.3e-13
R1000,diameter,1600 nm,1600,HAM,NEUTRAL,ISO_z4,BOUNDARY,RECON_CAP YUAN_STRONG_REDUCTION,0.999997,0,7.62641,0.615292,0.0737861,9.37883e-22,,0,8,-2.3e-13
R1000,diameter,1600 nm,1600,HAM,NEUTRAL,ISO_z8,BOUNDARY,RECON_CAP YUAN_STRONG_REDUCTION,0.999997,0,7.62641,0.292007,0.155476,1.1534e-43,,0,8,-2.3e-13
A600,diameter,1600 nm,1600,HAM,LOCAL,BRI,SENSITIVITY,RECON_CAP,0.202123,0,7.62641,1.29649,1.74317,1.54148,1.46613,0,11,-1.1e-14
A600,diameter,1600 nm,1600,HAM,LOCAL,ISO_z2,SENSITIVITY,RECON_CAP,0.202123,0,7.62641,0.893152,2.53037,0.981314,2.30303,0,11,-1.1e-14
A600,diameter,1600 nm,1600,HAM,LOCAL,ISO_z4,SENSITIVITY,RECON_CAP,0.202123,0,7.62641,0.615292,3.67305,0.624712,3.61767,0,11,-1.1e-14
A600,diameter,1600 nm,1600,HAM,LOCAL,ISO_z8,SENSITIVITY,RECON_CAP,0.202123,0,7.62641,0.292007,7.73953,0.253176,8.92659,0,11,-1.1e-14
R500,diameter,1600 nm,1600,HAM,LOCAL,BRI,SENSITIVITY,RECON_CAP,0.416729,0,7.62641,1.29649,2.90785,3.17815,1.18623,0,10,-2.1e-14
R500,diameter,1600 nm,1600,HAM,LOCAL,ISO_z2,SENSITIVITY,RECON_CAP,0.416729,0,7.62641,0.893152,4.22101,1.08122,3.4868,0,10,-2.1e-14
R500,diameter,1600 nm,1600,HAM,LOCAL,ISO_z4,SENSITIVITY,RECON_CAP,0.416729,0,7.62641,0.615292,6.12717,0.367837,10.2491,0,10,-2.1e-14
R500,diameter,1600 nm,1600,HAM,LOCAL,ISO_z8,SENSITIVITY,RECON_CAP,0.416729,0,7.62641,0.292007,12.9106,0.0425733,,0,10,-2.1e-14
R600,diameter,1600 nm,1600,HAM,LOCAL,BRI,SENSITIVITY,RECON_CAP,0.650901,0,7.62641,1.29649,3.02355,4.96404,0.789679,0,9,-4.3e-14
R600,diameter,1600 nm,1600,HAM,LOCAL,ISO_z2,SENSITIVITY,RECON_CAP,0.650901,0,7.62641,0.893152,4.38895,0.604967,6.4797,0,9,-4.3e-14
R600,diameter,1600 nm,1600,HAM,LOCAL,ISO_z4,SENSITIVITY,RECON_CAP,0.650901,0,7.62641,0.615292,6.37096,0.0737271,,0,9,-4.3e-14
R600,diameter,1600 nm,1600,HAM,LOCAL,ISO_z8,SENSITIVITY,RECON_CAP,0.650901,0,7.62641,0.292007,13.4243,0.00109501,,0,9,-4.3e-14
R800,diameter,1600 nm,1600,HAM,LOCAL,BRI,SENSITIVITY,RECON_CAP,0.789492,0,7.62641,1.29649,1.55034,6.02099,0.333832,0,8,-8.5e-14
R800,diameter,1600 nm,1600,HAM,LOCAL,ISO_z2,SENSITIVITY,RECON_CAP,0.789492,0,7.62641,0.893152,2.25046,0.266813,7.53337,0,8,-8.5e-14
R800,diameter,1600 nm,1600,HAM,LOCAL,ISO_z4,SENSITIVITY,RECON_CAP,0.789492,0,7.62641,0.615292,3.26674,0.0118235,,0,8,-8.5e-14
R800,diameter,1600 nm,1600,HAM,LOCAL,ISO_z8,SENSITIVITY,RECON_CAP,0.789492,0,7.62641,0.292007,6.88339,2.3218e-05,,0,8,-8.5e-14
R1000,diameter,1600 nm,1600,HAM,LOCAL,BRI,BOUNDARY,RECON_CAP YUAN_STRONG_REDUCTION,0.908336,0,7.62641,1.29649,0.0350176,6.92734,0.00655374,0,6,-5.2e-11
R1000,diameter,1600 nm,1600,HAM,LOCAL,ISO_z2,BOUNDARY,RECON_CAP YUAN_STRONG_REDUCTION,0.908336,0,7.62641,0.893152,0.0508312,0.058206,,0,6,-5.2e-11
R1000,diameter,1600 nm,1600,HAM,LOCAL,ISO_z4,BOUNDARY,RECON_CAP YUAN_STRONG_REDUCTION,0.908336,0,7.62641,0.615292,0.0737861,0.000489068,,0,6,-5.2e-11
R1000,diameter,1600 nm,1600,HAM,LOCAL,ISO_z8,BOUNDARY,RECON_CAP YUAN_STRONG_REDUCTION,0.908336,0,7.62641,0.292007,0.155476,3.4528e-08,,0,6,-5.2e-11
A600,diameter,1600 nm,1600,LI_SBR1,NEUTRAL,BRI,SENSITIVITY,RECON_CAP,0.999634,0,7.62641,1.29649,1.74317,7.62362,0.296447,0,13,-1.8e-15
A600,diameter,1600 nm,1600,LI_SBR1,NEUTRAL,ISO_z2,SENSITIVITY,RECON_CAP,0.999634,0,7.62641,0.893152,2.53037,1.01962e-06,,0,13,-1.8e-15
A600,diameter,1600 nm,1600,LI_SBR1,NEUTRAL,ISO_z4,SENSITIVITY,RECON_CAP,0.999634,0,7.62641,0.615292,3.67305,1.36368e-13,,0,13,-1.8e-15
A600,diameter,1600 nm,1600,LI_SBR1,NEUTRAL,ISO_z8,SENSITIVITY,RECON_CAP,0.999634,0,7.62641,0.292007,7.73953,2.4393e-27,,0,13,-1.8e-15
R500,diameter,1600 nm,1600,LI_SBR1,NEUTRAL,BRI,SENSITIVITY,RECON_CAP,0.999969,0,7.62641,1.29649,2.90785,7.62617,0.49435,0,12,-7.1e-15
R500,diameter,1600 nm,1600,LI_SBR1,NEUTRAL,ISO_z2,SENSITIVITY,RECON_CAP,0.999969,0,7.62641,0.893152,4.22101,7.32324e-09,,0,12,-7.1e-15
R500,diameter,1600 nm,1600,LI_SBR1,NEUTRAL,ISO_z4,SENSITIVITY,RECON_CAP,0.999969,0,7.62641,0.615292,6.12717,7.03233e-18,,0,12,-7.1e-15
R500,diameter,1600 nm,1600,LI_SBR1,NEUTRAL,ISO_z8,SENSITIVITY,RECON_CAP,0.999969,0,7.62641,0.292007,12.9106,6.48474e-36,,0,12,-7.1e-15
R600,diameter,1600 nm,1600,LI_SBR1,NEUTRAL,BRI,SENSITIVITY,RECON_CAP,0.999991,0,7.62641,1.29649,3.02355,7.62634,0.514008,0,10,1.6e-12
R600,diameter,1600 nm,1600,LI_SBR1,NEUTRAL,ISO_z2,SENSITIVITY,RECON_CAP,0.999991,0,7.62641,0.893152,4.38895,5.74811e-10,,0,10,1.6e-12
R600,diameter,1600 nm,1600,LI_SBR1,NEUTRAL,ISO_z4,SENSITIVITY,RECON_CAP,0.999991,0,7.62641,0.615292,6.37096,4.33245e-20,,0,10,1.6e-12
R600,diameter,1600 nm,1600,LI_SBR1,NEUTRAL,ISO_z8,SENSITIVITY,RECON_CAP,0.999991,0,7.62641,0.292007,13.4243,2.46123e-40,,0,10,1.6e-12
R800,diameter,1600 nm,1600,LI_SBR1,NEUTRAL,BRI,SENSITIVITY,RECON_CAP,0.999996,0,7.62641,1.29649,1.55034,7.62638,0.263559,0,9,1.6e-10
R800,diameter,1600 nm,1600,LI_SBR1,NEUTRAL,ISO_z2,SENSITIVITY,RECON_CAP,0.999996,0,7.62641,0.893152,2.25046,1.12186e-10,,0,9,1.6e-10
R800,diameter,1600 nm,1600,LI_SBR1,NEUTRAL,ISO_z4,SENSITIVITY,RECON_CAP,0.999996,0,7.62641,0.615292,3.26674,1.65028e-21,,0,9,1.6e-10
R800,diameter,1600 nm,1600,LI_SBR1,NEUTRAL,ISO_z8,SENSITIVITY,RECON_CAP,0.999996,0,7.62641,0.292007,6.88339,3.57107e-43,,0,9,1.6e-10
R1000,diameter,1600 nm,1600,LI_SBR1,NEUTRAL,BRI,BOUNDARY,RECON_CAP YUAN_STRONG_REDUCTION,0.999999,0,7.62641,1.29649,0.0350176,7.6264,0.005953,0,8,-1.1e-13
R1000,diameter,1600 nm,1600,LI_SBR1,NEUTRAL,ISO_z2,BOUNDARY,RECON_CAP YUAN_STRONG_REDUCTION,0.999999,0,7.62641,0.893152,0.0508312,5.77026e-12,,0,8,-1.1e-13
R1000,diameter,1600 nm,1600,LI_SBR1,NEUTRAL,ISO_z4,BOUNDARY,RECON_CAP YUAN_STRONG_REDUCTION,0.999999,0,7.62641,0.615292,0.0737861,4.36587e-24,,0,8,-1.1e-13
R1000,diameter,1600 nm,1600,LI_SBR1,NEUTRAL,ISO_z8,BOUNDARY,RECON_CAP YUAN_STRONG_REDUCTION,0.999999,0,7.62641,0.292007,0.155476,2.49932e-48,,0,8,-1.1e-13
A600,diameter,1600 nm,1600,LI_SBR1,LOCAL,BRI,SENSITIVITY,RECON_CAP,0.274985,0,7.62641,1.29649,1.74317,2.09715,1.07765,0,11,1.8e-15
A600,diameter,1600 nm,1600,LI_SBR1,LOCAL,ISO_z2,SENSITIVITY,RECON_CAP,0.274985,0,7.62641,0.893152,2.53037,1.10236,2.05015,0,11,1.8e-15
A600,diameter,1600 nm,1600,LI_SBR1,LOCAL,ISO_z4,SENSITIVITY,RECON_CAP,0.274985,0,7.62641,0.615292,3.67305,0.579451,3.90024,0,11,1.8e-15
A600,diameter,1600 nm,1600,LI_SBR1,LOCAL,ISO_z8,SENSITIVITY,RECON_CAP,0.274985,0,7.62641,0.292007,7.73953,0.160105,14.1158,0,11,1.8e-15
R500,diameter,1600 nm,1600,LI_SBR1,LOCAL,BRI,SENSITIVITY,RECON_CAP,0.523724,0,7.62641,1.29649,2.90785,3.99413,0.943885,0,10,5.0e-14
R500,diameter,1600 nm,1600,LI_SBR1,LOCAL,ISO_z2,SENSITIVITY,RECON_CAP,0.523724,0,7.62641,0.893152,4.22101,0.906025,4.16103,0,10,5.0e-14
R500,diameter,1600 nm,1600,LI_SBR1,LOCAL,ISO_z4,SENSITIVITY,RECON_CAP,0.523724,0,7.62641,0.615292,6.12717,0.205522,18.3435,0,10,5.0e-14
R500,diameter,1600 nm,1600,LI_SBR1,LOCAL,ISO_z8,SENSITIVITY,RECON_CAP,0.523724,0,7.62641,0.292007,12.9106,0.0105753,,0,10,5.0e-14
R600,diameter,1600 nm,1600,LI_SBR1,LOCAL,BRI,SENSITIVITY,RECON_CAP,0.747795,0,7.62641,1.29649,3.02355,5.70299,0.687359,0,9,2.8e-14
R600,diameter,1600 nm,1600,LI_SBR1,LOCAL,ISO_z2,SENSITIVITY,RECON_CAP,0.747795,0,7.62641,0.893152,4.38895,0.362752,10.8063,0,9,2.8e-14
R600,diameter,1600 nm,1600,LI_SBR1,LOCAL,ISO_z4,SENSITIVITY,RECON_CAP,0.747795,0,7.62641,0.615292,6.37096,0.0230737,,0,9,2.8e-14
R600,diameter,1600 nm,1600,LI_SBR1,LOCAL,ISO_z8,SENSITIVITY,RECON_CAP,0.747795,0,7.62641,0.292007,13.4243,9.33538e-05,,0,9,2.8e-14
R800,diameter,1600 nm,1600,LI_SBR1,LOCAL,BRI,SENSITIVITY,RECON_CAP,0.862501,0,7.62641,1.29649,1.55034,6.57779,0.305574,0,8,-5.7e-14
R800,diameter,1600 nm,1600,LI_SBR1,LOCAL,ISO_z2,SENSITIVITY,RECON_CAP,0.862501,0,7.62641,0.893152,2.25046,0.124359,16.1629,0,8,-5.7e-14
R800,diameter,1600 nm,1600,LI_SBR1,LOCAL,ISO_z4,SENSITIVITY,RECON_CAP,0.862501,0,7.62641,0.615292,3.26674,0.00235112,,0,8,-5.7e-14
R800,diameter,1600 nm,1600,LI_SBR1,LOCAL,ISO_z8,SENSITIVITY,RECON_CAP,0.862501,0,7.62641,0.292007,6.88339,8.40367e-07,,0,8,-5.7e-14
R1000,diameter,1600 nm,1600,LI_SBR1,LOCAL,BRI,BOUNDARY,RECON_CAP YUAN_STRONG_REDUCTION,0.959497,0,7.62641,1.29649,0.0350176,7.31752,0.00620429,0,6,-5.3e-11
R1000,diameter,1600 nm,1600,LI_SBR1,LOCAL,ISO_z2,BOUNDARY,RECON_CAP YUAN_STRONG_REDUCTION,0.959497,0,7.62641,0.893152,0.0508312,0.0120044,,0,6,-5.3e-11
R1000,diameter,1600 nm,1600,LI_SBR1,LOCAL,ISO_z4,BOUNDARY,RECON_CAP YUAN_STRONG_REDUCTION,0.959497,0,7.62641,0.615292,0.0737861,1.96932e-05,,0,6,-5.3e-11
R1000,diameter,1600 nm,1600,LI_SBR1,LOCAL,ISO_z8,BOUNDARY,RECON_CAP YUAN_STRONG_REDUCTION,0.959497,0,7.62641,0.292007,0.155476,5.2999e-11,,0,6,-5.3e-11
A600,diameter,1600 nm,1600,LI_L2,NEUTRAL,BRI,SENSITIVITY,RECON_CAP,0.998201,0,7.62641,1.29649,1.74317,7.61269,0.296873,0,13,0.0e+00
A600,diameter,1600 nm,1600,LI_L2,NEUTRAL,ISO_z2,SENSITIVITY,RECON_CAP,0.998201,0,7.62641,0.893152,2.53037,2.46415e-05,,0,13,0.0e+00
A600,diameter,1600 nm,1600,LI_L2,NEUTRAL,ISO_z4,SENSITIVITY,RECON_CAP,0.998201,0,7.62641,0.615292,3.67305,7.97622e-11,,0,13,0.0e+00
A600,diameter,1600 nm,1600,LI_L2,NEUTRAL,ISO_z8,SENSITIVITY,RECON_CAP,0.998201,0,7.62641,0.292007,7.73953,8.3571e-22,,0,13,0.0e+00
R500,diameter,1600 nm,1600,LI_L2,NEUTRAL,BRI,SENSITIVITY,RECON_CAP,0.999882,0,7.62641,1.29649,2.90785,7.62551,0.494393,0,12,7.1e-15
R500,diameter,1600 nm,1600,LI_L2,NEUTRAL,ISO_z2,SENSITIVITY,RECON_CAP,0.999882,0,7.62641,0.893152,4.22101,1.06725e-07,,0,12,7.1e-15
R500,diameter,1600 nm,1600,LI_L2,NEUTRAL,ISO_z4,SENSITIVITY,RECON_CAP,0.999882,0,7.62641,0.615292,6.12717,1.49371e-15,,0,12,7.1e-15
R500,diameter,1600 nm,1600,LI_L2,NEUTRAL,ISO_z8,SENSITIVITY,RECON_CAP,0.999882,0,7.62641,0.292007,12.9106,2.92593e-31,,0,12,7.1e-15
R600,diameter,1600 nm,1600,LI_L2,NEUTRAL,BRI,SENSITIVITY,RECON_CAP,0.999988,0,7.62641,1.29649,3.02355,7.62632,0.51401,0,11,1.4e-14
R600,diameter,1600 nm,1600,LI_L2,NEUTRAL,ISO_z2,SENSITIVITY,RECON_CAP,0.999988,0,7.62641,0.893152,4.38895,1.10916e-09,,0,11,1.4e-14
R600,diameter,1600 nm,1600,LI_L2,NEUTRAL,ISO_z4,SENSITIVITY,RECON_CAP,0.999988,0,7.62641,0.615292,6.37096,1.61314e-19,,0,11,1.4e-14
R600,diameter,1600 nm,1600,LI_L2,NEUTRAL,ISO_z8,SENSITIVITY,RECON_CAP,0.999988,0,7.62641,0.292007,13.4243,3.41215e-39,,0,11,1.4e-14
R800,diameter,1600 nm,1600,LI_L2,NEUTRAL,BRI,SENSITIVITY,RECON_CAP,0.999996,0,7.62641,1.29649,1.55034,7.62638,0.263559,0,10,1.4e-13
R800,diameter,1600 nm,1600,LI_L2,NEUTRAL,ISO_z2,SENSITIVITY,RECON_CAP,0.999996,0,7.62641,0.893152,2.25046,1.47178e-10,,0,10,1.4e-13
R800,diameter,1600 nm,1600,LI_L2,NEUTRAL,ISO_z4,SENSITIVITY,RECON_CAP,0.999996,0,7.62641,0.615292,3.26674,2.84034e-21,,0,10,1.4e-13
R800,diameter,1600 nm,1600,LI_L2,NEUTRAL,ISO_z8,SENSITIVITY,RECON_CAP,0.999996,0,7.62641,0.292007,6.88339,1.05784e-42,,0,10,1.4e-13
R1000,diameter,1600 nm,1600,LI_L2,NEUTRAL,BRI,BOUNDARY,RECON_CAP YUAN_STRONG_REDUCTION,0.999999,0,7.62641,1.29649,0.0350176,7.6264,0.005953,0,8,0.0e+00
R1000,diameter,1600 nm,1600,LI_L2,NEUTRAL,ISO_z2,BOUNDARY,RECON_CAP YUAN_STRONG_REDUCTION,0.999999,0,7.62641,0.893152,0.0508312,6.12967e-12,,0,8,0.0e+00
R1000,diameter,1600 nm,1600,LI_L2,NEUTRAL,ISO_z4,BOUNDARY,RECON_CAP YUAN_STRONG_REDUCTION,0.999999,0,7.62641,0.615292,0.0737861,4.92669e-24,,0,8,0.0e+00
R1000,diameter,1600 nm,1600,LI_L2,NEUTRAL,ISO_z8,BOUNDARY,RECON_CAP YUAN_STRONG_REDUCTION,0.999999,0,7.62641,0.292007,0.155476,3.18266e-48,,0,8,0.0e+00
A600,diameter,1600 nm,1600,LI_L2,LOCAL,BRI,SENSITIVITY,RECON_CAP,0.270341,0,7.62641,1.29649,1.74317,2.06173,1.09617,0,11,1.1e-14
A600,diameter,1600 nm,1600,LI_L2,LOCAL,ISO_z2,SENSITIVITY,RECON_CAP,0.270341,0,7.62641,0.893152,2.53037,1.09767,2.05891,0,11,1.1e-14
A600,diameter,1600 nm,1600,LI_L2,LOCAL,ISO_z4,SENSITIVITY,RECON_CAP,0.270341,0,7.62641,0.615292,3.67305,0.584402,3.8672,0,11,1.1e-14
A600,diameter,1600 nm,1600,LI_L2,LOCAL,ISO_z8,SENSITIVITY,RECON_CAP,0.270341,0,7.62641,0.292007,7.73953,0.16565,13.6432,0,11,1.1e-14
R500,diameter,1600 nm,1600,LI_L2,LOCAL,BRI,SENSITIVITY,RECON_CAP,0.517965,0,7.62641,1.29649,2.90785,3.95021,0.95438,0,10,-1.4e-14
R500,diameter,1600 nm,1600,LI_L2,LOCAL,ISO_z2,SENSITIVITY,RECON_CAP,0.517965,0,7.62641,0.893152,4.22101,0.917863,4.10736,0,10,-1.4e-14
R500,diameter,1600 nm,1600,LI_L2,LOCAL,ISO_z4,SENSITIVITY,RECON_CAP,0.517965,0,7.62641,0.615292,6.12717,0.213273,17.6769,0,10,-1.4e-14
R500,diameter,1600 nm,1600,LI_L2,LOCAL,ISO_z8,SENSITIVITY,RECON_CAP,0.517965,0,7.62641,0.292007,12.9106,0.0115147,,0,10,-1.4e-14
R600,diameter,1600 nm,1600,LI_L2,LOCAL,BRI,SENSITIVITY,RECON_CAP,0.744396,0,7.62641,1.29649,3.02355,5.67707,0.690497,0,9,-1.4e-14
R600,diameter,1600 nm,1600,LI_L2,LOCAL,ISO_z2,SENSITIVITY,RECON_CAP,0.744396,0,7.62641,0.893152,4.38895,0.370901,10.5688,0,9,-1.4e-14
R600,diameter,1600 nm,1600,LI_L2,LOCAL,ISO_z4,SENSITIVITY,RECON_CAP,0.744396,0,7.62641,0.615292,6.37096,0.0242322,,0,9,-1.4e-14
R600,diameter,1600 nm,1600,LI_L2,LOCAL,ISO_z8,SENSITIVITY,RECON_CAP,0.744396,0,7.62641,0.292007,13.4243,0.000103433,,0,9,-1.4e-14
R800,diameter,1600 nm,1600,LI_L2,LOCAL,BRI,SENSITIVITY,RECON_CAP,0.862008,0,7.62641,1.29649,1.55034,6.57403,0.305749,0,8,8.5e-14
R800,diameter,1600 nm,1600,LI_L2,LOCAL,ISO_z2,SENSITIVITY,RECON_CAP,0.862008,0,7.62641,0.893152,2.25046,0.125181,16.0567,0,8,8.5e-14
R800,diameter,1600 nm,1600,LI_L2,LOCAL,ISO_z4,SENSITIVITY,RECON_CAP,0.862008,0,7.62641,0.615292,3.26674,0.00238368,,0,8,8.5e-14
R800,diameter,1600 nm,1600,LI_L2,LOCAL,ISO_z8,SENSITIVITY,RECON_CAP,0.862008,0,7.62641,0.292007,6.88339,8.64299e-07,,0,8,8.5e-14
R1000,diameter,1600 nm,1600,LI_L2,LOCAL,BRI,BOUNDARY,RECON_CAP YUAN_STRONG_REDUCTION,0.965654,0,7.62641,1.29649,0.0350176,7.36447,0.00616473,0,6,-6.5e-11
R1000,diameter,1600 nm,1600,LI_L2,LOCAL,ISO_z2,BOUNDARY,RECON_CAP YUAN_STRONG_REDUCTION,0.965654,0,7.62641,0.893152,0.0508312,0.00868758,,0,6,-6.5e-11
R1000,diameter,1600 nm,1600,LI_L2,LOCAL,ISO_z4,BOUNDARY,RECON_CAP YUAN_STRONG_REDUCTION,0.965654,0,7.62641,0.615292,0.0737861,1.02484e-05,,0,6,-6.5e-11
R1000,diameter,1600 nm,1600,LI_L2,LOCAL,ISO_z8,BOUNDARY,RECON_CAP YUAN_STRONG_REDUCTION,0.965654,0,7.62641,0.292007,0.155476,1.42616e-11,,0,6,-6.5e-11
A600,diameter,1600 nm,1600,LI_CONT xi 0.5,NEUTRAL,BRI,SENSITIVITY,RECON_CAP,0.985001,0,7.62641,1.29649,1.74317,7.51202,0.300851,0,12,1.7e-12
A600,diameter,1600 nm,1600,LI_CONT xi 0.5,NEUTRAL,ISO_z2,SENSITIVITY,RECON_CAP,0.985001,0,7.62641,0.893152,2.53037,0.00168998,,0,12,1.7e-12
A600,diameter,1600 nm,1600,LI_CONT xi 0.5,NEUTRAL,ISO_z4,SENSITIVITY,RECON_CAP,0.985001,0,7.62641,0.615292,3.67305,3.80193e-07,,0,12,1.7e-12
A600,diameter,1600 nm,1600,LI_CONT xi 0.5,NEUTRAL,ISO_z8,SENSITIVITY,RECON_CAP,0.985001,0,7.62641,0.292007,7.73953,1.9242e-14,,0,12,1.7e-12
R500,diameter,1600 nm,1600,LI_CONT xi 0.5,NEUTRAL,BRI,SENSITIVITY,RECON_CAP,0.999817,0,7.62641,1.29649,2.90785,7.62501,0.494425,0,12,2.1e-14
R500,diameter,1600 nm,1600,LI_CONT xi 0.5,NEUTRAL,ISO_z2,SENSITIVITY,RECON_CAP,0.999817,0,7.62641,0.893152,4.22101,2.55422e-07,,0,12,2.1e-14
R500,diameter,1600 nm,1600,LI_CONT xi 0.5,NEUTRAL,ISO_z4,SENSITIVITY,RECON_CAP,0.999817,0,7.62641,0.615292,6.12717,8.5561e-15,,0,12,2.1e-14
R500,diameter,1600 nm,1600,LI_CONT xi 0.5,NEUTRAL,ISO_z8,SENSITIVITY,RECON_CAP,0.999817,0,7.62641,0.292007,12.9106,9.60088e-30,,0,12,2.1e-14
R600,diameter,1600 nm,1600,LI_CONT xi 0.5,NEUTRAL,BRI,SENSITIVITY,RECON_CAP,0.999985,0,7.62641,1.29649,3.02355,7.62629,0.514011,0,11,-2.8e-14
R600,diameter,1600 nm,1600,LI_CONT xi 0.5,NEUTRAL,ISO_z2,SENSITIVITY,RECON_CAP,0.999985,0,7.62641,0.893152,4.38895,1.81941e-09,,0,11,-2.8e-14
R600,diameter,1600 nm,1600,LI_CONT xi 0.5,NEUTRAL,ISO_z4,SENSITIVITY,RECON_CAP,0.999985,0,7.62641,0.615292,6.37096,4.34057e-19,,0,11,-2.8e-14
R600,diameter,1600 nm,1600,LI_CONT xi 0.5,NEUTRAL,ISO_z8,SENSITIVITY,RECON_CAP,0.999985,0,7.62641,0.292007,13.4243,2.47048e-38,,0,11,-2.8e-14
R800,diameter,1600 nm,1600,LI_CONT xi 0.5,NEUTRAL,BRI,SENSITIVITY,RECON_CAP,0.999995,0,7.62641,1.29649,1.55034,7.62637,0.263559,0,10,1.4e-13
R800,diameter,1600 nm,1600,LI_CONT xi 0.5,NEUTRAL,ISO_z2,SENSITIVITY,RECON_CAP,0.999995,0,7.62641,0.893152,2.25046,1.99107e-10,,0,10,1.4e-13
R800,diameter,1600 nm,1600,LI_CONT xi 0.5,NEUTRAL,ISO_z4,SENSITIVITY,RECON_CAP,0.999995,0,7.62641,0.615292,3.26674,5.19823e-21,,0,10,1.4e-13
R800,diameter,1600 nm,1600,LI_CONT xi 0.5,NEUTRAL,ISO_z8,SENSITIVITY,RECON_CAP,0.999995,0,7.62641,0.292007,6.88339,3.54318e-42,,0,10,1.4e-13
R1000,diameter,1600 nm,1600,LI_CONT xi 0.5,NEUTRAL,BRI,BOUNDARY,RECON_CAP YUAN_STRONG_REDUCTION,0.999999,0,7.62641,1.29649,0.0350176,7.6264,0.005953,0,8,0.0e+00
R1000,diameter,1600 nm,1600,LI_CONT xi 0.5,NEUTRAL,ISO_z2,BOUNDARY,RECON_CAP YUAN_STRONG_REDUCTION,0.999999,0,7.62641,0.893152,0.0508312,6.87624e-12,,0,8,0.0e+00
R1000,diameter,1600 nm,1600,LI_CONT xi 0.5,NEUTRAL,ISO_z4,BOUNDARY,RECON_CAP YUAN_STRONG_REDUCTION,0.999999,0,7.62641,0.615292,0.0737861,6.19987e-24,,0,8,0.0e+00
R1000,diameter,1600 nm,1600,LI_CONT xi 0.5,NEUTRAL,ISO_z8,BOUNDARY,RECON_CAP YUAN_STRONG_REDUCTION,0.999999,0,7.62641,0.292007,0.155476,5.04017e-48,,0,8,0.0e+00
A600,diameter,1600 nm,1600,LI_CONT xi 0.5,LOCAL,BRI,SENSITIVITY,,0.106623,0,7.62641,0.81315,2.77932,0.81315,2.77932,0,18,-1.1e-11
A600,diameter,1600 nm,1600,LI_CONT xi 0.5,LOCAL,ISO_z2,SENSITIVITY,,0.106623,0,7.62641,0.648993,3.48232,0.648993,3.48232,0,18,-1.1e-11
A600,diameter,1600 nm,1600,LI_CONT xi 0.5,LOCAL,ISO_z4,SENSITIVITY,,0.106623,0,7.62641,0.517976,4.36313,0.517976,4.36313,0,18,-1.1e-11
A600,diameter,1600 nm,1600,LI_CONT xi 0.5,LOCAL,ISO_z8,SENSITIVITY,,0.106623,0,7.62641,0.329951,6.84951,0.329951,6.84951,0,18,-1.1e-11
R500,diameter,1600 nm,1600,LI_CONT xi 0.5,LOCAL,BRI,SENSITIVITY,RECON_CAP,0.180104,0,7.62641,1.29649,2.90785,1.37355,2.74472,0,17,-2.1e-11
R500,diameter,1600 nm,1600,LI_CONT xi 0.5,LOCAL,ISO_z2,SENSITIVITY,RECON_CAP,0.180104,0,7.62641,0.893152,4.22101,0.923339,4.08301,0,17,-2.1e-11
R500,diameter,1600 nm,1600,LI_CONT xi 0.5,LOCAL,ISO_z4,SENSITIVITY,RECON_CAP,0.180104,0,7.62641,0.615292,6.12717,0.620696,6.07383,0,17,-2.1e-11
R500,diameter,1600 nm,1600,LI_CONT xi 0.5,LOCAL,ISO_z8,SENSITIVITY,RECON_CAP,0.180104,0,7.62641,0.292007,12.9106,0.280487,13.4409,0,17,-2.1e-11
R600,diameter,1600 nm,1600,LI_CONT xi 0.5,LOCAL,BRI,SENSITIVITY,RECON_CAP,0.226292,0,7.62641,1.29649,3.02355,1.72579,2.27142,0,9,-4.3e-14
R600,diameter,1600 nm,1600,LI_CONT xi 0.5,LOCAL,ISO_z2,SENSITIVITY,RECON_CAP,0.226292,0,7.62641,0.893152,4.38895,1.0331,3.7944,0,9,-4.3e-14
R600,diameter,1600 nm,1600,LI_CONT xi 0.5,LOCAL,ISO_z4,SENSITIVITY,RECON_CAP,0.226292,0,7.62641,0.615292,6.37096,0.61844,6.33853,0,9,-4.3e-14
R600,diameter,1600 nm,1600,LI_CONT xi 0.5,LOCAL,ISO_z8,SENSITIVITY,RECON_CAP,0.226292,0,7.62641,0.292007,13.4243,0.221619,17.688,0,9,-4.3e-14
R800,diameter,1600 nm,1600,LI_CONT xi 0.5,LOCAL,BRI,SENSITIVITY,RECON_CAP,0.241432,0,7.62641,1.29649,1.55034,1.84126,1.09165,0,8,0.0e+00
R800,diameter,1600 nm,1600,LI_CONT xi 0.5,LOCAL,ISO_z2,SENSITIVITY,RECON_CAP,0.241432,0,7.62641,0.893152,2.25046,1.05951,1.89711,0,8,0.0e+00
R800,diameter,1600 nm,1600,LI_CONT xi 0.5,LOCAL,ISO_z4,SENSITIVITY,RECON_CAP,0.241432,0,7.62641,0.615292,3.26674,0.609668,3.29688,0,8,0.0e+00
R800,diameter,1600 nm,1600,LI_CONT xi 0.5,LOCAL,ISO_z8,SENSITIVITY,RECON_CAP,0.241432,0,7.62641,0.292007,6.88339,0.20187,9.9569,0,8,0.0e+00
R1000,diameter,1600 nm,1600,LI_CONT xi 0.5,LOCAL,BRI,BOUNDARY,RECON_CAP YUAN_STRONG_REDUCTION,0.249045,0,7.62641,1.29649,0.0350176,1.89932,0.0239033,0,6,-5.8e-11
R1000,diameter,1600 nm,1600,LI_CONT xi 0.5,LOCAL,ISO_z2,BOUNDARY,RECON_CAP YUAN_STRONG_REDUCTION,0.249045,0,7.62641,0.893152,0.0508312,1.07109,0.0423867,0,6,-5.8e-11
R1000,diameter,1600 nm,1600,LI_CONT xi 0.5,LOCAL,ISO_z4,BOUNDARY,RECON_CAP YUAN_STRONG_REDUCTION,0.249045,0,7.62641,0.615292,0.0737861,0.604023,0.0751627,0,6,-5.8e-11
R1000,diameter,1600 nm,1600,LI_CONT xi 0.5,LOCAL,ISO_z8,BOUNDARY,RECON_CAP YUAN_STRONG_REDUCTION,0.249045,0,7.62641,0.292007,0.155476,0.192092,0.236345,0,6,-5.8e-11
A600,recon_fixed,f_rec 0.25,900,PAB,NEUTRAL,BRI,SENSITIVITY,ABOVE_17PCT,0.690932,0.25,13.5581,7.02578,0.321673,7.02578,0.321673,0,12,3.8e-13
A600,recon_fixed,f_rec 0.25,900,PAB,NEUTRAL,ISO_z2,SENSITIVITY,ABOVE_17PCT,0.690932,0.25,13.5581,0.671123,3.36749,0.671123,3.36749,0,12,3.8e-13
A600,recon_fixed,f_rec 0.25,900,PAB,NEUTRAL,ISO_z4,INVALID,ABOVE_17PCT,0.690932,0.25,13.5581,0.0641076,35.2532,0.0641076,,0,12,3.8e-13
A600,recon_fixed,f_rec 0.25,900,PAB,NEUTRAL,ISO_z8,INVALID,ABOVE_17PCT,0.690932,0.25,13.5581,0.000584958,3863.53,0.000584958,,0,12,3.8e-13
R500,recon_fixed,f_rec 0.25,900,PAB,NEUTRAL,BRI,SENSITIVITY,ABOVE_17PCT,0.96331,0.25,13.5581,9.79547,0.384872,9.79547,0.384872,0,12,0.0e+00
R500,recon_fixed,f_rec 0.25,900,PAB,NEUTRAL,ISO_z2,INVALID,ABOVE_17PCT,0.96331,0.25,13.5581,0.013186,285.91,0.013186,,0,12,0.0e+00
R500,recon_fixed,f_rec 0.25,900,PAB,NEUTRAL,ISO_z4,INVALID,ABOVE_17PCT,0.96331,0.25,13.5581,1.775e-05,212394,1.775e-05,,0,12,0.0e+00
R500,recon_fixed,f_rec 0.25,900,PAB,NEUTRAL,ISO_z8,INVALID,ABOVE_17PCT,0.96331,0.25,13.5581,3.21642e-11,1.17211e+11,3.21642e-11,,0,12,0.0e+00
R600,recon_fixed,f_rec 0.25,900,PAB,NEUTRAL,BRI,SENSITIVITY,ABOVE_17PCT,0.992154,0.25,13.5581,10.0888,0.388551,10.0888,0.388551,0,10,1.7e-11
R600,recon_fixed,f_rec 0.25,900,PAB,NEUTRAL,ISO_z2,INVALID,ABOVE_17PCT,0.992154,0.25,13.5581,0.000621013,6312.27,0.000621013,,0,10,1.7e-11
R600,recon_fixed,f_rec 0.25,900,PAB,NEUTRAL,ISO_z4,INVALID,ABOVE_17PCT,0.992154,0.25,13.5581,3.82263e-08,1.02547e+08,3.82263e-08,,0,10,1.7e-11
R600,recon_fixed,f_rec 0.25,900,PAB,NEUTRAL,ISO_z8,INVALID,ABOVE_17PCT,0.992154,0.25,13.5581,1.4484e-16,2.70644e+16,1.4484e-16,,0,10,1.7e-11
R800,recon_fixed,f_rec 0.25,900,PAB,NEUTRAL,BRI,SENSITIVITY,ABOVE_17PCT,0.996777,0.25,13.5581,10.1358,0.198308,10.1358,0.198308,0,10,1.1e-13
R800,recon_fixed,f_rec 0.25,900,PAB,NEUTRAL,ISO_z2,INVALID,ABOVE_17PCT,0.996777,0.25,13.5581,0.000105284,19091.2,0.000105284,,0,10,1.1e-13
R800,recon_fixed,f_rec 0.25,900,PAB,NEUTRAL,ISO_z4,INVALID,ABOVE_17PCT,0.996777,0.25,13.5581,1.09363e-09,1.83792e+09,1.09363e-09,,0,10,1.1e-13
R800,recon_fixed,f_rec 0.25,900,PAB,NEUTRAL,ISO_z8,INVALID,ABOVE_17PCT,0.996777,0.25,13.5581,1.18e-19,1.70339e+19,1.18e-19,,0,10,1.1e-13
R1000,recon_fixed,f_rec 0.25,900,PAB,NEUTRAL,BRI,BOUNDARY,ABOVE_17PCT YUAN_STRONG_REDUCTION,0.999309,0.25,13.5581,10.1615,0.00446784,10.1615,0.00446784,0,8,-3.4e-13
R1000,recon_fixed,f_rec 0.25,900,PAB,NEUTRAL,ISO_z2,INVALID,ABOVE_17PCT YUAN_STRONG_REDUCTION,0.999309,0.25,13.5581,4.85368e-06,9353.73,4.85368e-06,,0,8,-3.4e-13
R1000,recon_fixed,f_rec 0.25,900,PAB,NEUTRAL,ISO_z4,INVALID,ABOVE_17PCT YUAN_STRONG_REDUCTION,0.999309,0.25,13.5581,2.31837e-12,1.95827e+10,2.31837e-12,,0,8,-3.4e-13
R1000,recon_fixed,f_rec 0.25,900,PAB,NEUTRAL,ISO_z8,INVALID,ABOVE_17PCT YUAN_STRONG_REDUCTION,0.999309,0.25,13.5581,5.28942e-25,8.58318e+22,5.28942e-25,,0,8,-3.4e-13
A600,recon_fixed,f_rec 0.25,900,PAB,LOCAL,BRI,SENSITIVITY,,0.0417888,0.25,13.5581,0.424931,5.31851,0.424931,5.31851,0,11,-3.6e-15
A600,recon_fixed,f_rec 0.25,900,PAB,LOCAL,ISO_z2,SENSITIVITY,,0.0417888,0.25,13.5581,0.390159,5.79252,0.390159,5.79252,0,11,-3.6e-15
A600,recon_fixed,f_rec 0.25,900,PAB,LOCAL,ISO_z4,SENSITIVITY,,0.0417888,0.25,13.5581,0.358231,6.30877,0.358231,6.30877,0,11,-3.6e-15
A600,recon_fixed,f_rec 0.25,900,PAB,LOCAL,ISO_z8,SENSITIVITY,,0.0417888,0.25,13.5581,0.302001,7.48341,0.302001,7.48341,0,11,-3.6e-15
R500,recon_fixed,f_rec 0.25,900,PAB,LOCAL,BRI,SENSITIVITY,,0.115552,0.25,13.5581,1.17499,3.20854,1.17499,3.20854,0,10,0.0e+00
R500,recon_fixed,f_rec 0.25,900,PAB,LOCAL,ISO_z2,SENSITIVITY,,0.115552,0.25,13.5581,0.919136,4.10168,0.919136,4.10168,0,10,0.0e+00
R500,recon_fixed,f_rec 0.25,900,PAB,LOCAL,ISO_z4,SENSITIVITY,,0.115552,0.25,13.5581,0.718993,5.24344,0.718993,5.24344,0,10,0.0e+00
R500,recon_fixed,f_rec 0.25,900,PAB,LOCAL,ISO_z8,SENSITIVITY,,0.115552,0.25,13.5581,0.439962,8.56893,0.439962,8.56893,0,10,0.0e+00
R600,recon_fixed,f_rec 0.25,900,PAB,LOCAL,BRI,SENSITIVITY,ABOVE_17PCT,0.255231,0.25,13.5581,2.59533,1.5104,2.59533,1.5104,0,9,1.4e-14
R600,recon_fixed,f_rec 0.25,900,PAB,LOCAL,ISO_z2,SENSITIVITY,ABOVE_17PCT,0.255231,0.25,13.5581,1.43958,2.72302,1.43958,2.72302,0,9,1.4e-14
R600,recon_fixed,f_rec 0.25,900,PAB,LOCAL,ISO_z4,SENSITIVITY,ABOVE_17PCT,0.255231,0.25,13.5581,0.798507,4.90916,0.798507,4.90916,0,9,1.4e-14
R600,recon_fixed,f_rec 0.25,900,PAB,LOCAL,ISO_z8,SENSITIVITY,ABOVE_17PCT,0.255231,0.25,13.5581,0.245677,15.9559,0.245677,15.9559,0,9,1.4e-14
R800,recon_fixed,f_rec 0.25,900,PAB,LOCAL,BRI,SENSITIVITY,ABOVE_17PCT,0.411745,0.25,13.5581,4.18685,0.480075,4.18685,0.480075,0,8,8.5e-14
R800,recon_fixed,f_rec 0.25,900,PAB,LOCAL,ISO_z2,SENSITIVITY,ABOVE_17PCT,0.411745,0.25,13.5581,1.44883,1.38732,1.44883,1.38732,0,8,8.5e-14
R800,recon_fixed,f_rec 0.25,900,PAB,LOCAL,ISO_z4,SENSITIVITY,ABOVE_17PCT,0.411745,0.25,13.5581,0.50136,4.00909,0.50136,4.00909,0,8,8.5e-14
R800,recon_fixed,f_rec 0.25,900,PAB,LOCAL,ISO_z8,INVALID,ABOVE_17PCT,0.411745,0.25,13.5581,0.0600361,33.4799,0.0600361,,0,8,8.5e-14
R1000,recon_fixed,f_rec 0.25,900,PAB,LOCAL,BRI,BOUNDARY,ABOVE_17PCT YUAN_STRONG_REDUCTION,0.694472,0.25,13.5581,7.06178,0.00642898,7.06178,0.00642898,0,6,-5.4e-11
R1000,recon_fixed,f_rec 0.25,900,PAB,LOCAL,ISO_z2,BOUNDARY,ABOVE_17PCT YUAN_STRONG_REDUCTION,0.694472,0.25,13.5581,0.659196,0.0688718,0.659196,0.0688718,0,6,-5.4e-11
R1000,recon_fixed,f_rec 0.25,900,PAB,LOCAL,ISO_z4,INVALID,ABOVE_17PCT YUAN_STRONG_REDUCTION,0.694472,0.25,13.5581,0.061534,0.737803,0.061534,,0,6,-5.4e-11
R1000,recon_fixed,f_rec 0.25,900,PAB,LOCAL,ISO_z8,INVALID,ABOVE_17PCT YUAN_STRONG_REDUCTION,0.694472,0.25,13.5581,0.000536187,84.6719,0.000536187,,0,6,-5.4e-11
A600,recon_fixed,f_rec 0.25,900,HAM,NEUTRAL,BRI,SENSITIVITY,ABOVE_17PCT,0.9659,0.25,13.5581,9.8218,0.2301,9.8218,0.2301,0,13,7.1e-15
A600,recon_fixed,f_rec 0.25,900,HAM,NEUTRAL,ISO_z2,INVALID,ABOVE_17PCT,0.9659,0.25,13.5581,0.0114207,197.887,0.0114207,,0,13,7.1e-15
A600,recon_fixed,f_rec 0.25,900,HAM,NEUTRAL,ISO_z4,INVALID,ABOVE_17PCT,0.9659,0.25,13.5581,1.32798e-05,170183,1.32798e-05,,0,13,7.1e-15
A600,recon_fixed,f_rec 0.25,900,HAM,NEUTRAL,ISO_z8,INVALID,ABOVE_17PCT,0.9659,0.25,13.5581,1.79553e-11,1.25868e+11,1.79553e-11,,0,13,7.1e-15
R500,recon_fixed,f_rec 0.25,900,HAM,NEUTRAL,BRI,SENSITIVITY,ABOVE_17PCT,0.999774,0.25,13.5581,10.1663,0.370835,10.1663,0.370835,0,12,0.0e+00
R500,recon_fixed,f_rec 0.25,900,HAM,NEUTRAL,ISO_z2,INVALID,ABOVE_17PCT,0.999774,0.25,13.5581,5.17146e-07,7.29001e+06,5.17146e-07,,0,12,0.0e+00
R500,recon_fixed,f_rec 0.25,900,HAM,NEUTRAL,ISO_z4,INVALID,ABOVE_17PCT,0.999774,0.25,13.5581,2.63066e-14,1.4331e+14,2.63066e-14,,0,12,0.0e+00
R500,recon_fixed,f_rec 0.25,900,HAM,NEUTRAL,ISO_z8,INVALID,ABOVE_17PCT,0.999774,0.25,13.5581,6.80722e-29,5.53823e+28,6.80722e-29,,0,12,0.0e+00
R600,recon_fixed,f_rec 0.25,900,HAM,NEUTRAL,BRI,SENSITIVITY,ABOVE_17PCT,0.999961,0.25,13.5581,10.1681,0.385518,10.1681,0.385518,0,10,2.7e-11
R600,recon_fixed,f_rec 0.25,900,HAM,NEUTRAL,ISO_z2,INVALID,ABOVE_17PCT,0.999961,0.25,13.5581,1.5577e-08,2.51653e+08,1.5577e-08,,0,10,2.7e-11
R600,recon_fixed,f_rec 0.25,900,HAM,NEUTRAL,ISO_z4,INVALID,ABOVE_17PCT,0.999961,0.25,13.5581,2.38631e-17,1.6427e+17,2.38631e-17,,0,10,2.7e-11
R600,recon_fixed,f_rec 0.25,900,HAM,NEUTRAL,ISO_z8,INVALID,ABOVE_17PCT,0.999961,0.25,13.5581,5.6003e-35,6.99962e+34,5.6003e-35,,0,10,2.7e-11
R800,recon_fixed,f_rec 0.25,900,HAM,NEUTRAL,BRI,SENSITIVITY,ABOVE_17PCT,0.999984,0.25,13.5581,10.1684,0.197672,10.1684,0.197672,0,10,-2.8e-14
R800,recon_fixed,f_rec 0.25,900,HAM,NEUTRAL,ISO_z2,INVALID,ABOVE_17PCT,0.999984,0.25,13.5581,2.57557e-09,7.80409e+08,2.57557e-09,,0,10,-2.8e-14
R800,recon_fixed,f_rec 0.25,900,HAM,NEUTRAL,ISO_z4,INVALID,ABOVE_17PCT,0.999984,0.25,13.5581,6.52372e-19,3.08106e+18,6.52372e-19,,0,10,-2.8e-14
R800,recon_fixed,f_rec 0.25,900,HAM,NEUTRAL,ISO_z8,INVALID,ABOVE_17PCT,0.999984,0.25,13.5581,4.18542e-38,4.80239e+37,4.18542e-38,,0,10,-2.8e-14
R1000,recon_fixed,f_rec 0.25,900,HAM,NEUTRAL,BRI,BOUNDARY,ABOVE_17PCT YUAN_STRONG_REDUCTION,0.999997,0.25,13.5581,10.1685,0.00446476,10.1685,0.00446476,0,8,1.1e-13
R1000,recon_fixed,f_rec 0.25,900,HAM,NEUTRAL,ISO_z2,INVALID,ABOVE_17PCT YUAN_STRONG_REDUCTION,0.999997,0.25,13.5581,1.18256e-10,3.83914e+08,1.18256e-10,,0,8,1.1e-13
R1000,recon_fixed,f_rec 0.25,900,HAM,NEUTRAL,ISO_z4,INVALID,ABOVE_17PCT YUAN_STRONG_REDUCTION,0.999997,0.25,13.5581,1.37527e-21,3.30118e+19,1.37527e-21,,0,8,1.1e-13
R1000,recon_fixed,f_rec 0.25,900,HAM,NEUTRAL,ISO_z8,INVALID,ABOVE_17PCT YUAN_STRONG_REDUCTION,0.999997,0.25,13.5581,1.86001e-43,2.44085e+41,1.86001e-43,,0,8,1.1e-13
A600,recon_fixed,f_rec 0.25,900,HAM,LOCAL,BRI,SENSITIVITY,ABOVE_17PCT,0.205519,0.25,13.5581,2.08982,1.08143,2.08982,1.08143,0,11,7.1e-15
A600,recon_fixed,f_rec 0.25,900,HAM,LOCAL,ISO_z2,SENSITIVITY,ABOVE_17PCT,0.205519,0.25,13.5581,1.3191,1.71329,1.3191,1.71329,0,11,7.1e-15
A600,recon_fixed,f_rec 0.25,900,HAM,LOCAL,ISO_z4,SENSITIVITY,ABOVE_17PCT,0.205519,0.25,13.5581,0.832616,2.71434,0.832616,2.71434,0,11,7.1e-15
A600,recon_fixed,f_rec 0.25,900,HAM,LOCAL,ISO_z8,SENSITIVITY,ABOVE_17PCT,0.205519,0.25,13.5581,0.331726,6.81284,0.331726,6.81284,0,11,7.1e-15
R500,recon_fixed,f_rec 0.25,900,HAM,LOCAL,BRI,SENSITIVITY,ABOVE_17PCT,0.469993,0.25,13.5581,4.77915,0.788844,4.77915,0.788844,0,10,-1.4e-14
R500,recon_fixed,f_rec 0.25,900,HAM,LOCAL,ISO_z2,SENSITIVITY,ABOVE_17PCT,0.469993,0.25,13.5581,1.3425,2.8082,1.3425,2.8082,0,10,-1.4e-14
R500,recon_fixed,f_rec 0.25,900,HAM,LOCAL,ISO_z4,SENSITIVITY,ABOVE_17PCT,0.469993,0.25,13.5581,0.377117,9.99689,0.377117,9.99689,0,10,-1.4e-14
R500,recon_fixed,f_rec 0.25,900,HAM,LOCAL,ISO_z8,INVALID,ABOVE_17PCT,0.469993,0.25,13.5581,0.0297579,126.689,0.0297579,,0,10,-1.4e-14
R600,recon_fixed,f_rec 0.25,900,HAM,LOCAL,BRI,SENSITIVITY,ABOVE_17PCT,0.755035,0.25,13.5581,7.67761,0.510575,7.67761,0.510575,0,9,-4.3e-14
R600,recon_fixed,f_rec 0.25,900,HAM,LOCAL,ISO_z2,SENSITIVITY,ABOVE_17PCT,0.755035,0.25,13.5581,0.460716,8.5085,0.460716,8.5085,0,9,-4.3e-14
R600,recon_fixed,f_rec 0.25,900,HAM,LOCAL,ISO_z4,INVALID,ABOVE_17PCT,0.755035,0.25,13.5581,0.0276465,141.79,0.0276465,,0,9,-4.3e-14
R600,recon_fixed,f_rec 0.25,900,HAM,LOCAL,ISO_z8,INVALID,ABOVE_17PCT,0.755035,0.25,13.5581,9.95527e-05,39376.1,9.95527e-05,,0,9,-4.3e-14
R800,recon_fixed,f_rec 0.25,900,HAM,LOCAL,BRI,SENSITIVITY,ABOVE_17PCT,0.900636,0.25,13.5581,9.15816,0.219476,9.15816,0.219476,0,8,0.0e+00
R800,recon_fixed,f_rec 0.25,900,HAM,LOCAL,ISO_z2,INVALID,ABOVE_17PCT,0.900636,0.25,13.5581,0.0904199,22.2296,0.0904199,,0,8,0.0e+00
R800,recon_fixed,f_rec 0.25,900,HAM,LOCAL,ISO_z4,INVALID,ABOVE_17PCT,0.900636,0.25,13.5581,0.000892729,2251.52,0.000892729,,0,8,0.0e+00
R800,recon_fixed,f_rec 0.25,900,HAM,LOCAL,ISO_z8,INVALID,ABOVE_17PCT,0.900636,0.25,13.5581,8.70224e-08,2.30975e+07,8.70224e-08,,0,8,0.0e+00
R1000,recon_fixed,f_rec 0.25,900,HAM,LOCAL,BRI,BOUNDARY,ABOVE_17PCT YUAN_STRONG_REDUCTION,0.976607,0.25,13.5581,9.93067,0.00457169,9.93067,0.00457169,0,6,-6.1e-11
R1000,recon_fixed,f_rec 0.25,900,HAM,LOCAL,ISO_z2,INVALID,ABOVE_17PCT YUAN_STRONG_REDUCTION,0.976607,0.25,13.5581,0.00543445,8.35412,0.00543445,,0,6,-6.1e-11
R1000,recon_fixed,f_rec 0.25,900,HAM,LOCAL,ISO_z4,INVALID,ABOVE_17PCT YUAN_STRONG_REDUCTION,0.976607,0.25,13.5581,2.97394e-06,15265.9,2.97394e-06,,0,6,-6.1e-11
R1000,recon_fixed,f_rec 0.25,900,HAM,LOCAL,ISO_z8,INVALID,ABOVE_17PCT YUAN_STRONG_REDUCTION,0.976607,0.25,13.5581,8.90606e-13,5.09765e+10,8.90606e-13,,0,6,-6.1e-11
A600,recon_fixed,f_rec 0.25,900,LI_SBR1,NEUTRAL,BRI,SENSITIVITY,ABOVE_17PCT,0.996646,0.25,13.5581,10.1344,0.223002,10.1344,0.223002,0,14,0.0e+00
A600,recon_fixed,f_rec 0.25,900,LI_SBR1,NEUTRAL,ISO_z2,INVALID,ABOVE_17PCT,0.996646,0.25,13.5581,0.000113997,19825,0.000113997,,0,14,0.0e+00
A600,recon_fixed,f_rec 0.25,900,LI_SBR1,NEUTRAL,ISO_z4,INVALID,ABOVE_17PCT,0.996646,0.25,13.5581,1.2823e-09,1.76246e+09,1.2823e-09,,0,14,0.0e+00
A600,recon_fixed,f_rec 0.25,900,LI_SBR1,NEUTRAL,ISO_z8,INVALID,ABOVE_17PCT,0.996646,0.25,13.5581,1.62248e-19,1.39293e+19,1.62248e-19,,0,14,0.0e+00
R500,recon_fixed,f_rec 0.25,900,LI_SBR1,NEUTRAL,BRI,SENSITIVITY,ABOVE_17PCT,0.999947,0.25,13.5581,10.168,0.370771,10.168,0.370771,0,12,-7.1e-15
R500,recon_fixed,f_rec 0.25,900,LI_SBR1,NEUTRAL,ISO_z2,INVALID,ABOVE_17PCT,0.999947,0.25,13.5581,2.81725e-08,1.33818e+08,2.81725e-08,,0,12,-7.1e-15
R500,recon_fixed,f_rec 0.25,900,LI_SBR1,NEUTRAL,ISO_z4,INVALID,ABOVE_17PCT,0.999947,0.25,13.5581,7.80576e-17,4.82977e+16,7.80576e-17,,0,12,-7.1e-15
R500,recon_fixed,f_rec 0.25,900,LI_SBR1,NEUTRAL,ISO_z8,INVALID,ABOVE_17PCT,0.999947,0.25,13.5581,5.99231e-34,6.2914e+33,5.99231e-34,,0,12,-7.1e-15
R600,recon_fixed,f_rec 0.25,900,LI_SBR1,NEUTRAL,BRI,SENSITIVITY,ABOVE_17PCT,0.99999,0.25,13.5581,10.1684,0.385506,10.1684,0.385506,0,10,2.3e-11
R600,recon_fixed,f_rec 0.25,900,LI_SBR1,NEUTRAL,ISO_z2,INVALID,ABOVE_17PCT,0.99999,0.25,13.5581,1.00449e-09,3.90248e+09,1.00449e-09,,0,10,2.3e-11
R600,recon_fixed,f_rec 0.25,900,LI_SBR1,NEUTRAL,ISO_z4,INVALID,ABOVE_17PCT,0.99999,0.25,13.5581,9.92283e-20,3.95049e+19,9.92283e-20,,0,10,2.3e-11
R600,recon_fixed,f_rec 0.25,900,LI_SBR1,NEUTRAL,ISO_z8,INVALID,ABOVE_17PCT,0.99999,0.25,13.5581,9.68314e-40,4.04827e+39,9.68314e-40,,0,10,2.3e-11
R800,recon_fixed,f_rec 0.25,900,LI_SBR1,NEUTRAL,BRI,SENSITIVITY,ABOVE_17PCT,0.999996,0.25,13.5581,10.1685,0.197669,10.1685,0.197669,0,10,2.8e-14
R800,recon_fixed,f_rec 0.25,900,LI_SBR1,NEUTRAL,ISO_z2,INVALID,ABOVE_17PCT,0.999996,0.25,13.5581,1.68089e-10,1.19579e+10,1.68089e-10,,0,10,2.8e-14
R800,recon_fixed,f_rec 0.25,900,LI_SBR1,NEUTRAL,ISO_z4,INVALID,ABOVE_17PCT,0.999996,0.25,13.5581,2.77858e-21,7.2339e+20,2.77858e-21,,0,10,2.8e-14
R800,recon_fixed,f_rec 0.25,900,LI_SBR1,NEUTRAL,ISO_z8,INVALID,ABOVE_17PCT,0.999996,0.25,13.5581,7.59259e-43,2.64732e+42,7.59259e-43,,0,10,2.8e-14
R1000,recon_fixed,f_rec 0.25,900,LI_SBR1,NEUTRAL,BRI,BOUNDARY,ABOVE_17PCT YUAN_STRONG_REDUCTION,0.999999,0.25,13.5581,10.1685,0.00446475,10.1685,0.00446475,0,8,0.0e+00
R1000,recon_fixed,f_rec 0.25,900,LI_SBR1,NEUTRAL,ISO_z2,INVALID,ABOVE_17PCT YUAN_STRONG_REDUCTION,0.999999,0.25,13.5581,7.90048e-12,5.74649e+09,7.90048e-12,,0,8,0.0e+00
R1000,recon_fixed,f_rec 0.25,900,LI_SBR1,NEUTRAL,ISO_z4,INVALID,ABOVE_17PCT YUAN_STRONG_REDUCTION,0.999999,0.25,13.5581,6.13831e-24,7.39618e+21,6.13831e-24,,0,8,0.0e+00
R1000,recon_fixed,f_rec 0.25,900,LI_SBR1,NEUTRAL,ISO_z8,INVALID,ABOVE_17PCT YUAN_STRONG_REDUCTION,0.999999,0.25,13.5581,3.70543e-48,1.22523e+46,3.70543e-48,,0,8,0.0e+00
A600,recon_fixed,f_rec 0.25,900,LI_SBR1,LOCAL,BRI,SENSITIVITY,ABOVE_17PCT,0.277655,0.25,13.5581,2.82335,0.800468,2.82335,0.800468,0,11,-1.1e-14
A600,recon_fixed,f_rec 0.25,900,LI_SBR1,LOCAL,ISO_z2,SENSITIVITY,ABOVE_17PCT,0.277655,0.25,13.5581,1.47317,1.5341,1.47317,1.5341,0,11,-1.1e-14
A600,recon_fixed,f_rec 0.25,900,LI_SBR1,LOCAL,ISO_z4,SENSITIVITY,ABOVE_17PCT,0.277655,0.25,13.5581,0.768675,2.94012,0.768675,2.94012,0,11,-1.1e-14
A600,recon_fixed,f_rec 0.25,900,LI_SBR1,LOCAL,ISO_z8,SENSITIVITY,ABOVE_17PCT,0.277655,0.25,13.5581,0.209277,10.7991,0.209277,10.7991,0,11,-1.1e-14
R500,recon_fixed,f_rec 0.25,900,LI_SBR1,LOCAL,BRI,SENSITIVITY,ABOVE_17PCT,0.592105,0.25,13.5581,6.02085,0.626157,6.02085,0.626157,0,10,-1.4e-14
R500,recon_fixed,f_rec 0.25,900,LI_SBR1,LOCAL,ISO_z2,SENSITIVITY,ABOVE_17PCT,0.592105,0.25,13.5581,1.00174,3.76346,1.00174,3.76346,0,10,-1.4e-14
R500,recon_fixed,f_rec 0.25,900,LI_SBR1,LOCAL,ISO_z4,SENSITIVITY,ABOVE_17PCT,0.592105,0.25,13.5581,0.166667,22.6199,0.166667,22.6199,0,10,-1.4e-14
R500,recon_fixed,f_rec 0.25,900,LI_SBR1,LOCAL,ISO_z8,INVALID,ABOVE_17PCT,0.592105,0.25,13.5581,0.00461362,817.145,0.00461362,,0,10,-1.4e-14
R600,recon_fixed,f_rec 0.25,900,LI_SBR1,LOCAL,BRI,SENSITIVITY,ABOVE_17PCT,0.864914,0.25,13.5581,8.79492,0.445712,8.79492,0.445712,0,9,4.3e-14
R600,recon_fixed,f_rec 0.25,900,LI_SBR1,LOCAL,ISO_z2,SENSITIVITY,ABOVE_17PCT,0.864914,0.25,13.5581,0.160491,24.425,0.160491,24.425,0,9,4.3e-14
R600,recon_fixed,f_rec 0.25,900,LI_SBR1,LOCAL,ISO_z4,INVALID,ABOVE_17PCT,0.864914,0.25,13.5581,0.00292866,1338.49,0.00292866,,0,9,4.3e-14
R600,recon_fixed,f_rec 0.25,900,LI_SBR1,LOCAL,ISO_z8,INVALID,ABOVE_17PCT,0.864914,0.25,13.5581,9.75231e-07,4.01956e+06,9.75231e-07,,0,9,4.3e-14
R800,recon_fixed,f_rec 0.25,900,LI_SBR1,LOCAL,BRI,SENSITIVITY,ABOVE_17PCT,0.967788,0.25,13.5581,9.841,0.204248,9.841,0.204248,0,8,-2.8e-14
R800,recon_fixed,f_rec 0.25,900,LI_SBR1,LOCAL,ISO_z2,INVALID,ABOVE_17PCT,0.967788,0.25,13.5581,0.0102111,196.844,0.0102111,,0,8,-2.8e-14
R800,recon_fixed,f_rec 0.25,900,LI_SBR1,LOCAL,ISO_z4,INVALID,ABOVE_17PCT,0.967788,0.25,13.5581,1.05952e-05,189709,1.05952e-05,,0,8,-2.8e-14
R800,recon_fixed,f_rec 0.25,900,LI_SBR1,LOCAL,ISO_z8,INVALID,ABOVE_17PCT,0.967788,0.25,13.5581,1.14071e-11,1.76205e+11,1.14071e-11,,0,8,-2.8e-14
R1000,recon_fixed,f_rec 0.25,900,LI_SBR1,LOCAL,BRI,BOUNDARY,ABOVE_17PCT YUAN_STRONG_REDUCTION,0.997481,0.25,13.5581,10.1429,0.00447602,10.1429,0.00447602,0,6,-6.2e-11
R1000,recon_fixed,f_rec 0.25,900,LI_SBR1,LOCAL,ISO_z2,INVALID,ABOVE_17PCT YUAN_STRONG_REDUCTION,0.997481,0.25,13.5581,6.43493e-05,705.525,6.43493e-05,,0,6,-6.2e-11
R1000,recon_fixed,f_rec 0.25,900,LI_SBR1,LOCAL,ISO_z4,INVALID,ABOVE_17PCT YUAN_STRONG_REDUCTION,0.997481,0.25,13.5581,4.08248e-10,1.11207e+08,4.08248e-10,,0,6,-6.2e-11
R1000,recon_fixed,f_rec 0.25,900,LI_SBR1,LOCAL,ISO_z8,INVALID,ABOVE_17PCT YUAN_STRONG_REDUCTION,0.997481,0.25,13.5581,1.64317e-20,2.76294e+18,1.64317e-20,,0,6,-6.2e-11
A600,recon_fixed,f_rec 0.25,900,LI_L2,NEUTRAL,BRI,SENSITIVITY,ABOVE_17PCT,0.987702,0.25,13.5581,10.0435,0.225021,10.0435,0.225021,0,14,-3.6e-15
A600,recon_fixed,f_rec 0.25,900,LI_L2,NEUTRAL,ISO_z2,INVALID,ABOVE_17PCT,0.987702,0.25,13.5581,0.00151893,1487.89,0.00151893,,0,14,-3.6e-15
A600,recon_fixed,f_rec 0.25,900,LI_L2,NEUTRAL,ISO_z4,INVALID,ABOVE_17PCT,0.987702,0.25,13.5581,2.29715e-07,9.83826e+06,2.29715e-07,,0,14,-3.6e-15
A600,recon_fixed,f_rec 0.25,900,LI_L2,NEUTRAL,ISO_z8,INVALID,ABOVE_17PCT,0.987702,0.25,13.5581,5.25406e-15,4.30143e+14,5.25406e-15,,0,14,-3.6e-15
R500,recon_fixed,f_rec 0.25,900,LI_L2,NEUTRAL,BRI,SENSITIVITY,ABOVE_17PCT,0.999493,0.25,13.5581,10.1634,0.370939,10.1634,0.370939,0,11,1.4e-14
R500,recon_fixed,f_rec 0.25,900,LI_L2,NEUTRAL,ISO_z2,INVALID,ABOVE_17PCT,0.999493,0.25,13.5581,2.60969e-06,1.44461e+06,2.60969e-06,,0,11,1.4e-14
R500,recon_fixed,f_rec 0.25,900,LI_L2,NEUTRAL,ISO_z4,INVALID,ABOVE_17PCT,0.999493,0.25,13.5581,6.70101e-13,5.62602e+12,6.70101e-13,,0,11,1.4e-14
R500,recon_fixed,f_rec 0.25,900,LI_L2,NEUTRAL,ISO_z8,INVALID,ABOVE_17PCT,0.999493,0.25,13.5581,4.41816e-26,8.53296e+25,4.41816e-26,,0,11,1.4e-14
R600,recon_fixed,f_rec 0.25,900,LI_L2,NEUTRAL,BRI,SENSITIVITY,ABOVE_17PCT,0.999978,0.25,13.5581,10.1683,0.385511,10.1683,0.385511,0,11,2.8e-14
R600,recon_fixed,f_rec 0.25,900,LI_L2,NEUTRAL,ISO_z2,INVALID,ABOVE_17PCT,0.999978,0.25,13.5581,4.9963e-09,7.8458e+08,4.9963e-09,,0,11,2.8e-14
R600,recon_fixed,f_rec 0.25,900,LI_L2,NEUTRAL,ISO_z4,INVALID,ABOVE_17PCT,0.999978,0.25,13.5581,2.45498e-18,1.59675e+18,2.45498e-18,,0,11,2.8e-14
R600,recon_fixed,f_rec 0.25,900,LI_L2,NEUTRAL,ISO_z8,INVALID,ABOVE_17PCT,0.999978,0.25,13.5581,5.92716e-37,6.61362e+36,5.92716e-37,,0,11,2.8e-14
R800,recon_fixed,f_rec 0.25,900,LI_L2,NEUTRAL,BRI,SENSITIVITY,ABOVE_17PCT,0.999995,0.25,13.5581,10.1685,0.197669,10.1685,0.197669,0,10,-2.8e-14
R800,recon_fixed,f_rec 0.25,900,LI_L2,NEUTRAL,ISO_z2,INVALID,ABOVE_17PCT,0.999995,0.25,13.5581,2.897e-10,6.93821e+09,2.897e-10,,0,10,-2.8e-14
R800,recon_fixed,f_rec 0.25,900,LI_L2,NEUTRAL,ISO_z4,INVALID,ABOVE_17PCT,0.999995,0.25,13.5581,8.25355e-21,2.43532e+20,8.25355e-21,,0,10,-2.8e-14
R800,recon_fixed,f_rec 0.25,900,LI_L2,NEUTRAL,ISO_z8,INVALID,ABOVE_17PCT,0.999995,0.25,13.5581,6.69923e-42,3.00034e+41,6.69923e-42,,0,10,-2.8e-14
R1000,recon_fixed,f_rec 0.25,900,LI_L2,NEUTRAL,BRI,BOUNDARY,ABOVE_17PCT YUAN_STRONG_REDUCTION,0.999999,0.25,13.5581,10.1685,0.00446475,10.1685,0.00446475,0,8,2.3e-13
R1000,recon_fixed,f_rec 0.25,900,LI_L2,NEUTRAL,ISO_z2,INVALID,ABOVE_17PCT YUAN_STRONG_REDUCTION,0.999999,0.25,13.5581,8.81993e-12,5.14743e+09,8.81993e-12,,0,8,2.3e-13
R1000,recon_fixed,f_rec 0.25,900,LI_L2,NEUTRAL,ISO_z4,INVALID,ABOVE_17PCT YUAN_STRONG_REDUCTION,0.999999,0.25,13.5581,7.65018e-24,5.9345e+21,7.65018e-24,,0,8,2.3e-13
R1000,recon_fixed,f_rec 0.25,900,LI_L2,NEUTRAL,ISO_z8,INVALID,ABOVE_17PCT YUAN_STRONG_REDUCTION,0.999999,0.25,13.5581,5.75553e-48,7.88807e+45,5.75553e-48,,0,8,2.3e-13
A600,recon_fixed,f_rec 0.25,900,LI_L2,LOCAL,BRI,SENSITIVITY,ABOVE_17PCT,0.26962,0.25,13.5581,2.74164,0.824324,2.74164,0.824324,0,11,1.8e-15
A600,recon_fixed,f_rec 0.25,900,LI_L2,LOCAL,ISO_z2,SENSITIVITY,ABOVE_17PCT,0.26962,0.25,13.5581,1.46254,1.54525,1.46254,1.54525,0,11,1.8e-15
A600,recon_fixed,f_rec 0.25,900,LI_L2,LOCAL,ISO_z4,SENSITIVITY,ABOVE_17PCT,0.26962,0.25,13.5581,0.780201,2.89669,0.780201,2.89669,0,11,1.8e-15
A600,recon_fixed,f_rec 0.25,900,LI_L2,LOCAL,ISO_z8,SENSITIVITY,ABOVE_17PCT,0.26962,0.25,13.5581,0.222025,10.179,0.222025,10.179,0,11,1.8e-15
R500,recon_fixed,f_rec 0.25,900,LI_L2,LOCAL,BRI,SENSITIVITY,ABOVE_17PCT,0.580417,0.25,13.5581,5.902,0.638767,5.902,0.638767,0,10,-2.8e-14
R500,recon_fixed,f_rec 0.25,900,LI_L2,LOCAL,ISO_z2,SENSITIVITY,ABOVE_17PCT,0.580417,0.25,13.5581,1.03905,3.62833,1.03905,3.62833,0,10,-2.8e-14
R500,recon_fixed,f_rec 0.25,900,LI_L2,LOCAL,ISO_z4,SENSITIVITY,ABOVE_17PCT,0.580417,0.25,13.5581,0.182924,20.6096,0.182924,20.6096,0,10,-2.8e-14
R500,recon_fixed,f_rec 0.25,900,LI_L2,LOCAL,ISO_z8,INVALID,ABOVE_17PCT,0.580417,0.25,13.5581,0.00566948,664.964,0.00566948,,0,10,-2.8e-14
R600,recon_fixed,f_rec 0.25,900,LI_L2,LOCAL,BRI,SENSITIVITY,ABOVE_17PCT,0.858573,0.25,13.5581,8.73044,0.449004,8.73044,0.449004,0,9,-4.3e-14
R600,recon_fixed,f_rec 0.25,900,LI_L2,LOCAL,ISO_z2,SENSITIVITY,ABOVE_17PCT,0.858573,0.25,13.5581,0.174623,22.4484,0.174623,22.4484,0,9,-4.3e-14
R600,recon_fixed,f_rec 0.25,900,LI_L2,LOCAL,ISO_z4,INVALID,ABOVE_17PCT,0.858573,0.25,13.5581,0.00349273,1122.33,0.00349273,,0,9,-4.3e-14
R600,recon_fixed,f_rec 0.25,900,LI_L2,LOCAL,ISO_z8,INVALID,ABOVE_17PCT,0.858573,0.25,13.5581,1.39731e-06,2.80539e+06,1.39731e-06,,0,9,-4.3e-14
R800,recon_fixed,f_rec 0.25,900,LI_L2,LOCAL,BRI,SENSITIVITY,ABOVE_17PCT,0.968378,0.25,13.5581,9.84699,0.204123,9.84699,0.204123,0,8,-2.8e-14
R800,recon_fixed,f_rec 0.25,900,LI_L2,LOCAL,ISO_z2,INVALID,ABOVE_17PCT,0.968378,0.25,13.5581,0.00984673,204.129,0.00984673,,0,8,-2.8e-14
R800,recon_fixed,f_rec 0.25,900,LI_L2,LOCAL,ISO_z4,INVALID,ABOVE_17PCT,0.968378,0.25,13.5581,9.84647e-06,204134,9.84647e-06,,0,8,-2.8e-14
R800,recon_fixed,f_rec 0.25,900,LI_L2,LOCAL,ISO_z8,INVALID,ABOVE_17PCT,0.968378,0.25,13.5581,9.84595e-12,2.04145e+11,9.84595e-12,,0,8,-2.8e-14
R1000,recon_fixed,f_rec 0.25,900,LI_L2,LOCAL,BRI,BOUNDARY,ABOVE_17PCT YUAN_STRONG_REDUCTION,0.999587,0.25,13.5581,10.1643,0.00446659,10.1643,0.00446659,0,6,-9.1e-11
R1000,recon_fixed,f_rec 0.25,900,LI_L2,LOCAL,ISO_z2,INVALID,ABOVE_17PCT YUAN_STRONG_REDUCTION,0.999587,0.25,13.5581,1.73218e-06,26209.7,1.73218e-06,,0,6,-9.1e-11
R1000,recon_fixed,f_rec 0.25,900,LI_L2,LOCAL,ISO_z4,INVALID,ABOVE_17PCT YUAN_STRONG_REDUCTION,0.999587,0.25,13.5581,2.95194e-13,1.53797e+11,2.95194e-13,,0,6,-9.1e-11
R1000,recon_fixed,f_rec 0.25,900,LI_L2,LOCAL,ISO_z8,INVALID,ABOVE_17PCT YUAN_STRONG_REDUCTION,0.999587,0.25,13.5581,8.57305e-27,5.29567e+24,8.57305e-27,,0,6,-9.1e-11
A600,recon_fixed,f_rec 0.25,900,LI_CONT xi 0.5,NEUTRAL,BRI,SENSITIVITY,ABOVE_17PCT,0.888844,0.25,13.5581,9.03825,0.250048,9.03825,0.250048,0,12,0.0e+00
A600,recon_fixed,f_rec 0.25,900,LI_CONT xi 0.5,NEUTRAL,ISO_z2,INVALID,ABOVE_17PCT,0.888844,0.25,13.5581,0.111674,20.2375,0.111674,,0,12,0.0e+00
A600,recon_fixed,f_rec 0.25,900,LI_CONT xi 0.5,NEUTRAL,ISO_z4,INVALID,ABOVE_17PCT,0.888844,0.25,13.5581,0.0013798,1637.92,0.0013798,,0,12,0.0e+00
A600,recon_fixed,f_rec 0.25,900,LI_CONT xi 0.5,NEUTRAL,ISO_z8,INVALID,ABOVE_17PCT,0.888844,0.25,13.5581,2.10644e-07,1.0729e+07,2.10644e-07,,0,12,0.0e+00
R500,recon_fixed,f_rec 0.25,900,LI_CONT xi 0.5,NEUTRAL,BRI,SENSITIVITY,ABOVE_17PCT,0.996994,0.25,13.5581,10.138,0.371869,10.138,0.371869,0,12,7.1e-15
R500,recon_fixed,f_rec 0.25,900,LI_CONT xi 0.5,NEUTRAL,ISO_z2,INVALID,ABOVE_17PCT,0.996994,0.25,13.5581,9.15842e-05,41164.3,9.15842e-05,,0,12,7.1e-15
R500,recon_fixed,f_rec 0.25,900,LI_CONT xi 0.5,NEUTRAL,ISO_z4,INVALID,ABOVE_17PCT,0.996994,0.25,13.5581,8.27351e-10,4.55671e+09,8.27351e-10,,0,12,7.1e-15
R500,recon_fixed,f_rec 0.25,900,LI_CONT xi 0.5,NEUTRAL,ISO_z8,INVALID,ABOVE_17PCT,0.996994,0.25,13.5581,6.75193e-20,5.58359e+19,6.75193e-20,,0,12,7.1e-15
R600,recon_fixed,f_rec 0.25,900,LI_CONT xi 0.5,NEUTRAL,BRI,SENSITIVITY,ABOVE_17PCT,0.999959,0.25,13.5581,10.1681,0.385518,10.1681,0.385518,0,11,1.4e-14
R600,recon_fixed,f_rec 0.25,900,LI_CONT xi 0.5,NEUTRAL,ISO_z2,INVALID,ABOVE_17PCT,0.999959,0.25,13.5581,1.67359e-08,2.34227e+08,1.67359e-08,,0,11,1.4e-14
R600,recon_fixed,f_rec 0.25,900,LI_CONT xi 0.5,NEUTRAL,ISO_z4,INVALID,ABOVE_17PCT,0.999959,0.25,13.5581,2.75458e-17,1.42308e+17,2.75458e-17,,0,11,1.4e-14
R600,recon_fixed,f_rec 0.25,900,LI_CONT xi 0.5,NEUTRAL,ISO_z8,INVALID,ABOVE_17PCT,0.999959,0.25,13.5581,7.46227e-35,5.25309e+34,7.46227e-35,,0,11,1.4e-14
R800,recon_fixed,f_rec 0.25,900,LI_CONT xi 0.5,NEUTRAL,BRI,SENSITIVITY,ABOVE_17PCT,0.999993,0.25,13.5581,10.1685,0.19767,10.1685,0.19767,0,10,2.8e-14
R800,recon_fixed,f_rec 0.25,900,LI_CONT xi 0.5,NEUTRAL,ISO_z2,INVALID,ABOVE_17PCT,0.999993,0.25,13.5581,5.59955e-10,3.58958e+09,5.59955e-10,,0,10,2.8e-14
R800,recon_fixed,f_rec 0.25,900,LI_CONT xi 0.5,NEUTRAL,ISO_z4,INVALID,ABOVE_17PCT,0.999993,0.25,13.5581,3.08354e-20,6.51847e+19,3.08354e-20,,0,10,2.8e-14
R800,recon_fixed,f_rec 0.25,900,LI_CONT xi 0.5,NEUTRAL,ISO_z8,INVALID,ABOVE_17PCT,0.999993,0.25,13.5581,9.35071e-41,2.14957e+40,9.35071e-41,,0,10,2.8e-14
R1000,recon_fixed,f_rec 0.25,900,LI_CONT xi 0.5,NEUTRAL,BRI,BOUNDARY,ABOVE_17PCT YUAN_STRONG_REDUCTION,0.999999,0.25,13.5581,10.1685,0.00446475,10.1685,0.00446475,0,8,2.3e-13
R1000,recon_fixed,f_rec 0.25,900,LI_CONT xi 0.5,NEUTRAL,ISO_z2,INVALID,ABOVE_17PCT YUAN_STRONG_REDUCTION,0.999999,0.25,13.5581,1.10043e-11,4.12567e+09,1.10043e-11,,0,8,2.3e-13
R1000,recon_fixed,f_rec 0.25,900,LI_CONT xi 0.5,NEUTRAL,ISO_z4,INVALID,ABOVE_17PCT YUAN_STRONG_REDUCTION,0.999999,0.25,13.5581,1.19087e-23,3.81234e+21,1.19087e-23,,0,8,2.3e-13
R1000,recon_fixed,f_rec 0.25,900,LI_CONT xi 0.5,NEUTRAL,ISO_z8,INVALID,ABOVE_17PCT YUAN_STRONG_REDUCTION,0.999999,0.25,13.5581,1.39466e-47,3.25527e+45,1.39466e-47,,0,8,2.3e-13
A600,recon_fixed,f_rec 0.25,900,LI_CONT xi 0.5,LOCAL,BRI,SENSITIVITY,,0.092148,0.25,13.5581,0.937011,2.41192,0.937011,2.41192,0,11,1.8e-15
A600,recon_fixed,f_rec 0.25,900,LI_CONT xi 0.5,LOCAL,ISO_z2,SENSITIVITY,,0.092148,0.25,13.5581,0.77228,2.9264,0.77228,2.9264,0,11,1.8e-15
A600,recon_fixed,f_rec 0.25,900,LI_CONT xi 0.5,LOCAL,ISO_z4,SENSITIVITY,,0.092148,0.25,13.5581,0.63651,3.55061,0.63651,3.55061,0,11,1.8e-15
A600,recon_fixed,f_rec 0.25,900,LI_CONT xi 0.5,LOCAL,ISO_z8,SENSITIVITY,,0.092148,0.25,13.5581,0.43238,5.22689,0.43238,5.22689,0,11,1.8e-15
R500,recon_fixed,f_rec 0.25,900,LI_CONT xi 0.5,LOCAL,BRI,SENSITIVITY,ABOVE_17PCT,0.172626,0.25,13.5581,1.75536,2.14771,1.75536,2.14771,0,10,-2.8e-14
R500,recon_fixed,f_rec 0.25,900,LI_CONT xi 0.5,LOCAL,ISO_z2,SENSITIVITY,ABOVE_17PCT,0.172626,0.25,13.5581,1.20163,3.13742,1.20163,3.13742,0,10,-2.8e-14
R500,recon_fixed,f_rec 0.25,900,LI_CONT xi 0.5,LOCAL,ISO_z4,SENSITIVITY,ABOVE_17PCT,0.172626,0.25,13.5581,0.82257,4.5832,0.82257,4.5832,0,10,-2.8e-14
R500,recon_fixed,f_rec 0.25,900,LI_CONT xi 0.5,LOCAL,ISO_z8,SENSITIVITY,ABOVE_17PCT,0.172626,0.25,13.5581,0.38546,9.78052,0.38546,9.78052,0,10,-2.8e-14
R600,recon_fixed,f_rec 0.25,900,LI_CONT xi 0.5,LOCAL,BRI,SENSITIVITY,ABOVE_17PCT,0.224237,0.25,13.5581,2.28016,1.71917,2.28016,1.71917,0,9,4.3e-14
R600,recon_fixed,f_rec 0.25,900,LI_CONT xi 0.5,LOCAL,ISO_z2,SENSITIVITY,ABOVE_17PCT,0.224237,0.25,13.5581,1.37222,2.85668,1.37222,2.85668,0,9,4.3e-14
R600,recon_fixed,f_rec 0.25,900,LI_CONT xi 0.5,LOCAL,ISO_z4,SENSITIVITY,ABOVE_17PCT,0.224237,0.25,13.5581,0.825814,4.74683,0.825814,4.74683,0,9,4.3e-14
R600,recon_fixed,f_rec 0.25,900,LI_CONT xi 0.5,LOCAL,ISO_z8,SENSITIVITY,ABOVE_17PCT,0.224237,0.25,13.5581,0.299088,13.1065,0.299088,13.1065,0,9,4.3e-14
R800,recon_fixed,f_rec 0.25,900,LI_CONT xi 0.5,LOCAL,BRI,SENSITIVITY,ABOVE_17PCT,0.240907,0.25,13.5581,2.44967,0.820519,2.44967,0.820519,0,8,-8.5e-14
R800,recon_fixed,f_rec 0.25,900,LI_CONT xi 0.5,LOCAL,ISO_z2,SENSITIVITY,ABOVE_17PCT,0.240907,0.25,13.5581,1.41156,1.42396,1.41156,1.42396,0,8,-8.5e-14
R800,recon_fixed,f_rec 0.25,900,LI_CONT xi 0.5,LOCAL,ISO_z4,SENSITIVITY,ABOVE_17PCT,0.240907,0.25,13.5581,0.813371,2.4712,0.813371,2.4712,0,8,-8.5e-14
R800,recon_fixed,f_rec 0.25,900,LI_CONT xi 0.5,LOCAL,ISO_z8,SENSITIVITY,ABOVE_17PCT,0.240907,0.25,13.5581,0.270066,7.44264,0.270066,7.44264,0,8,-8.5e-14
R1000,recon_fixed,f_rec 0.25,900,LI_CONT xi 0.5,LOCAL,BRI,BOUNDARY,ABOVE_17PCT YUAN_STRONG_REDUCTION,0.249021,0.25,13.5581,2.53218,0.0179292,2.53218,0.0179292,0,6,-7.7e-11
R1000,recon_fixed,f_rec 0.25,900,LI_CONT xi 0.5,LOCAL,ISO_z2,BOUNDARY,ABOVE_17PCT YUAN_STRONG_REDUCTION,0.249021,0.25,13.5581,1.42807,0.0317911,1.42807,0.0317911,0,6,-7.7e-11
R1000,recon_fixed,f_rec 0.25,900,LI_CONT xi 0.5,LOCAL,ISO_z4,BOUNDARY,ABOVE_17PCT YUAN_STRONG_REDUCTION,0.249021,0.25,13.5581,0.80539,0.0563702,0.80539,0.0563702,0,6,-7.7e-11
R1000,recon_fixed,f_rec 0.25,900,LI_CONT xi 0.5,LOCAL,ISO_z8,BOUNDARY,ABOVE_17PCT YUAN_STRONG_REDUCTION,0.249021,0.25,13.5581,0.256163,0.177231,0.256163,0.177231,0,6,-7.7e-11
A600,recon_fixed,f_rec 0.5,900,PAB,NEUTRAL,BRI,SENSITIVITY,ABOVE_17PCT,0.715957,0.5,13.5581,4.8535,0.465644,4.8535,0.465644,0,13,7.1e-15
A600,recon_fixed,f_rec 0.5,900,PAB,NEUTRAL,ISO_z2,SENSITIVITY,ABOVE_17PCT,0.715957,0.5,13.5581,0.391582,5.77146,0.391582,5.77146,0,13,7.1e-15
A600,recon_fixed,f_rec 0.5,900,PAB,NEUTRAL,ISO_z4,INVALID,ABOVE_17PCT,0.715957,0.5,13.5581,0.031593,71.5349,0.031593,,0,13,7.1e-15
A600,recon_fixed,f_rec 0.5,900,PAB,NEUTRAL,ISO_z8,INVALID,ABOVE_17PCT,0.715957,0.5,13.5581,0.000205649,10989.6,0.000205649,,0,13,7.1e-15
R500,recon_fixed,f_rec 0.5,900,PAB,NEUTRAL,BRI,SENSITIVITY,ABOVE_17PCT,0.966364,0.5,13.5581,6.55101,0.575484,6.55101,0.575484,0,12,0.0e+00
R500,recon_fixed,f_rec 0.5,900,PAB,NEUTRAL,ISO_z2,INVALID,ABOVE_17PCT,0.966364,0.5,13.5581,0.00741164,508.66,0.00741164,,0,12,0.0e+00
R500,recon_fixed,f_rec 0.5,900,PAB,NEUTRAL,ISO_z4,INVALID,ABOVE_17PCT,0.966364,0.5,13.5581,8.38532e-06,449595,8.38532e-06,,0,12,0.0e+00
R500,recon_fixed,f_rec 0.5,900,PAB,NEUTRAL,ISO_z8,INVALID,ABOVE_17PCT,0.966364,0.5,13.5581,1.07332e-11,3.51245e+11,1.07332e-11,,0,12,0.0e+00
R600,recon_fixed,f_rec 0.5,900,PAB,NEUTRAL,BRI,SENSITIVITY,ABOVE_17PCT,0.992337,0.5,13.5581,6.72708,0.582719,6.72708,0.582719,0,10,1.1e-11
R600,recon_fixed,f_rec 0.5,900,PAB,NEUTRAL,ISO_z2,INVALID,ABOVE_17PCT,0.992337,0.5,13.5581,0.000395043,9922.97,0.000395043,,0,10,1.1e-11
R600,recon_fixed,f_rec 0.5,900,PAB,NEUTRAL,ISO_z4,INVALID,ABOVE_17PCT,0.992337,0.5,13.5581,2.31986e-08,1.68976e+08,2.31986e-08,,0,10,1.1e-11
R600,recon_fixed,f_rec 0.5,900,PAB,NEUTRAL,ISO_z8,INVALID,ABOVE_17PCT,0.992337,0.5,13.5581,8.00012e-17,4.89992e+16,8.00012e-17,,0,10,1.1e-11
R800,recon_fixed,f_rec 0.5,900,PAB,NEUTRAL,BRI,SENSITIVITY,ABOVE_17PCT,0.996809,0.5,13.5581,6.7574,0.297452,6.7574,0.297452,0,10,-5.7e-14
R800,recon_fixed,f_rec 0.5,900,PAB,NEUTRAL,ISO_z2,INVALID,ABOVE_17PCT,0.996809,0.5,13.5581,6.87927e-05,29218.2,6.87927e-05,,0,10,-5.7e-14
R800,recon_fixed,f_rec 0.5,900,PAB,NEUTRAL,ISO_z4,INVALID,ABOVE_17PCT,0.996809,0.5,13.5581,7.00334e-10,2.87006e+09,7.00334e-10,,0,10,-5.7e-14
R800,recon_fixed,f_rec 0.5,900,PAB,NEUTRAL,ISO_z8,INVALID,ABOVE_17PCT,0.996809,0.5,13.5581,7.25822e-20,2.76927e+19,7.25822e-20,,0,10,-5.7e-14
R1000,recon_fixed,f_rec 0.5,900,PAB,NEUTRAL,BRI,BOUNDARY,ABOVE_17PCT YUAN_STRONG_REDUCTION,0.99931,0.5,13.5581,6.77436,0.00670174,6.77436,0.00670174,0,8,0.0e+00
R1000,recon_fixed,f_rec 0.5,900,PAB,NEUTRAL,ISO_z2,INVALID,ABOVE_17PCT YUAN_STRONG_REDUCTION,0.99931,0.5,13.5581,3.22076e-06,14096,3.22076e-06,,0,8,0.0e+00
R1000,recon_fixed,f_rec 0.5,900,PAB,NEUTRAL,ISO_z4,INVALID,ABOVE_17PCT YUAN_STRONG_REDUCTION,0.99931,0.5,13.5581,1.53126e-12,2.96488e+10,1.53126e-12,,0,8,0.0e+00
R1000,recon_fixed,f_rec 0.5,900,PAB,NEUTRAL,ISO_z8,INVALID,ABOVE_17PCT YUAN_STRONG_REDUCTION,0.99931,0.5,13.5581,3.46123e-25,1.31167e+23,3.46123e-25,,0,8,0.0e+00
A600,recon_fixed,f_rec 0.5,900,PAB,LOCAL,BRI,SENSITIVITY,,0.0446711,0.5,13.5581,0.302827,7.46301,0.302827,7.46301,0,11,3.6e-15
A600,recon_fixed,f_rec 0.5,900,PAB,LOCAL,ISO_z2,SENSITIVITY,,0.0446711,0.5,13.5581,0.276376,8.17726,0.276376,8.17726,0,11,3.6e-15
A600,recon_fixed,f_rec 0.5,900,PAB,LOCAL,ISO_z4,SENSITIVITY,,0.0446711,0.5,13.5581,0.252236,8.95988,0.252236,8.95988,0,11,3.6e-15
A600,recon_fixed,f_rec 0.5,900,PAB,LOCAL,ISO_z8,SENSITIVITY,,0.0446711,0.5,13.5581,0.210096,10.757,0.210096,10.757,0,11,3.6e-15
R500,recon_fixed,f_rec 0.5,900,PAB,LOCAL,BRI,SENSITIVITY,,0.136236,0.5,13.5581,0.923551,4.08207,0.923551,4.08207,0,10,3.6e-14
R500,recon_fixed,f_rec 0.5,900,PAB,LOCAL,ISO_z2,SENSITIVITY,,0.136236,0.5,13.5581,0.68905,5.4713,0.68905,5.4713,0,10,3.6e-14
R500,recon_fixed,f_rec 0.5,900,PAB,LOCAL,ISO_z4,SENSITIVITY,,0.136236,0.5,13.5581,0.514091,7.33333,0.514091,7.33333,0,10,3.6e-14
R500,recon_fixed,f_rec 0.5,900,PAB,LOCAL,ISO_z8,SENSITIVITY,,0.136236,0.5,13.5581,0.286167,13.1741,0.286167,13.1741,0,10,3.6e-14
R600,recon_fixed,f_rec 0.5,900,PAB,LOCAL,BRI,SENSITIVITY,ABOVE_17PCT,0.304798,0.5,13.5581,2.06623,1.89717,2.06623,1.89717,0,9,-1.4e-14
R600,recon_fixed,f_rec 0.5,900,PAB,LOCAL,ISO_z2,SENSITIVITY,ABOVE_17PCT,0.304798,0.5,13.5581,0.998623,3.9254,0.998623,3.9254,0,9,-1.4e-14
R600,recon_fixed,f_rec 0.5,900,PAB,LOCAL,ISO_z4,SENSITIVITY,ABOVE_17PCT,0.304798,0.5,13.5581,0.482641,8.12198,0.482641,8.12198,0,9,-1.4e-14
R600,recon_fixed,f_rec 0.5,900,PAB,LOCAL,ISO_z8,INVALID,ABOVE_17PCT,0.304798,0.5,13.5581,0.112738,34.771,0.112738,,0,9,-1.4e-14
R800,recon_fixed,f_rec 0.5,900,PAB,LOCAL,BRI,SENSITIVITY,ABOVE_17PCT,0.484444,0.5,13.5581,3.28406,0.612048,3.28406,0.612048,0,8,5.7e-14
R800,recon_fixed,f_rec 0.5,900,PAB,LOCAL,ISO_z2,SENSITIVITY,ABOVE_17PCT,0.484444,0.5,13.5581,0.872897,2.30268,0.872897,2.30268,0,8,5.7e-14
R800,recon_fixed,f_rec 0.5,900,PAB,LOCAL,ISO_z4,SENSITIVITY,ABOVE_17PCT,0.484444,0.5,13.5581,0.232015,8.66324,0.232015,8.66324,0,8,5.7e-14
R800,recon_fixed,f_rec 0.5,900,PAB,LOCAL,ISO_z8,INVALID,ABOVE_17PCT,0.484444,0.5,13.5581,0.0163916,122.624,0.0163916,,0,8,5.7e-14
R1000,recon_fixed,f_rec 0.5,900,PAB,LOCAL,BRI,BOUNDARY,ABOVE_17PCT YUAN_STRONG_REDUCTION,0.778336,0.5,13.5581,5.27636,0.00860441,5.27636,0.00860441,0,6,-5.6e-11
R1000,recon_fixed,f_rec 0.5,900,PAB,LOCAL,ISO_z2,BOUNDARY,ABOVE_17PCT YUAN_STRONG_REDUCTION,0.778336,0.5,13.5581,0.259254,0.175118,0.259254,0.175118,0,6,-5.6e-11
R1000,recon_fixed,f_rec 0.5,900,PAB,LOCAL,ISO_z4,INVALID,ABOVE_17PCT YUAN_STRONG_REDUCTION,0.778336,0.5,13.5581,0.0127385,3.56401,0.0127385,,0,6,-5.6e-11
R1000,recon_fixed,f_rec 0.5,900,PAB,LOCAL,ISO_z8,INVALID,ABOVE_17PCT YUAN_STRONG_REDUCTION,0.778336,0.5,13.5581,3.07538e-05,1476.24,3.07538e-05,,0,6,-5.6e-11
A600,recon_fixed,f_rec 0.5,900,HAM,NEUTRAL,BRI,SENSITIVITY,ABOVE_17PCT,0.982529,0.5,13.5581,6.6606,0.339309,6.6606,0.339309,0,13,3.6e-15
A600,recon_fixed,f_rec 0.5,900,HAM,NEUTRAL,ISO_z2,INVALID,ABOVE_17PCT,0.982529,0.5,13.5581,0.00203295,1111.68,0.00203295,,0,13,3.6e-15
A600,recon_fixed,f_rec 0.5,900,HAM,NEUTRAL,ISO_z4,INVALID,ABOVE_17PCT,0.982529,0.5,13.5581,6.20498e-07,3.64224e+06,6.20498e-07,,0,13,3.6e-15
A600,recon_fixed,f_rec 0.5,900,HAM,NEUTRAL,ISO_z8,INVALID,ABOVE_17PCT,0.982529,0.5,13.5581,5.78053e-14,3.90968e+13,5.78053e-14,,0,13,3.6e-15
R500,recon_fixed,f_rec 0.5,900,HAM,NEUTRAL,BRI,SENSITIVITY,ABOVE_17PCT,0.999802,0.5,13.5581,6.77769,0.556237,6.77769,0.556237,0,12,7.1e-15
R500,recon_fixed,f_rec 0.5,900,HAM,NEUTRAL,ISO_z2,INVALID,ABOVE_17PCT,0.999802,0.5,13.5581,2.66907e-07,1.41248e+07,2.66907e-07,,0,12,7.1e-15
R500,recon_fixed,f_rec 0.5,900,HAM,NEUTRAL,ISO_z4,INVALID,ABOVE_17PCT,0.999802,0.5,13.5581,1.05108e-14,3.58677e+14,1.05108e-14,,0,12,7.1e-15
R500,recon_fixed,f_rec 0.5,900,HAM,NEUTRAL,ISO_z8,INVALID,ABOVE_17PCT,0.999802,0.5,13.5581,1.63002e-29,2.31285e+29,1.63002e-29,,0,12,7.1e-15
R600,recon_fixed,f_rec 0.5,900,HAM,NEUTRAL,BRI,SENSITIVITY,ABOVE_17PCT,0.999962,0.5,13.5581,6.77877,0.578276,6.77877,0.578276,0,10,1.7e-11
R600,recon_fixed,f_rec 0.5,900,HAM,NEUTRAL,ISO_z2,INVALID,ABOVE_17PCT,0.999962,0.5,13.5581,9.88879e-09,3.96408e+08,9.88879e-09,,0,10,1.7e-11
R600,recon_fixed,f_rec 0.5,900,HAM,NEUTRAL,ISO_z4,INVALID,ABOVE_17PCT,0.999962,0.5,13.5581,1.44257e-17,2.71738e+17,1.44257e-17,,0,10,1.7e-11
R600,recon_fixed,f_rec 0.5,900,HAM,NEUTRAL,ISO_z8,INVALID,ABOVE_17PCT,0.999962,0.5,13.5581,3.06987e-35,1.27693e+35,3.06987e-35,,0,10,1.7e-11
R800,recon_fixed,f_rec 0.5,900,HAM,NEUTRAL,BRI,SENSITIVITY,ABOVE_17PCT,0.999984,0.5,13.5581,6.77892,0.296507,6.77892,0.296507,0,10,2.8e-14
R800,recon_fixed,f_rec 0.5,900,HAM,NEUTRAL,ISO_z2,INVALID,ABOVE_17PCT,0.999984,0.5,13.5581,1.68249e-09,1.19466e+09,1.68249e-09,,0,10,2.8e-14
R800,recon_fixed,f_rec 0.5,900,HAM,NEUTRAL,ISO_z4,INVALID,ABOVE_17PCT,0.999984,0.5,13.5581,4.17582e-19,4.81342e+18,4.17582e-19,,0,10,2.8e-14
R800,recon_fixed,f_rec 0.5,900,HAM,NEUTRAL,ISO_z8,INVALID,ABOVE_17PCT,0.999984,0.5,13.5581,2.57231e-38,7.81399e+37,2.57231e-38,,0,10,2.8e-14
R1000,recon_fixed,f_rec 0.5,900,HAM,NEUTRAL,BRI,BOUNDARY,ABOVE_17PCT YUAN_STRONG_REDUCTION,0.999997,0.5,13.5581,6.77901,0.00669715,6.77901,0.00669715,0,8,0.0e+00
R1000,recon_fixed,f_rec 0.5,900,HAM,NEUTRAL,ISO_z2,INVALID,ABOVE_17PCT YUAN_STRONG_REDUCTION,0.999997,0.5,13.5581,7.84704e-11,5.78562e+08,7.84704e-11,,0,8,0.0e+00
R1000,recon_fixed,f_rec 0.5,900,HAM,NEUTRAL,ISO_z4,INVALID,ABOVE_17PCT YUAN_STRONG_REDUCTION,0.999997,0.5,13.5581,9.08335e-22,4.99816e+19,9.08335e-22,,0,8,0.0e+00
R1000,recon_fixed,f_rec 0.5,900,HAM,NEUTRAL,ISO_z8,INVALID,ABOVE_17PCT YUAN_STRONG_REDUCTION,0.999997,0.5,13.5581,1.2171e-43,3.73018e+41,1.2171e-43,,0,8,0.0e+00
A600,recon_fixed,f_rec 0.5,900,HAM,LOCAL,BRI,SENSITIVITY,ABOVE_17PCT,0.237572,0.5,13.5581,1.61051,1.40329,1.61051,1.40329,0,11,8.9e-15
A600,recon_fixed,f_rec 0.5,900,HAM,LOCAL,ISO_z2,SENSITIVITY,ABOVE_17PCT,0.237572,0.5,13.5581,0.936182,2.41406,0.936182,2.41406,0,11,8.9e-15
A600,recon_fixed,f_rec 0.5,900,HAM,LOCAL,ISO_z4,SENSITIVITY,ABOVE_17PCT,0.237572,0.5,13.5581,0.5442,4.15289,0.5442,4.15289,0,11,8.9e-15
A600,recon_fixed,f_rec 0.5,900,HAM,LOCAL,ISO_z8,SENSITIVITY,ABOVE_17PCT,0.237572,0.5,13.5581,0.183888,12.2901,0.183888,12.2901,0,11,8.9e-15
R500,recon_fixed,f_rec 0.5,900,HAM,LOCAL,BRI,SENSITIVITY,ABOVE_17PCT,0.581188,0.5,13.5581,3.93989,0.956879,3.93989,0.956879,0,10,7.1e-15
R500,recon_fixed,f_rec 0.5,900,HAM,LOCAL,ISO_z2,SENSITIVITY,ABOVE_17PCT,0.581188,0.5,13.5581,0.691071,5.4553,0.691071,5.4553,0,10,7.1e-15
R500,recon_fixed,f_rec 0.5,900,HAM,LOCAL,ISO_z4,INVALID,ABOVE_17PCT,0.581188,0.5,13.5581,0.121216,31.1014,0.121216,,0,10,7.1e-15
R500,recon_fixed,f_rec 0.5,900,HAM,LOCAL,ISO_z8,INVALID,ABOVE_17PCT,0.581188,0.5,13.5581,0.00372939,1010.89,0.00372939,,0,10,7.1e-15
R600,recon_fixed,f_rec 0.5,900,HAM,LOCAL,BRI,SENSITIVITY,ABOVE_17PCT,0.877599,0.5,13.5581,5.94927,0.658904,5.94927,0.658904,0,9,-1.4e-14
R600,recon_fixed,f_rec 0.5,900,HAM,LOCAL,ISO_z2,INVALID,ABOVE_17PCT,0.877599,0.5,13.5581,0.0891316,43.9799,0.0891316,,0,9,-1.4e-14
R600,recon_fixed,f_rec 0.5,900,HAM,LOCAL,ISO_z4,INVALID,ABOVE_17PCT,0.877599,0.5,13.5581,0.00133536,2935.53,0.00133536,,0,9,-1.4e-14
R600,recon_fixed,f_rec 0.5,900,HAM,LOCAL,ISO_z8,INVALID,ABOVE_17PCT,0.877599,0.5,13.5581,2.99733e-07,1.30783e+07,2.99733e-07,,0,9,-1.4e-14
R800,recon_fixed,f_rec 0.5,900,HAM,LOCAL,BRI,SENSITIVITY,ABOVE_17PCT,0.962776,0.5,13.5581,6.52669,0.307966,6.52669,0.307966,0,8,-1.4e-13
R800,recon_fixed,f_rec 0.5,900,HAM,LOCAL,ISO_z2,INVALID,ABOVE_17PCT,0.962776,0.5,13.5581,0.00904354,222.258,0.00904354,,0,8,-1.4e-13
R800,recon_fixed,f_rec 0.5,900,HAM,LOCAL,ISO_z4,INVALID,ABOVE_17PCT,0.962776,0.5,13.5581,1.2531e-05,160403,1.2531e-05,,0,8,-1.4e-13
R800,recon_fixed,f_rec 0.5,900,HAM,LOCAL,ISO_z8,INVALID,ABOVE_17PCT,0.962776,0.5,13.5581,2.40589e-11,8.35449e+10,2.40589e-11,,0,8,-1.4e-13
R1000,recon_fixed,f_rec 0.5,900,HAM,LOCAL,BRI,BOUNDARY,ABOVE_17PCT YUAN_STRONG_REDUCTION,0.99107,0.5,13.5581,6.71849,0.00675747,6.71849,0.00675747,0,6,-6.2e-11
R1000,recon_fixed,f_rec 0.5,900,HAM,LOCAL,ISO_z2,INVALID,ABOVE_17PCT YUAN_STRONG_REDUCTION,0.99107,0.5,13.5581,0.000535774,84.7372,0.000535774,,0,6,-6.2e-11
R1000,recon_fixed,f_rec 0.5,900,HAM,LOCAL,ISO_z4,INVALID,ABOVE_17PCT YUAN_STRONG_REDUCTION,0.99107,0.5,13.5581,4.2726e-08,1.06259e+06,4.2726e-08,,0,6,-6.2e-11
R1000,recon_fixed,f_rec 0.5,900,HAM,LOCAL,ISO_z8,INVALID,ABOVE_17PCT YUAN_STRONG_REDUCTION,0.99107,0.5,13.5581,2.71714e-16,1.67088e+14,2.71714e-16,,0,6,-6.2e-11
A600,recon_fixed,f_rec 0.5,900,LI_SBR1,NEUTRAL,BRI,SENSITIVITY,ABOVE_17PCT,0.998514,0.5,13.5581,6.76896,0.333877,6.76896,0.333877,0,13,6.0e-13
A600,recon_fixed,f_rec 0.5,900,LI_SBR1,NEUTRAL,ISO_z2,INVALID,ABOVE_17PCT,0.998514,0.5,13.5581,1.49481e-05,151190,1.49481e-05,,0,13,6.0e-13
A600,recon_fixed,f_rec 0.5,900,LI_SBR1,NEUTRAL,ISO_z4,INVALID,ABOVE_17PCT,0.998514,0.5,13.5581,3.30103e-11,6.84636e+10,3.30103e-11,,0,13,6.0e-13
A600,recon_fixed,f_rec 0.5,900,LI_SBR1,NEUTRAL,ISO_z8,INVALID,ABOVE_17PCT,0.998514,0.5,13.5581,1.60982e-22,1.40389e+22,1.60982e-22,,0,13,6.0e-13
R500,recon_fixed,f_rec 0.5,900,LI_SBR1,NEUTRAL,BRI,SENSITIVITY,ABOVE_17PCT,0.999953,0.5,13.5581,6.77871,0.556153,6.77871,0.556153,0,12,7.1e-15
R500,recon_fixed,f_rec 0.5,900,LI_SBR1,NEUTRAL,ISO_z2,INVALID,ABOVE_17PCT,0.999953,0.5,13.5581,1.5016e-08,2.51066e+08,1.5016e-08,,0,12,7.1e-15
R500,recon_fixed,f_rec 0.5,900,LI_SBR1,NEUTRAL,ISO_z4,INVALID,ABOVE_17PCT,0.999953,0.5,13.5581,3.3263e-17,1.13339e+17,3.3263e-17,,0,12,7.1e-15
R500,recon_fixed,f_rec 0.5,900,LI_SBR1,NEUTRAL,ISO_z8,INVALID,ABOVE_17PCT,0.999953,0.5,13.5581,1.6322e-34,2.30976e+34,1.6322e-34,,0,12,7.1e-15
R600,recon_fixed,f_rec 0.5,900,LI_SBR1,NEUTRAL,BRI,SENSITIVITY,ABOVE_17PCT,0.99999,0.5,13.5581,6.77897,0.578259,6.77897,0.578259,0,10,1.4e-11
R600,recon_fixed,f_rec 0.5,900,LI_SBR1,NEUTRAL,ISO_z2,INVALID,ABOVE_17PCT,0.99999,0.5,13.5581,6.3796e-10,6.14458e+09,6.3796e-10,,0,10,1.4e-11
R600,recon_fixed,f_rec 0.5,900,LI_SBR1,NEUTRAL,ISO_z4,INVALID,ABOVE_17PCT,0.99999,0.5,13.5581,6.00377e-20,6.52923e+19,6.00377e-20,,0,10,1.4e-11
R600,recon_fixed,f_rec 0.5,900,LI_SBR1,NEUTRAL,ISO_z8,INVALID,ABOVE_17PCT,0.99999,0.5,13.5581,5.31722e-40,7.37227e+39,5.31722e-40,,0,10,1.4e-11
R800,recon_fixed,f_rec 0.5,900,LI_SBR1,NEUTRAL,BRI,SENSITIVITY,ABOVE_17PCT,0.999996,0.5,13.5581,6.779,0.296504,6.779,0.296504,0,10,-5.7e-14
R800,recon_fixed,f_rec 0.5,900,LI_SBR1,NEUTRAL,ISO_z2,INVALID,ABOVE_17PCT,0.999996,0.5,13.5581,1.09817e-10,1.83032e+10,1.09817e-10,,0,10,-5.7e-14
R800,recon_fixed,f_rec 0.5,900,LI_SBR1,NEUTRAL,ISO_z4,INVALID,ABOVE_17PCT,0.999996,0.5,13.5581,1.77899e-21,1.12985e+21,1.77899e-21,,0,10,-5.7e-14
R800,recon_fixed,f_rec 0.5,900,LI_SBR1,NEUTRAL,ISO_z8,INVALID,ABOVE_17PCT,0.999996,0.5,13.5581,4.66856e-43,4.3054e+42,4.66856e-43,,0,10,-5.7e-14
R1000,recon_fixed,f_rec 0.5,900,LI_SBR1,NEUTRAL,BRI,BOUNDARY,ABOVE_17PCT YUAN_STRONG_REDUCTION,0.999999,0.5,13.5581,6.77903,0.00669713,6.77903,0.00669713,0,8,0.0e+00
R1000,recon_fixed,f_rec 0.5,900,LI_SBR1,NEUTRAL,ISO_z2,INVALID,ABOVE_17PCT YUAN_STRONG_REDUCTION,0.999999,0.5,13.5581,5.24271e-12,8.65964e+09,5.24271e-12,,0,8,0.0e+00
R1000,recon_fixed,f_rec 0.5,900,LI_SBR1,NEUTRAL,ISO_z4,INVALID,ABOVE_17PCT YUAN_STRONG_REDUCTION,0.999999,0.5,13.5581,4.05457e-24,1.11972e+22,4.05457e-24,,0,8,0.0e+00
R1000,recon_fixed,f_rec 0.5,900,LI_SBR1,NEUTRAL,ISO_z8,INVALID,ABOVE_17PCT YUAN_STRONG_REDUCTION,0.999999,0.5,13.5581,2.42506e-48,1.87212e+46,2.42506e-48,,0,8,0.0e+00
A600,recon_fixed,f_rec 0.5,900,LI_SBR1,LOCAL,BRI,SENSITIVITY,ABOVE_17PCT,0.324795,0.5,13.5581,2.2018,1.02643,2.2018,1.02643,0,11,1.1e-14
A600,recon_fixed,f_rec 0.5,900,LI_SBR1,LOCAL,ISO_z2,SENSITIVITY,ABOVE_17PCT,0.324795,0.5,13.5581,1.0038,2.25144,1.0038,2.25144,0,11,1.1e-14
A600,recon_fixed,f_rec 0.5,900,LI_SBR1,LOCAL,ISO_z4,SENSITIVITY,ABOVE_17PCT,0.324795,0.5,13.5581,0.457635,4.93843,0.457635,4.93843,0,11,1.1e-14
A600,recon_fixed,f_rec 0.5,900,LI_SBR1,LOCAL,ISO_z8,INVALID,ABOVE_17PCT,0.324795,0.5,13.5581,0.0951176,23.7601,0.0951176,,0,11,1.1e-14
R500,recon_fixed,f_rec 0.5,900,LI_SBR1,LOCAL,BRI,SENSITIVITY,ABOVE_17PCT,0.726669,0.5,13.5581,4.92611,0.765309,4.92611,0.765309,0,10,-4.3e-14
R500,recon_fixed,f_rec 0.5,900,LI_SBR1,LOCAL,ISO_z2,SENSITIVITY,ABOVE_17PCT,0.726669,0.5,13.5581,0.368029,10.2438,0.368029,10.2438,0,10,-4.3e-14
R500,recon_fixed,f_rec 0.5,900,LI_SBR1,LOCAL,ISO_z4,INVALID,ABOVE_17PCT,0.726669,0.5,13.5581,0.0274954,137.114,0.0274954,,0,10,-4.3e-14
R500,recon_fixed,f_rec 0.5,900,LI_SBR1,LOCAL,ISO_z8,INVALID,ABOVE_17PCT,0.726669,0.5,13.5581,0.000153467,24565.5,0.000153467,,0,10,-4.3e-14
R600,recon_fixed,f_rec 0.5,900,LI_SBR1,LOCAL,BRI,SENSITIVITY,ABOVE_17PCT,0.960969,0.5,13.5581,6.51444,0.60174,6.51444,0.60174,0,9,-7.1e-14
R600,recon_fixed,f_rec 0.5,900,LI_SBR1,LOCAL,ISO_z2,INVALID,ABOVE_17PCT,0.960969,0.5,13.5581,0.00992435,394.988,0.00992435,,0,9,-7.1e-14
R600,recon_fixed,f_rec 0.5,900,LI_SBR1,LOCAL,ISO_z4,INVALID,ABOVE_17PCT,0.960969,0.5,13.5581,1.51191e-05,259274,1.51191e-05,,0,9,-7.1e-14
R600,recon_fixed,f_rec 0.5,900,LI_SBR1,LOCAL,ISO_z8,INVALID,ABOVE_17PCT,0.960969,0.5,13.5581,3.50895e-11,1.11714e+11,3.50895e-11,,0,9,-7.1e-14
R800,recon_fixed,f_rec 0.5,900,LI_SBR1,LOCAL,BRI,SENSITIVITY,ABOVE_17PCT,0.993613,0.5,13.5581,6.73573,0.298409,6.73573,0.298409,0,8,0.0e+00
R800,recon_fixed,f_rec 0.5,900,LI_SBR1,LOCAL,ISO_z2,INVALID,ABOVE_17PCT,0.993613,0.5,13.5581,0.00027481,7314.14,0.00027481,,0,8,0.0e+00
R800,recon_fixed,f_rec 0.5,900,LI_SBR1,LOCAL,ISO_z4,INVALID,ABOVE_17PCT,0.993613,0.5,13.5581,1.12119e-08,1.79273e+08,1.12119e-08,,0,8,0.0e+00
R800,recon_fixed,f_rec 0.5,900,LI_SBR1,LOCAL,ISO_z8,INVALID,ABOVE_17PCT,0.993613,0.5,13.5581,1.86628e-17,1.07701e+17,1.86628e-17,,0,8,0.0e+00
R1000,recon_fixed,f_rec 0.5,900,LI_SBR1,LOCAL,BRI,BOUNDARY,ABOVE_17PCT YUAN_STRONG_REDUCTION,0.999145,0.5,13.5581,6.77324,0.00670285,6.77324,0.00670285,0,6,-6.1e-11
R1000,recon_fixed,f_rec 0.5,900,LI_SBR1,LOCAL,ISO_z2,INVALID,ABOVE_17PCT YUAN_STRONG_REDUCTION,0.999145,0.5,13.5581,4.94846e-06,9174.57,4.94846e-06,,0,6,-6.1e-11
R1000,recon_fixed,f_rec 0.5,900,LI_SBR1,LOCAL,ISO_z4,INVALID,ABOVE_17PCT YUAN_STRONG_REDUCTION,0.999145,0.5,13.5581,3.6153e-12,1.25577e+10,3.6153e-12,,0,6,-6.1e-11
R1000,recon_fixed,f_rec 0.5,900,LI_SBR1,LOCAL,ISO_z8,INVALID,ABOVE_17PCT YUAN_STRONG_REDUCTION,0.999145,0.5,13.5581,1.92971e-24,2.35268e+22,1.92971e-24,,0,6,-6.1e-11
A600,recon_fixed,f_rec 0.5,900,LI_L2,NEUTRAL,BRI,SENSITIVITY,ABOVE_17PCT,0.99381,0.5,13.5581,6.73707,0.335458,6.73707,0.335458,0,13,3.4e-13
A600,recon_fixed,f_rec 0.5,900,LI_L2,NEUTRAL,ISO_z2,INVALID,ABOVE_17PCT,0.99381,0.5,13.5581,0.000258155,8754.42,0.000258155,,0,13,3.4e-13
A600,recon_fixed,f_rec 0.5,900,LI_L2,NEUTRAL,ISO_z4,INVALID,ABOVE_17PCT,0.99381,0.5,13.5581,9.89215e-09,2.28464e+08,9.89215e-09,,0,13,3.4e-13
A600,recon_fixed,f_rec 0.5,900,LI_L2,NEUTRAL,ISO_z8,INVALID,ABOVE_17PCT,0.99381,0.5,13.5581,1.45248e-17,1.55596e+17,1.45248e-17,,0,13,3.4e-13
R500,recon_fixed,f_rec 0.5,900,LI_L2,NEUTRAL,BRI,SENSITIVITY,ABOVE_17PCT,0.999548,0.5,13.5581,6.77597,0.556378,6.77597,0.556378,0,11,-1.4e-14
R500,recon_fixed,f_rec 0.5,900,LI_L2,NEUTRAL,ISO_z2,INVALID,ABOVE_17PCT,0.999548,0.5,13.5581,1.38493e-06,2.72217e+06,1.38493e-06,,0,11,-1.4e-14
R500,recon_fixed,f_rec 0.5,900,LI_L2,NEUTRAL,ISO_z4,INVALID,ABOVE_17PCT,0.999548,0.5,13.5581,2.83062e-13,1.33186e+13,2.83062e-13,,0,11,-1.4e-14
R500,recon_fixed,f_rec 0.5,900,LI_L2,NEUTRAL,ISO_z8,INVALID,ABOVE_17PCT,0.999548,0.5,13.5581,1.18248e-26,3.18822e+26,1.18248e-26,,0,11,-1.4e-14
R600,recon_fixed,f_rec 0.5,900,LI_L2,NEUTRAL,BRI,SENSITIVITY,ABOVE_17PCT,0.999979,0.5,13.5581,6.77889,0.578266,6.77889,0.578266,0,11,-1.4e-14
R600,recon_fixed,f_rec 0.5,900,LI_L2,NEUTRAL,ISO_z2,INVALID,ABOVE_17PCT,0.999979,0.5,13.5581,3.01758e-09,1.29905e+09,3.01758e-09,,0,11,-1.4e-14
R600,recon_fixed,f_rec 0.5,900,LI_L2,NEUTRAL,ISO_z4,INVALID,ABOVE_17PCT,0.999979,0.5,13.5581,1.34326e-18,2.91828e+18,1.34326e-18,,0,11,-1.4e-14
R600,recon_fixed,f_rec 0.5,900,LI_L2,NEUTRAL,ISO_z8,INVALID,ABOVE_17PCT,0.999979,0.5,13.5581,2.66171e-37,1.47274e+37,2.66171e-37,,0,11,-1.4e-14
R800,recon_fixed,f_rec 0.5,900,LI_L2,NEUTRAL,BRI,SENSITIVITY,ABOVE_17PCT,0.999995,0.5,13.5581,6.779,0.296504,6.779,0.296504,0,10,-5.7e-14
R800,recon_fixed,f_rec 0.5,900,LI_L2,NEUTRAL,ISO_z2,INVALID,ABOVE_17PCT,0.999995,0.5,13.5581,1.88114e-10,1.0685e+10,1.88114e-10,,0,10,-5.7e-14
R800,recon_fixed,f_rec 0.5,900,LI_L2,NEUTRAL,ISO_z4,INVALID,ABOVE_17PCT,0.999995,0.5,13.5581,5.2201e-21,3.8505e+20,5.2201e-21,,0,10,-5.7e-14
R800,recon_fixed,f_rec 0.5,900,LI_L2,NEUTRAL,ISO_z8,INVALID,ABOVE_17PCT,0.999995,0.5,13.5581,4.01969e-42,5.00038e+41,4.01969e-42,,0,10,-5.7e-14
R1000,recon_fixed,f_rec 0.5,900,LI_L2,NEUTRAL,BRI,BOUNDARY,ABOVE_17PCT YUAN_STRONG_REDUCTION,0.999999,0.5,13.5581,6.77902,0.00669713,6.77902,0.00669713,0,8,0.0e+00
R1000,recon_fixed,f_rec 0.5,900,LI_L2,NEUTRAL,ISO_z2,INVALID,ABOVE_17PCT YUAN_STRONG_REDUCTION,0.999999,0.5,13.5581,5.85138e-12,7.75886e+09,5.85138e-12,,0,8,0.0e+00
R1000,recon_fixed,f_rec 0.5,900,LI_L2,NEUTRAL,ISO_z4,INVALID,ABOVE_17PCT YUAN_STRONG_REDUCTION,0.999999,0.5,13.5581,5.05067e-24,8.9889e+21,5.05067e-24,,0,8,0.0e+00
R1000,recon_fixed,f_rec 0.5,900,LI_L2,NEUTRAL,ISO_z8,INVALID,ABOVE_17PCT YUAN_STRONG_REDUCTION,0.999999,0.5,13.5581,3.76297e-48,1.20649e+46,3.76297e-48,,0,8,0.0e+00
A600,recon_fixed,f_rec 0.5,900,LI_L2,LOCAL,BRI,SENSITIVITY,ABOVE_17PCT,0.315159,0.5,13.5581,2.13648,1.05782,2.13648,1.05782,0,11,0.0e+00
A600,recon_fixed,f_rec 0.5,900,LI_L2,LOCAL,ISO_z2,SENSITIVITY,ABOVE_17PCT,0.315159,0.5,13.5581,1.00202,2.25544,1.00202,2.25544,0,11,0.0e+00
A600,recon_fixed,f_rec 0.5,900,LI_L2,LOCAL,ISO_z4,SENSITIVITY,ABOVE_17PCT,0.315159,0.5,13.5581,0.469955,4.80898,0.469955,4.80898,0,11,0.0e+00
A600,recon_fixed,f_rec 0.5,900,LI_L2,LOCAL,ISO_z8,INVALID,ABOVE_17PCT,0.315159,0.5,13.5581,0.103375,21.8622,0.103375,,0,11,0.0e+00
R500,recon_fixed,f_rec 0.5,900,LI_L2,LOCAL,BRI,SENSITIVITY,ABOVE_17PCT,0.714017,0.5,13.5581,4.84034,0.778871,4.84034,0.778871,0,10,0.0e+00
R500,recon_fixed,f_rec 0.5,900,LI_L2,LOCAL,ISO_z2,SENSITIVITY,ABOVE_17PCT,0.714017,0.5,13.5581,0.395874,9.52323,0.395874,9.52323,0,10,0.0e+00
R500,recon_fixed,f_rec 0.5,900,LI_L2,LOCAL,ISO_z4,INVALID,ABOVE_17PCT,0.714017,0.5,13.5581,0.0323771,116.44,0.0323771,,0,10,0.0e+00
R500,recon_fixed,f_rec 0.5,900,LI_L2,LOCAL,ISO_z8,INVALID,ABOVE_17PCT,0.714017,0.5,13.5581,0.000216571,17407.7,0.000216571,,0,10,0.0e+00
R600,recon_fixed,f_rec 0.5,900,LI_L2,LOCAL,BRI,SENSITIVITY,ABOVE_17PCT,0.959691,0.5,13.5581,6.50577,0.602542,6.50577,0.602542,0,9,-1.4e-14
R600,recon_fixed,f_rec 0.5,900,LI_L2,LOCAL,ISO_z2,INVALID,ABOVE_17PCT,0.959691,0.5,13.5581,0.0105709,370.829,0.0105709,,0,9,-1.4e-14
R600,recon_fixed,f_rec 0.5,900,LI_L2,LOCAL,ISO_z4,INVALID,ABOVE_17PCT,0.959691,0.5,13.5581,1.71762e-05,228223,1.71762e-05,,0,9,-1.4e-14
R600,recon_fixed,f_rec 0.5,900,LI_L2,LOCAL,ISO_z8,INVALID,ABOVE_17PCT,0.959691,0.5,13.5581,4.53476e-11,8.64434e+10,4.53476e-11,,0,9,-1.4e-14
R800,recon_fixed,f_rec 0.5,900,LI_L2,LOCAL,BRI,SENSITIVITY,ABOVE_17PCT,0.995578,0.5,13.5581,6.74906,0.297819,6.74906,0.297819,0,8,0.0e+00
R800,recon_fixed,f_rec 0.5,900,LI_L2,LOCAL,ISO_z2,INVALID,ABOVE_17PCT,0.995578,0.5,13.5581,0.000131961,15231.8,0.000131961,,0,8,0.0e+00
R800,recon_fixed,f_rec 0.5,900,LI_L2,LOCAL,ISO_z4,INVALID,ABOVE_17PCT,0.995578,0.5,13.5581,2.58016e-09,7.79022e+08,2.58016e-09,,0,8,0.0e+00
R800,recon_fixed,f_rec 0.5,900,LI_L2,LOCAL,ISO_z8,INVALID,ABOVE_17PCT,0.995578,0.5,13.5581,9.86392e-19,2.03773e+18,9.86392e-19,,0,8,0.0e+00
R1000,recon_fixed,f_rec 0.5,900,LI_L2,LOCAL,BRI,BOUNDARY,ABOVE_17PCT YUAN_STRONG_REDUCTION,0.999954,0.5,13.5581,6.77872,0.00669743,6.77872,0.00669743,0,6,-8.6e-11
R1000,recon_fixed,f_rec 0.5,900,LI_L2,LOCAL,ISO_z2,INVALID,ABOVE_17PCT YUAN_STRONG_REDUCTION,0.999954,0.5,13.5581,1.44374e-08,3.14461e+06,1.44374e-08,,0,6,-8.6e-11
R1000,recon_fixed,f_rec 0.5,900,LI_L2,LOCAL,ISO_z4,INVALID,ABOVE_17PCT YUAN_STRONG_REDUCTION,0.999954,0.5,13.5581,3.0749e-17,1.47647e+15,3.0749e-17,,0,6,-8.6e-11
R1000,recon_fixed,f_rec 0.5,900,LI_L2,LOCAL,ISO_z8,INVALID,ABOVE_17PCT YUAN_STRONG_REDUCTION,0.999954,0.5,13.5581,1.39481e-34,3.25492e+32,1.39481e-34,,0,6,-8.6e-11
A600,recon_fixed,f_rec 0.5,900,LI_CONT xi 0.5,NEUTRAL,BRI,SENSITIVITY,ABOVE_17PCT,0.8496,0.5,13.5581,5.75947,0.392398,5.75947,0.392398,0,12,3.2e-14
A600,recon_fixed,f_rec 0.5,900,LI_CONT xi 0.5,NEUTRAL,ISO_z2,INVALID,ABOVE_17PCT,0.8496,0.5,13.5581,0.13028,17.3473,0.13028,,0,12,3.2e-14
A600,recon_fixed,f_rec 0.5,900,LI_CONT xi 0.5,NEUTRAL,ISO_z4,INVALID,ABOVE_17PCT,0.8496,0.5,13.5581,0.00294694,766.897,0.00294694,,0,12,3.2e-14
A600,recon_fixed,f_rec 0.5,900,LI_CONT xi 0.5,NEUTRAL,ISO_z8,INVALID,ABOVE_17PCT,0.8496,0.5,13.5581,1.50786e-06,1.49881e+06,1.50786e-06,,0,12,3.2e-14
R500,recon_fixed,f_rec 0.5,900,LI_CONT xi 0.5,NEUTRAL,BRI,SENSITIVITY,ABOVE_17PCT,0.996235,0.5,13.5581,6.75351,0.558229,6.75351,0.558229,0,12,0.0e+00
R500,recon_fixed,f_rec 0.5,900,LI_CONT xi 0.5,NEUTRAL,ISO_z2,INVALID,ABOVE_17PCT,0.996235,0.5,13.5581,9.57408e-05,39377.1,9.57408e-05,,0,12,0.0e+00
R500,recon_fixed,f_rec 0.5,900,LI_CONT xi 0.5,NEUTRAL,ISO_z4,INVALID,ABOVE_17PCT,0.996235,0.5,13.5581,1.35727e-09,2.77764e+09,1.35727e-09,,0,12,0.0e+00
R500,recon_fixed,f_rec 0.5,900,LI_CONT xi 0.5,NEUTRAL,ISO_z8,INVALID,ABOVE_17PCT,0.996235,0.5,13.5581,2.72772e-19,1.3821e+19,2.72772e-19,,0,12,0.0e+00
R600,recon_fixed,f_rec 0.5,900,LI_CONT xi 0.5,NEUTRAL,BRI,SENSITIVITY,ABOVE_17PCT,0.999957,0.5,13.5581,6.77874,0.578279,6.77874,0.578279,0,11,4.3e-14
R600,recon_fixed,f_rec 0.5,900,LI_CONT xi 0.5,NEUTRAL,ISO_z2,INVALID,ABOVE_17PCT,0.999957,0.5,13.5581,1.25627e-08,3.12036e+08,1.25627e-08,,0,11,4.3e-14
R600,recon_fixed,f_rec 0.5,900,LI_CONT xi 0.5,NEUTRAL,ISO_z4,INVALID,ABOVE_17PCT,0.999957,0.5,13.5581,2.32817e-17,1.68373e+17,2.32817e-17,,0,11,4.3e-14
R600,recon_fixed,f_rec 0.5,900,LI_CONT xi 0.5,NEUTRAL,ISO_z8,INVALID,ABOVE_17PCT,0.999957,0.5,13.5581,7.99611e-35,4.90238e+34,7.99611e-35,,0,11,4.3e-14
R800,recon_fixed,f_rec 0.5,900,LI_CONT xi 0.5,NEUTRAL,BRI,SENSITIVITY,ABOVE_17PCT,0.999992,0.5,13.5581,6.77898,0.296505,6.77898,0.296505,0,10,0.0e+00
R800,recon_fixed,f_rec 0.5,900,LI_CONT xi 0.5,NEUTRAL,ISO_z2,INVALID,ABOVE_17PCT,0.999992,0.5,13.5581,3.85293e-10,5.21682e+09,3.85293e-10,,0,10,0.0e+00
R800,recon_fixed,f_rec 0.5,900,LI_CONT xi 0.5,NEUTRAL,ISO_z4,INVALID,ABOVE_17PCT,0.999992,0.5,13.5581,2.18986e-20,9.17866e+19,2.18986e-20,,0,10,0.0e+00
R800,recon_fixed,f_rec 0.5,900,LI_CONT xi 0.5,NEUTRAL,ISO_z8,INVALID,ABOVE_17PCT,0.999992,0.5,13.5581,7.07407e-41,2.84136e+40,7.07407e-41,,0,10,0.0e+00
R1000,recon_fixed,f_rec 0.5,900,LI_CONT xi 0.5,NEUTRAL,BRI,BOUNDARY,ABOVE_17PCT YUAN_STRONG_REDUCTION,0.999999,0.5,13.5581,6.77902,0.00669713,6.77902,0.00669713,0,8,2.3e-13
R1000,recon_fixed,f_rec 0.5,900,LI_CONT xi 0.5,NEUTRAL,ISO_z2,INVALID,ABOVE_17PCT YUAN_STRONG_REDUCTION,0.999999,0.5,13.5581,7.3747e-12,6.15618e+09,7.3747e-12,,0,8,2.3e-13
R1000,recon_fixed,f_rec 0.5,900,LI_CONT xi 0.5,NEUTRAL,ISO_z4,INVALID,ABOVE_17PCT YUAN_STRONG_REDUCTION,0.999999,0.5,13.5581,8.02272e-24,5.65893e+21,8.02272e-24,,0,8,2.3e-13
R1000,recon_fixed,f_rec 0.5,900,LI_CONT xi 0.5,NEUTRAL,ISO_z8,INVALID,ABOVE_17PCT YUAN_STRONG_REDUCTION,0.999999,0.5,13.5581,9.4946e-48,4.78167e+45,9.4946e-48,,0,8,2.3e-13
A600,recon_fixed,f_rec 0.5,900,LI_CONT xi 0.5,LOCAL,BRI,SENSITIVITY,,0.0821588,0.5,13.5581,0.556957,4.05776,0.556957,4.05776,0,11,-3.6e-15
A600,recon_fixed,f_rec 0.5,900,LI_CONT xi 0.5,LOCAL,ISO_z2,SENSITIVITY,,0.0821588,0.5,13.5581,0.469199,4.81672,0.469199,4.81672,0,11,-3.6e-15
A600,recon_fixed,f_rec 0.5,900,LI_CONT xi 0.5,LOCAL,ISO_z4,SENSITIVITY,,0.0821588,0.5,13.5581,0.395268,5.71763,0.395268,5.71763,0,11,-3.6e-15
A600,recon_fixed,f_rec 0.5,900,LI_CONT xi 0.5,LOCAL,ISO_z8,SENSITIVITY,,0.0821588,0.5,13.5581,0.280519,8.0565,0.280519,8.0565,0,11,-3.6e-15
R500,recon_fixed,f_rec 0.5,900,LI_CONT xi 0.5,LOCAL,BRI,SENSITIVITY,,0.169108,0.5,13.5581,1.14639,3.28859,1.14639,3.28859,0,10,-7.1e-15
R500,recon_fixed,f_rec 0.5,900,LI_CONT xi 0.5,LOCAL,ISO_z2,SENSITIVITY,,0.169108,0.5,13.5581,0.791445,4.76344,0.791445,4.76344,0,10,-7.1e-15
R500,recon_fixed,f_rec 0.5,900,LI_CONT xi 0.5,LOCAL,ISO_z4,SENSITIVITY,,0.169108,0.5,13.5581,0.546399,6.89972,0.546399,6.89972,0,10,-7.1e-15
R500,recon_fixed,f_rec 0.5,900,LI_CONT xi 0.5,LOCAL,ISO_z8,SENSITIVITY,,0.169108,0.5,13.5581,0.260428,14.4761,0.260428,14.4761,0,10,-7.1e-15
R600,recon_fixed,f_rec 0.5,900,LI_CONT xi 0.5,LOCAL,BRI,SENSITIVITY,ABOVE_17PCT,0.223593,0.5,13.5581,1.51575,2.58618,1.51575,2.58618,0,9,1.4e-14
R600,recon_fixed,f_rec 0.5,900,LI_CONT xi 0.5,LOCAL,ISO_z2,SENSITIVITY,ABOVE_17PCT,0.223593,0.5,13.5581,0.913703,4.29023,0.913703,4.29023,0,9,1.4e-14
R600,recon_fixed,f_rec 0.5,900,LI_CONT xi 0.5,LOCAL,ISO_z4,SENSITIVITY,ABOVE_17PCT,0.223593,0.5,13.5581,0.550787,7.11709,0.550787,7.11709,0,9,1.4e-14
R600,recon_fixed,f_rec 0.5,900,LI_CONT xi 0.5,LOCAL,ISO_z8,SENSITIVITY,ABOVE_17PCT,0.223593,0.5,13.5581,0.200143,19.586,0.200143,19.586,0,9,1.4e-14
R800,recon_fixed,f_rec 0.5,900,LI_CONT xi 0.5,LOCAL,BRI,SENSITIVITY,ABOVE_17PCT,0.240784,0.5,13.5581,1.63229,1.2314,1.63229,1.2314,0,8,-2.8e-14
R800,recon_fixed,f_rec 0.5,900,LI_CONT xi 0.5,LOCAL,ISO_z2,SENSITIVITY,ABOVE_17PCT,0.240784,0.5,13.5581,0.940863,2.13634,0.940863,2.13634,0,8,-2.8e-14
R800,recon_fixed,f_rec 0.5,900,LI_CONT xi 0.5,LOCAL,ISO_z4,SENSITIVITY,ABOVE_17PCT,0.240784,0.5,13.5581,0.542321,3.70629,0.542321,3.70629,0,8,-2.8e-14
R800,recon_fixed,f_rec 0.5,900,LI_CONT xi 0.5,LOCAL,ISO_z8,SENSITIVITY,ABOVE_17PCT,0.240784,0.5,13.5581,0.180184,11.1553,0.180184,11.1553,0,8,-2.8e-14
R1000,recon_fixed,f_rec 0.5,900,LI_CONT xi 0.5,LOCAL,BRI,BOUNDARY,ABOVE_17PCT YUAN_STRONG_REDUCTION,0.249017,0.5,13.5581,1.6881,0.0268942,1.6881,0.0268942,0,6,-8.1e-11
R1000,recon_fixed,f_rec 0.5,900,LI_CONT xi 0.5,LOCAL,ISO_z2,BOUNDARY,ABOVE_17PCT YUAN_STRONG_REDUCTION,0.249017,0.5,13.5581,0.952044,0.0476869,0.952044,0.0476869,0,6,-8.1e-11
R1000,recon_fixed,f_rec 0.5,900,LI_CONT xi 0.5,LOCAL,ISO_z4,BOUNDARY,ABOVE_17PCT YUAN_STRONG_REDUCTION,0.249017,0.5,13.5581,0.536929,0.084555,0.536929,0.084555,0,6,-8.1e-11
R1000,recon_fixed,f_rec 0.5,900,LI_CONT xi 0.5,LOCAL,ISO_z8,BOUNDARY,ABOVE_17PCT YUAN_STRONG_REDUCTION,0.249017,0.5,13.5581,0.17078,0.26584,0.17078,0.26584,0,6,-8.1e-11
A600,recon_fixed,f_rec 0.75,900,PAB,NEUTRAL,BRI,SENSITIVITY,ABOVE_17PCT,0.744812,0.75,13.5581,2.52455,0.895208,2.52455,0.895208,0,13,7.1e-15
A600,recon_fixed,f_rec 0.75,900,PAB,NEUTRAL,ISO_z2,SENSITIVITY,ABOVE_17PCT,0.744812,0.75,13.5581,0.164401,13.7469,0.164401,13.7469,0,13,7.1e-15
A600,recon_fixed,f_rec 0.75,900,PAB,NEUTRAL,ISO_z4,INVALID,ABOVE_17PCT,0.744812,0.75,13.5581,0.0107059,211.098,0.0107059,,0,13,7.1e-15
A600,recon_fixed,f_rec 0.75,900,PAB,NEUTRAL,ISO_z8,INVALID,ABOVE_17PCT,0.744812,0.75,13.5581,4.54009e-05,49778.8,4.54009e-05,,0,13,7.1e-15
R500,recon_fixed,f_rec 0.75,900,PAB,NEUTRAL,BRI,SENSITIVITY,ABOVE_17PCT,0.969023,0.75,13.5581,3.28452,1.14781,3.28452,1.14781,0,12,0.0e+00
R500,recon_fixed,f_rec 0.75,900,PAB,NEUTRAL,ISO_z2,INVALID,ABOVE_17PCT,0.969023,0.75,13.5581,0.0031518,1196.14,0.0031518,,0,12,0.0e+00
R500,recon_fixed,f_rec 0.75,900,PAB,NEUTRAL,ISO_z4,INVALID,ABOVE_17PCT,0.969023,0.75,13.5581,3.02445e-06,1.24651e+06,3.02445e-06,,0,12,0.0e+00
R500,recon_fixed,f_rec 0.75,900,PAB,NEUTRAL,ISO_z8,INVALID,ABOVE_17PCT,0.969023,0.75,13.5581,2.78497e-12,1.3537e+12,2.78497e-12,,0,12,0.0e+00
R600,recon_fixed,f_rec 0.75,900,PAB,NEUTRAL,BRI,SENSITIVITY,ABOVE_17PCT,0.992511,0.75,13.5581,3.36413,1.16523,3.36413,1.16523,0,10,6.9e-12
R600,recon_fixed,f_rec 0.75,900,PAB,NEUTRAL,ISO_z2,INVALID,ABOVE_17PCT,0.992511,0.75,13.5581,0.000188663,20777.8,0.000188663,,0,10,6.9e-12
R600,recon_fixed,f_rec 0.75,900,PAB,NEUTRAL,ISO_z4,INVALID,ABOVE_17PCT,0.992511,0.75,13.5581,1.05804e-08,3.70497e+08,1.05804e-08,,0,10,6.9e-12
R600,recon_fixed,f_rec 0.75,900,PAB,NEUTRAL,ISO_z8,INVALID,ABOVE_17PCT,0.992511,0.75,13.5581,3.32759e-17,1.17803e+17,3.32759e-17,,0,10,6.9e-12
R800,recon_fixed,f_rec 0.75,900,PAB,NEUTRAL,BRI,SENSITIVITY,ABOVE_17PCT,0.996841,0.75,13.5581,3.37881,0.594884,3.37881,0.594884,0,10,5.7e-14
R800,recon_fixed,f_rec 0.75,900,PAB,NEUTRAL,ISO_z2,INVALID,ABOVE_17PCT,0.996841,0.75,13.5581,3.37183e-05,59611.5,3.37183e-05,,0,10,5.7e-14
R800,recon_fixed,f_rec 0.75,900,PAB,NEUTRAL,ISO_z4,INVALID,ABOVE_17PCT,0.996841,0.75,13.5581,3.36487e-10,5.97348e+09,3.36487e-10,,0,10,5.7e-14
R800,recon_fixed,f_rec 0.75,900,PAB,NEUTRAL,ISO_z8,INVALID,ABOVE_17PCT,0.996841,0.75,13.5581,3.35099e-20,5.99823e+19,3.35099e-20,,0,10,5.7e-14
R1000,recon_fixed,f_rec 0.75,900,PAB,NEUTRAL,BRI,BOUNDARY,ABOVE_17PCT YUAN_STRONG_REDUCTION,0.999312,0.75,13.5581,3.38718,0.0134035,3.38718,0.0134035,0,8,2.3e-13
R1000,recon_fixed,f_rec 0.75,900,PAB,NEUTRAL,ISO_z2,INVALID,ABOVE_17PCT YUAN_STRONG_REDUCTION,0.999312,0.75,13.5581,1.60292e-06,28323.3,1.60292e-06,,0,8,2.3e-13
R1000,recon_fixed,f_rec 0.75,900,PAB,NEUTRAL,ISO_z4,INVALID,ABOVE_17PCT YUAN_STRONG_REDUCTION,0.999312,0.75,13.5581,7.58552e-13,5.98509e+10,7.58552e-13,,0,8,2.3e-13
R1000,recon_fixed,f_rec 0.75,900,PAB,NEUTRAL,ISO_z8,INVALID,ABOVE_17PCT YUAN_STRONG_REDUCTION,0.999312,0.75,13.5581,1.69876e-25,2.67254e+23,1.69876e-25,,0,8,2.3e-13
A600,recon_fixed,f_rec 0.75,900,PAB,LOCAL,BRI,SENSITIVITY,,0.0513516,0.75,13.5581,0.174057,12.9842,0.174057,12.9842,0,11,5.3e-15
A600,recon_fixed,f_rec 0.75,900,PAB,LOCAL,ISO_z2,SENSITIVITY,,0.0513516,0.75,13.5581,0.15664,14.428,0.15664,14.428,0,11,5.3e-15
A600,recon_fixed,f_rec 0.75,900,PAB,LOCAL,ISO_z4,SENSITIVITY,,0.0513516,0.75,13.5581,0.140965,16.0323,0.140965,16.0323,0,11,5.3e-15
A600,recon_fixed,f_rec 0.75,900,PAB,LOCAL,ISO_z8,INVALID,,0.0513516,0.75,13.5581,0.114165,19.7959,0.114165,,0,11,5.3e-15
R500,recon_fixed,f_rec 0.75,900,PAB,LOCAL,BRI,SENSITIVITY,ABOVE_17PCT,0.174545,0.75,13.5581,0.591623,6.3723,0.591623,6.3723,0,10,-7.1e-15
R500,recon_fixed,f_rec 0.75,900,PAB,LOCAL,ISO_z2,SENSITIVITY,ABOVE_17PCT,0.174545,0.75,13.5581,0.403118,9.3521,0.403118,9.3521,0,10,-7.1e-15
R500,recon_fixed,f_rec 0.75,900,PAB,LOCAL,ISO_z4,SENSITIVITY,ABOVE_17PCT,0.174545,0.75,13.5581,0.274675,13.7253,0.274675,13.7253,0,10,-7.1e-15
R500,recon_fixed,f_rec 0.75,900,PAB,LOCAL,ISO_z8,INVALID,ABOVE_17PCT,0.174545,0.75,13.5581,0.127524,29.5631,0.127524,,0,10,-7.1e-15
R600,recon_fixed,f_rec 0.75,900,PAB,LOCAL,BRI,SENSITIVITY,ABOVE_17PCT,0.384231,0.75,13.5581,1.30236,3.00993,1.30236,3.00993,0,9,-1.4e-14
R600,recon_fixed,f_rec 0.75,900,PAB,LOCAL,ISO_z2,SENSITIVITY,ABOVE_17PCT,0.384231,0.75,13.5581,0.493817,7.93817,0.493817,7.93817,0,9,-1.4e-14
R600,recon_fixed,f_rec 0.75,900,PAB,LOCAL,ISO_z4,SENSITIVITY,ABOVE_17PCT,0.384231,0.75,13.5581,0.187241,20.9356,0.187241,20.9356,0,9,-1.4e-14
R600,recon_fixed,f_rec 0.75,900,PAB,LOCAL,ISO_z8,INVALID,ABOVE_17PCT,0.384231,0.75,13.5581,0.0269198,145.617,0.0269198,,0,9,-1.4e-14
R800,recon_fixed,f_rec 0.75,900,PAB,LOCAL,BRI,SENSITIVITY,ABOVE_17PCT,0.581858,0.75,13.5581,1.97222,1.01916,1.97222,1.01916,0,8,-2.8e-14
R800,recon_fixed,f_rec 0.75,900,PAB,LOCAL,ISO_z2,SENSITIVITY,ABOVE_17PCT,0.581858,0.75,13.5581,0.344827,5.829,0.344827,5.829,0,8,-2.8e-14
R800,recon_fixed,f_rec 0.75,900,PAB,LOCAL,ISO_z4,INVALID,ABOVE_17PCT,0.581858,0.75,13.5581,0.0602905,33.3386,0.0602905,,0,8,-2.8e-14
R800,recon_fixed,f_rec 0.75,900,PAB,LOCAL,ISO_z8,INVALID,ABOVE_17PCT,0.581858,0.75,13.5581,0.00184307,1090.57,0.00184307,,0,8,-2.8e-14
R1000,recon_fixed,f_rec 0.75,900,PAB,LOCAL,BRI,BOUNDARY,ABOVE_17PCT YUAN_STRONG_REDUCTION,0.854166,0.75,13.5581,2.89521,0.0156811,2.89521,0.0156811,0,6,-5.8e-11
R1000,recon_fixed,f_rec 0.75,900,PAB,LOCAL,ISO_z2,INVALID,ABOVE_17PCT YUAN_STRONG_REDUCTION,0.854166,0.75,13.5581,0.0615744,0.73732,0.0615744,,0,6,-5.8e-11
R1000,recon_fixed,f_rec 0.75,900,PAB,LOCAL,ISO_z4,INVALID,ABOVE_17PCT YUAN_STRONG_REDUCTION,0.854166,0.75,13.5581,0.00130954,34.6685,0.00130954,,0,6,-5.8e-11
R1000,recon_fixed,f_rec 0.75,900,PAB,LOCAL,ISO_z8,INVALID,ABOVE_17PCT YUAN_STRONG_REDUCTION,0.854166,0.75,13.5581,5.92326e-07,76646.9,5.92326e-07,,0,6,-5.8e-11
A600,recon_fixed,f_rec 0.75,900,HAM,NEUTRAL,BRI,SENSITIVITY,ABOVE_17PCT,0.989725,0.75,13.5581,3.35469,0.673684,3.35469,0.673684,0,13,-3.6e-15
A600,recon_fixed,f_rec 0.75,900,HAM,NEUTRAL,ISO_z2,INVALID,ABOVE_17PCT,0.989725,0.75,13.5581,0.000354183,6380.87,0.000354183,,0,13,-3.6e-15
A600,recon_fixed,f_rec 0.75,900,HAM,NEUTRAL,ISO_z4,INVALID,ABOVE_17PCT,0.989725,0.75,13.5581,3.73942e-08,6.04371e+07,3.73942e-08,,0,13,-3.6e-15
A600,recon_fixed,f_rec 0.75,900,HAM,NEUTRAL,ISO_z8,INVALID,ABOVE_17PCT,0.989725,0.75,13.5581,4.16828e-16,5.4219e+15,4.16828e-16,,0,13,-3.6e-15
R500,recon_fixed,f_rec 0.75,900,HAM,NEUTRAL,BRI,SENSITIVITY,ABOVE_17PCT,0.999823,0.75,13.5581,3.38892,1.11245,3.38892,1.11245,0,12,7.1e-15
R500,recon_fixed,f_rec 0.75,900,HAM,NEUTRAL,ISO_z2,INVALID,ABOVE_17PCT,0.999823,0.75,13.5581,1.06183e-07,3.55046e+07,1.06183e-07,,0,12,7.1e-15
R500,recon_fixed,f_rec 0.75,900,HAM,NEUTRAL,ISO_z4,INVALID,ABOVE_17PCT,0.999823,0.75,13.5581,3.32699e-15,1.13316e+15,3.32699e-15,,0,12,7.1e-15
R500,recon_fixed,f_rec 0.75,900,HAM,NEUTRAL,ISO_z8,INVALID,ABOVE_17PCT,0.999823,0.75,13.5581,3.2662e-30,1.15425e+30,3.2662e-30,,0,12,7.1e-15
R600,recon_fixed,f_rec 0.75,900,HAM,NEUTRAL,BRI,SENSITIVITY,ABOVE_17PCT,0.999963,0.75,13.5581,3.38939,1.15655,3.38939,1.15655,0,10,1.0e-11
R600,recon_fixed,f_rec 0.75,900,HAM,NEUTRAL,ISO_z2,INVALID,ABOVE_17PCT,0.999963,0.75,13.5581,4.71373e-09,8.31613e+08,4.71373e-09,,0,10,1.0e-11
R600,recon_fixed,f_rec 0.75,900,HAM,NEUTRAL,ISO_z4,INVALID,ABOVE_17PCT,0.999963,0.75,13.5581,6.55553e-18,5.97968e+17,6.55553e-18,,0,10,1.0e-11
R600,recon_fixed,f_rec 0.75,900,HAM,NEUTRAL,ISO_z8,INVALID,ABOVE_17PCT,0.999963,0.75,13.5581,1.26793e-35,3.09166e+35,1.26793e-35,,0,10,1.0e-11
R800,recon_fixed,f_rec 0.75,900,HAM,NEUTRAL,BRI,SENSITIVITY,ABOVE_17PCT,0.999984,0.75,13.5581,3.38946,0.593014,3.38946,0.593014,0,10,5.7e-14
R800,recon_fixed,f_rec 0.75,900,HAM,NEUTRAL,ISO_z2,INVALID,ABOVE_17PCT,0.999984,0.75,13.5581,8.24474e-10,2.43792e+09,8.24474e-10,,0,10,5.7e-14
R800,recon_fixed,f_rec 0.75,900,HAM,NEUTRAL,ISO_z4,INVALID,ABOVE_17PCT,0.999984,0.75,13.5581,2.0055e-19,1.00224e+19,2.0055e-19,,0,10,5.7e-14
R800,recon_fixed,f_rec 0.75,900,HAM,NEUTRAL,ISO_z8,INVALID,ABOVE_17PCT,0.999984,0.75,13.5581,1.18663e-38,1.69387e+38,1.18663e-38,,0,10,5.7e-14
R1000,recon_fixed,f_rec 0.75,900,HAM,NEUTRAL,BRI,BOUNDARY,ABOVE_17PCT YUAN_STRONG_REDUCTION,0.999997,0.75,13.5581,3.3895,0.0133943,3.3895,0.0133943,0,8,-1.1e-13
R1000,recon_fixed,f_rec 0.75,900,HAM,NEUTRAL,ISO_z2,INVALID,ABOVE_17PCT YUAN_STRONG_REDUCTION,0.999997,0.75,13.5581,3.90531e-11,1.16252e+09,3.90531e-11,,0,8,-1.1e-13
R1000,recon_fixed,f_rec 0.75,900,HAM,NEUTRAL,ISO_z4,INVALID,ABOVE_17PCT YUAN_STRONG_REDUCTION,0.999997,0.75,13.5581,4.49962e-22,1.00897e+20,4.49962e-22,,0,8,-1.1e-13
R1000,recon_fixed,f_rec 0.75,900,HAM,NEUTRAL,ISO_z8,INVALID,ABOVE_17PCT YUAN_STRONG_REDUCTION,0.999997,0.75,13.5581,5.97331e-44,7.60048e+41,5.97331e-44,,0,8,-1.1e-13
A600,recon_fixed,f_rec 0.75,900,HAM,LOCAL,BRI,SENSITIVITY,ABOVE_17PCT,0.317985,0.75,13.5581,1.07782,2.09683,1.07782,2.09683,0,11,0.0e+00
A600,recon_fixed,f_rec 0.75,900,HAM,LOCAL,ISO_z2,SENSITIVITY,ABOVE_17PCT,0.317985,0.75,13.5581,0.50134,4.50792,0.50134,4.50792,0,11,0.0e+00
A600,recon_fixed,f_rec 0.75,900,HAM,LOCAL,ISO_z4,SENSITIVITY,ABOVE_17PCT,0.317985,0.75,13.5581,0.233195,9.69145,0.233195,9.69145,0,11,0.0e+00
A600,recon_fixed,f_rec 0.75,900,HAM,LOCAL,ISO_z8,INVALID,ABOVE_17PCT,0.317985,0.75,13.5581,0.0504539,44.7934,0.0504539,,0,11,0.0e+00
R500,recon_fixed,f_rec 0.75,900,HAM,LOCAL,BRI,SENSITIVITY,ABOVE_17PCT,0.76952,0.75,13.5581,2.6083,1.44539,2.6083,1.44539,0,10,-3.2e-14
R500,recon_fixed,f_rec 0.75,900,HAM,LOCAL,ISO_z2,SENSITIVITY,ABOVE_17PCT,0.76952,0.75,13.5581,0.138556,27.2092,0.138556,27.2092,0,10,-3.2e-14
R500,recon_fixed,f_rec 0.75,900,HAM,LOCAL,ISO_z4,INVALID,ABOVE_17PCT,0.76952,0.75,13.5581,0.00736025,512.211,0.00736025,,0,10,-3.2e-14
R500,recon_fixed,f_rec 0.75,900,HAM,LOCAL,ISO_z8,INVALID,ABOVE_17PCT,0.76952,0.75,13.5581,2.07696e-05,181515,2.07696e-05,,0,10,-3.2e-14
R600,recon_fixed,f_rec 0.75,900,HAM,LOCAL,BRI,SENSITIVITY,ABOVE_17PCT,0.955434,0.75,13.5581,3.23846,1.21045,3.23846,1.21045,0,9,1.4e-14
R600,recon_fixed,f_rec 0.75,900,HAM,LOCAL,ISO_z2,INVALID,ABOVE_17PCT,0.955434,0.75,13.5581,0.00643198,609.455,0.00643198,,0,9,1.4e-14
R600,recon_fixed,f_rec 0.75,900,HAM,LOCAL,ISO_z4,INVALID,ABOVE_17PCT,0.955434,0.75,13.5581,1.27747e-05,306857,1.27747e-05,,0,9,1.4e-14
R600,recon_fixed,f_rec 0.75,900,HAM,LOCAL,ISO_z8,INVALID,ABOVE_17PCT,0.955434,0.75,13.5581,5.03922e-11,7.77899e+10,5.03922e-11,,0,9,1.4e-14
R800,recon_fixed,f_rec 0.75,900,HAM,LOCAL,BRI,SENSITIVITY,ABOVE_17PCT,0.983938,0.75,13.5581,3.33507,0.602686,3.33507,0.602686,0,8,-8.5e-14
R800,recon_fixed,f_rec 0.75,900,HAM,LOCAL,ISO_z2,INVALID,ABOVE_17PCT,0.983938,0.75,13.5581,0.000860441,2336.01,0.000860441,,0,8,-8.5e-14
R800,recon_fixed,f_rec 0.75,900,HAM,LOCAL,ISO_z4,INVALID,ABOVE_17PCT,0.983938,0.75,13.5581,2.21992e-07,9.05438e+06,2.21992e-07,,0,8,-8.5e-14
R800,recon_fixed,f_rec 0.75,900,HAM,LOCAL,ISO_z8,INVALID,ABOVE_17PCT,0.983938,0.75,13.5581,1.47764e-14,1.36028e+14,1.47764e-14,,0,8,-8.5e-14
R1000,recon_fixed,f_rec 0.75,900,HAM,LOCAL,BRI,BOUNDARY,ABOVE_17PCT YUAN_STRONG_REDUCTION,0.995969,0.75,13.5581,3.37585,0.0134485,3.37585,0.0134485,0,6,-6.3e-11
R1000,recon_fixed,f_rec 0.75,900,HAM,LOCAL,ISO_z2,INVALID,ABOVE_17PCT YUAN_STRONG_REDUCTION,0.995969,0.75,13.5581,5.48611e-05,827.545,5.48611e-05,,0,6,-6.3e-11
R1000,recon_fixed,f_rec 0.75,900,HAM,LOCAL,ISO_z4,INVALID,ABOVE_17PCT YUAN_STRONG_REDUCTION,0.995969,0.75,13.5581,8.91549e-10,5.09226e+07,8.91549e-10,,0,6,-6.3e-11
R1000,recon_fixed,f_rec 0.75,900,HAM,LOCAL,ISO_z8,INVALID,ABOVE_17PCT YUAN_STRONG_REDUCTION,0.995969,0.75,13.5581,2.35455e-19,1.92819e+17,2.35455e-19,,0,6,-6.3e-11
A600,recon_fixed,f_rec 0.75,900,LI_SBR1,NEUTRAL,BRI,SENSITIVITY,ABOVE_17PCT,0.999125,0.75,13.5581,3.38655,0.667346,3.38655,0.667346,0,13,1.8e-15
A600,recon_fixed,f_rec 0.75,900,LI_SBR1,NEUTRAL,ISO_z2,INVALID,ABOVE_17PCT,0.999125,0.75,13.5581,2.59444e-06,871093,2.59444e-06,,0,13,1.8e-15
A600,recon_fixed,f_rec 0.75,900,LI_SBR1,NEUTRAL,ISO_z4,INVALID,ABOVE_17PCT,0.999125,0.75,13.5581,1.98761e-12,1.13704e+12,1.98761e-12,,0,13,1.8e-15
A600,recon_fixed,f_rec 0.75,900,LI_SBR1,NEUTRAL,ISO_z8,INVALID,ABOVE_17PCT,0.999125,0.75,13.5581,1.16655e-24,1.93733e+24,1.16655e-24,,0,13,1.8e-15
R500,recon_fixed,f_rec 0.75,900,LI_SBR1,NEUTRAL,BRI,SENSITIVITY,ABOVE_17PCT,0.999958,0.75,13.5581,3.38937,1.1123,3.38937,1.1123,0,12,3.6e-15
R500,recon_fixed,f_rec 0.75,900,LI_SBR1,NEUTRAL,ISO_z2,INVALID,ABOVE_17PCT,0.999958,0.75,13.5581,6.12082e-09,6.1593e+08,6.12082e-09,,0,12,3.6e-15
R500,recon_fixed,f_rec 0.75,900,LI_SBR1,NEUTRAL,ISO_z4,INVALID,ABOVE_17PCT,0.999958,0.75,13.5581,1.10535e-17,3.41068e+17,1.10535e-17,,0,12,3.6e-15
R500,recon_fixed,f_rec 0.75,900,LI_SBR1,NEUTRAL,ISO_z8,INVALID,ABOVE_17PCT,0.999958,0.75,13.5581,3.60481e-35,1.04583e+35,3.60481e-35,,0,12,3.6e-15
R600,recon_fixed,f_rec 0.75,900,LI_SBR1,NEUTRAL,BRI,SENSITIVITY,ABOVE_17PCT,0.999991,0.75,13.5581,3.38948,1.15652,3.38948,1.15652,0,10,9.1e-12
R600,recon_fixed,f_rec 0.75,900,LI_SBR1,NEUTRAL,ISO_z2,INVALID,ABOVE_17PCT,0.999991,0.75,13.5581,3.04225e-10,1.28852e+10,3.04225e-10,,0,10,9.1e-12
R600,recon_fixed,f_rec 0.75,900,LI_SBR1,NEUTRAL,ISO_z4,INVALID,ABOVE_17PCT,0.999991,0.75,13.5581,2.73059e-20,1.43559e+20,2.73059e-20,,0,10,9.1e-12
R600,recon_fixed,f_rec 0.75,900,LI_SBR1,NEUTRAL,ISO_z8,INVALID,ABOVE_17PCT,0.999991,0.75,13.5581,2.19979e-40,1.78199e+40,2.19979e-40,,0,10,9.1e-12
R800,recon_fixed,f_rec 0.75,900,LI_SBR1,NEUTRAL,BRI,SENSITIVITY,ABOVE_17PCT,0.999996,0.75,13.5581,3.3895,0.593007,3.3895,0.593007,0,10,-8.5e-14
R800,recon_fixed,f_rec 0.75,900,LI_SBR1,NEUTRAL,ISO_z2,INVALID,ABOVE_17PCT,0.999996,0.75,13.5581,5.38205e-11,3.73464e+10,5.38205e-11,,0,10,-8.5e-14
R800,recon_fixed,f_rec 0.75,900,LI_SBR1,NEUTRAL,ISO_z4,INVALID,ABOVE_17PCT,0.999996,0.75,13.5581,8.54593e-22,2.352e+21,8.54593e-22,,0,10,-8.5e-14
R800,recon_fixed,f_rec 0.75,900,LI_SBR1,NEUTRAL,ISO_z8,INVALID,ABOVE_17PCT,0.999996,0.75,13.5581,2.15468e-43,9.32853e+42,2.15468e-43,,0,10,-8.5e-14
R1000,recon_fixed,f_rec 0.75,900,LI_SBR1,NEUTRAL,BRI,BOUNDARY,ABOVE_17PCT YUAN_STRONG_REDUCTION,0.999999,0.75,13.5581,3.38951,0.0133943,3.38951,0.0133943,0,8,-2.3e-13
R1000,recon_fixed,f_rec 0.75,900,LI_SBR1,NEUTRAL,ISO_z2,INVALID,ABOVE_17PCT YUAN_STRONG_REDUCTION,0.999999,0.75,13.5581,2.6093e-12,1.73993e+10,2.6093e-12,,0,8,-2.3e-13
R1000,recon_fixed,f_rec 0.75,900,LI_SBR1,NEUTRAL,ISO_z4,INVALID,ABOVE_17PCT YUAN_STRONG_REDUCTION,0.999999,0.75,13.5581,2.00869e-24,2.26019e+22,2.00869e-24,,0,8,-2.3e-13
R1000,recon_fixed,f_rec 0.75,900,LI_SBR1,NEUTRAL,ISO_z8,INVALID,ABOVE_17PCT YUAN_STRONG_REDUCTION,0.999999,0.75,13.5581,1.19038e-48,3.8139e+46,1.19038e-48,,0,8,-2.3e-13
A600,recon_fixed,f_rec 0.75,900,LI_SBR1,LOCAL,BRI,SENSITIVITY,ABOVE_17PCT,0.440349,0.75,13.5581,1.49257,1.51417,1.49257,1.51417,0,11,0.0e+00
A600,recon_fixed,f_rec 0.75,900,LI_SBR1,LOCAL,ISO_z2,SENSITIVITY,ABOVE_17PCT,0.440349,0.75,13.5581,0.467487,4.83436,0.467487,4.83436,0,11,0.0e+00
A600,recon_fixed,f_rec 0.75,900,LI_SBR1,LOCAL,ISO_z4,SENSITIVITY,ABOVE_17PCT,0.440349,0.75,13.5581,0.146421,15.4349,0.146421,15.4349,0,11,0.0e+00
A600,recon_fixed,f_rec 0.75,900,LI_SBR1,LOCAL,ISO_z8,INVALID,ABOVE_17PCT,0.440349,0.75,13.5581,0.014364,157.338,0.014364,,0,11,0.0e+00
R500,recon_fixed,f_rec 0.75,900,LI_SBR1,LOCAL,BRI,SENSITIVITY,ABOVE_17PCT,0.907674,0.75,13.5581,3.07658,1.22539,3.07658,1.22539,0,10,3.6e-15
R500,recon_fixed,f_rec 0.75,900,LI_SBR1,LOCAL,ISO_z2,INVALID,ABOVE_17PCT,0.907674,0.75,13.5581,0.0262249,143.757,0.0262249,,0,10,3.6e-15
R500,recon_fixed,f_rec 0.75,900,LI_SBR1,LOCAL,ISO_z4,INVALID,ABOVE_17PCT,0.907674,0.75,13.5581,0.000223542,16864.8,0.000223542,,0,10,3.6e-15
R500,recon_fixed,f_rec 0.75,900,LI_SBR1,LOCAL,ISO_z8,INVALID,ABOVE_17PCT,0.907674,0.75,13.5581,1.62425e-08,2.32107e+08,1.62425e-08,,0,10,3.6e-15
R600,recon_fixed,f_rec 0.75,900,LI_SBR1,LOCAL,BRI,SENSITIVITY,ABOVE_17PCT,0.992452,0.75,13.5581,3.36393,1.1653,3.36393,1.1653,0,9,2.8e-14
R600,recon_fixed,f_rec 0.75,900,LI_SBR1,LOCAL,ISO_z2,INVALID,ABOVE_17PCT,0.992452,0.75,13.5581,0.000191659,20453,0.000191659,,0,9,2.8e-14
R600,recon_fixed,f_rec 0.75,900,LI_SBR1,LOCAL,ISO_z4,INVALID,ABOVE_17PCT,0.992452,0.75,13.5581,1.09197e-08,3.58985e+08,1.09197e-08,,0,9,2.8e-14
R600,recon_fixed,f_rec 0.75,900,LI_SBR1,LOCAL,ISO_z8,INVALID,ABOVE_17PCT,0.992452,0.75,13.5581,3.54465e-17,1.10589e+17,3.54465e-17,,0,9,2.8e-14
R800,recon_fixed,f_rec 0.75,900,LI_SBR1,LOCAL,BRI,SENSITIVITY,ABOVE_17PCT,0.997977,0.75,13.5581,3.38266,0.594207,3.38266,0.594207,0,8,-1.7e-13
R800,recon_fixed,f_rec 0.75,900,LI_SBR1,LOCAL,ISO_z2,INVALID,ABOVE_17PCT,0.997977,0.75,13.5581,1.38369e-05,145264,1.38369e-05,,0,8,-1.7e-13
R800,recon_fixed,f_rec 0.75,900,LI_SBR1,LOCAL,ISO_z4,INVALID,ABOVE_17PCT,0.997977,0.75,13.5581,5.66001e-11,3.55123e+10,5.66001e-11,,0,8,-1.7e-13
R800,recon_fixed,f_rec 0.75,900,LI_SBR1,LOCAL,ISO_z8,INVALID,ABOVE_17PCT,0.997977,0.75,13.5581,9.47056e-22,2.12237e+21,9.47056e-22,,0,8,-1.7e-13
R1000,recon_fixed,f_rec 0.75,900,LI_SBR1,LOCAL,BRI,BOUNDARY,ABOVE_17PCT YUAN_STRONG_REDUCTION,0.999605,0.75,13.5581,3.38818,0.0133995,3.38818,0.0133995,0,6,-6.2e-11
R1000,recon_fixed,f_rec 0.75,900,LI_SBR1,LOCAL,ISO_z2,INVALID,ABOVE_17PCT YUAN_STRONG_REDUCTION,0.999605,0.75,13.5581,5.28065e-07,85974.2,5.28065e-07,,0,6,-6.2e-11
R1000,recon_fixed,f_rec 0.75,900,LI_SBR1,LOCAL,ISO_z4,INVALID,ABOVE_17PCT YUAN_STRONG_REDUCTION,0.999605,0.75,13.5581,8.23018e-14,5.51628e+11,8.23018e-14,,0,6,-6.2e-11
R1000,recon_fixed,f_rec 0.75,900,LI_SBR1,LOCAL,ISO_z8,INVALID,ABOVE_17PCT YUAN_STRONG_REDUCTION,0.999605,0.75,13.5581,1.99918e-27,2.27093e+25,1.99918e-27,,0,6,-6.2e-11
A600,recon_fixed,f_rec 0.75,900,LI_L2,NEUTRAL,BRI,SENSITIVITY,ABOVE_17PCT,0.995994,0.75,13.5581,3.37594,0.669444,3.37594,0.669444,0,13,1.8e-15
A600,recon_fixed,f_rec 0.75,900,LI_L2,NEUTRAL,ISO_z2,INVALID,ABOVE_17PCT,0.995994,0.75,13.5581,5.41767e-05,41715.4,5.41767e-05,,0,13,1.8e-15
A600,recon_fixed,f_rec 0.75,900,LI_L2,NEUTRAL,ISO_z4,INVALID,ABOVE_17PCT,0.995994,0.75,13.5581,8.69421e-10,2.59943e+09,8.69421e-10,,0,13,1.8e-15
A600,recon_fixed,f_rec 0.75,900,LI_L2,NEUTRAL,ISO_z8,INVALID,ABOVE_17PCT,0.995994,0.75,13.5581,2.23906e-19,1.00935e+19,2.23906e-19,,0,13,1.8e-15
R500,recon_fixed,f_rec 0.75,900,LI_L2,NEUTRAL,BRI,SENSITIVITY,ABOVE_17PCT,0.999596,0.75,13.5581,3.38815,1.1127,3.38815,1.1127,0,11,1.1e-14
R500,recon_fixed,f_rec 0.75,900,LI_L2,NEUTRAL,ISO_z2,INVALID,ABOVE_17PCT,0.999596,0.75,13.5581,5.53504e-07,6.81115e+06,5.53504e-07,,0,11,1.1e-14
R500,recon_fixed,f_rec 0.75,900,LI_L2,NEUTRAL,ISO_z4,INVALID,ABOVE_17PCT,0.999596,0.75,13.5581,9.04231e-14,4.16929e+13,9.04231e-14,,0,11,1.1e-14
R500,recon_fixed,f_rec 0.75,900,LI_L2,NEUTRAL,ISO_z8,INVALID,ABOVE_17PCT,0.999596,0.75,13.5581,2.41322e-27,1.56223e+27,2.41322e-27,,0,11,1.1e-14
R600,recon_fixed,f_rec 0.75,900,LI_L2,NEUTRAL,BRI,SENSITIVITY,ABOVE_17PCT,0.99998,0.75,13.5581,3.38945,1.15653,3.38945,1.15653,0,11,0.0e+00
R600,recon_fixed,f_rec 0.75,900,LI_L2,NEUTRAL,ISO_z2,INVALID,ABOVE_17PCT,0.99998,0.75,13.5581,1.37237e-09,2.85638e+09,1.37237e-09,,0,11,0.0e+00
R600,recon_fixed,f_rec 0.75,900,LI_L2,NEUTRAL,ISO_z4,INVALID,ABOVE_17PCT,0.99998,0.75,13.5581,5.55663e-19,7.05463e+18,5.55663e-19,,0,11,0.0e+00
R600,recon_fixed,f_rec 0.75,900,LI_L2,NEUTRAL,ISO_z8,INVALID,ABOVE_17PCT,0.99998,0.75,13.5581,9.1095e-38,4.3032e+37,9.1095e-38,,0,11,0.0e+00
R800,recon_fixed,f_rec 0.75,900,LI_L2,NEUTRAL,BRI,SENSITIVITY,ABOVE_17PCT,0.999995,0.75,13.5581,3.3895,0.593008,3.3895,0.593008,0,10,-2.8e-14
R800,recon_fixed,f_rec 0.75,900,LI_L2,NEUTRAL,ISO_z2,INVALID,ABOVE_17PCT,0.999995,0.75,13.5581,9.16437e-11,2.19328e+10,9.16437e-11,,0,10,-2.8e-14
R800,recon_fixed,f_rec 0.75,900,LI_L2,NEUTRAL,ISO_z4,INVALID,ABOVE_17PCT,0.999995,0.75,13.5581,2.47782e-21,8.11197e+20,2.47782e-21,,0,10,-2.8e-14
R800,recon_fixed,f_rec 0.75,900,LI_L2,NEUTRAL,ISO_z8,INVALID,ABOVE_17PCT,0.999995,0.75,13.5581,1.81136e-42,1.10967e+42,1.81136e-42,,0,10,-2.8e-14
R1000,recon_fixed,f_rec 0.75,900,LI_L2,NEUTRAL,BRI,BOUNDARY,ABOVE_17PCT YUAN_STRONG_REDUCTION,0.999999,0.75,13.5581,3.38951,0.0133943,3.38951,0.0133943,0,8,2.3e-13
R1000,recon_fixed,f_rec 0.75,900,LI_L2,NEUTRAL,ISO_z2,INVALID,ABOVE_17PCT YUAN_STRONG_REDUCTION,0.999999,0.75,13.5581,2.9115e-12,1.55933e+10,2.9115e-12,,0,8,2.3e-13
R1000,recon_fixed,f_rec 0.75,900,LI_L2,NEUTRAL,ISO_z4,INVALID,ABOVE_17PCT YUAN_STRONG_REDUCTION,0.999999,0.75,13.5581,2.50091e-24,1.81534e+22,2.50091e-24,,0,8,2.3e-13
R1000,recon_fixed,f_rec 0.75,900,LI_L2,NEUTRAL,ISO_z8,INVALID,ABOVE_17PCT YUAN_STRONG_REDUCTION,0.999999,0.75,13.5581,1.84526e-48,2.46036e+46,1.84526e-48,,0,8,2.3e-13
A600,recon_fixed,f_rec 0.75,900,LI_L2,LOCAL,BRI,SENSITIVITY,ABOVE_17PCT,0.427579,0.75,13.5581,1.44929,1.55939,1.44929,1.55939,0,11,3.6e-15
A600,recon_fixed,f_rec 0.75,900,LI_L2,LOCAL,ISO_z2,SENSITIVITY,ABOVE_17PCT,0.427579,0.75,13.5581,0.474881,4.75909,0.474881,4.75909,0,11,3.6e-15
A600,recon_fixed,f_rec 0.75,900,LI_L2,LOCAL,ISO_z4,SENSITIVITY,ABOVE_17PCT,0.427579,0.75,13.5581,0.155602,14.5242,0.155602,14.5242,0,11,3.6e-15
A600,recon_fixed,f_rec 0.75,900,LI_L2,LOCAL,ISO_z8,INVALID,ABOVE_17PCT,0.427579,0.75,13.5581,0.0167062,135.279,0.0167062,,0,11,3.6e-15
R500,recon_fixed,f_rec 0.75,900,LI_L2,LOCAL,BRI,SENSITIVITY,ABOVE_17PCT,0.901722,0.75,13.5581,3.0564,1.23348,3.0564,1.23348,0,10,-1.4e-14
R500,recon_fixed,f_rec 0.75,900,LI_L2,LOCAL,ISO_z2,INVALID,ABOVE_17PCT,0.901722,0.75,13.5581,0.0295205,127.708,0.0295205,,0,10,-1.4e-14
R500,recon_fixed,f_rec 0.75,900,LI_L2,LOCAL,ISO_z4,INVALID,ABOVE_17PCT,0.901722,0.75,13.5581,0.000285125,13222.3,0.000285125,,0,10,-1.4e-14
R500,recon_fixed,f_rec 0.75,900,LI_L2,LOCAL,ISO_z8,INVALID,ABOVE_17PCT,0.901722,0.75,13.5581,2.65988e-08,1.41736e+08,2.65988e-08,,0,10,-1.4e-14
R600,recon_fixed,f_rec 0.75,900,LI_L2,LOCAL,BRI,SENSITIVITY,ABOVE_17PCT,0.994892,0.75,13.5581,3.3722,1.16244,3.3722,1.16244,0,9,-2.8e-14
R600,recon_fixed,f_rec 0.75,900,LI_L2,LOCAL,ISO_z2,INVALID,ABOVE_17PCT,0.994892,0.75,13.5581,8.79775e-05,44556.8,8.79775e-05,,0,9,-2.8e-14
R600,recon_fixed,f_rec 0.75,900,LI_L2,LOCAL,ISO_z4,INVALID,ABOVE_17PCT,0.994892,0.75,13.5581,2.29525e-09,1.70788e+09,2.29525e-09,,0,9,-2.8e-14
R600,recon_fixed,f_rec 0.75,900,LI_L2,LOCAL,ISO_z8,INVALID,ABOVE_17PCT,0.994892,0.75,13.5581,1.56223e-18,2.50923e+18,1.56223e-18,,0,9,-2.8e-14
R800,recon_fixed,f_rec 0.75,900,LI_L2,LOCAL,BRI,SENSITIVITY,ABOVE_17PCT,0.999512,0.75,13.5581,3.38786,0.593295,3.38786,0.593295,0,8,5.7e-14
R800,recon_fixed,f_rec 0.75,900,LI_L2,LOCAL,ISO_z2,INVALID,ABOVE_17PCT,0.999512,0.75,13.5581,8.06641e-07,2.49182e+06,8.06641e-07,,0,8,5.7e-14
R800,recon_fixed,f_rec 0.75,900,LI_L2,LOCAL,ISO_z4,INVALID,ABOVE_17PCT,0.999512,0.75,13.5581,1.92059e-13,1.04655e+13,1.92059e-13,,0,8,5.7e-14
R800,recon_fixed,f_rec 0.75,900,LI_L2,LOCAL,ISO_z8,INVALID,ABOVE_17PCT,0.999512,0.75,13.5581,1.08879e-26,1.84609e+26,1.08879e-26,,0,8,5.7e-14
R1000,recon_fixed,f_rec 0.75,900,LI_L2,LOCAL,BRI,BOUNDARY,ABOVE_17PCT YUAN_STRONG_REDUCTION,0.999994,0.75,13.5581,3.3895,0.0133943,3.3895,0.0133943,0,6,-8.1e-11
R1000,recon_fixed,f_rec 0.75,900,LI_L2,LOCAL,ISO_z2,INVALID,ABOVE_17PCT YUAN_STRONG_REDUCTION,0.999994,0.75,13.5581,1.14697e-10,3.95825e+08,1.14697e-10,,0,6,-8.1e-11
R1000,recon_fixed,f_rec 0.75,900,LI_L2,LOCAL,ISO_z4,INVALID,ABOVE_17PCT YUAN_STRONG_REDUCTION,0.999994,0.75,13.5581,3.88123e-21,1.16973e+19,3.88123e-21,,0,6,-8.1e-11
R1000,recon_fixed,f_rec 0.75,900,LI_L2,LOCAL,ISO_z8,INVALID,ABOVE_17PCT YUAN_STRONG_REDUCTION,0.999994,0.75,13.5581,4.44431e-42,1.02153e+40,4.44431e-42,,0,6,-8.1e-11
A600,recon_fixed,f_rec 0.75,900,LI_CONT xi 0.5,NEUTRAL,BRI,SENSITIVITY,ABOVE_17PCT,0.795445,0.75,13.5581,2.69617,0.838225,2.69617,0.838225,0,12,8.6e-13
A600,recon_fixed,f_rec 0.75,900,LI_CONT xi 0.5,NEUTRAL,ISO_z2,INVALID,ABOVE_17PCT,0.795445,0.75,13.5581,0.112815,20.0328,0.112815,,0,12,8.6e-13
A600,recon_fixed,f_rec 0.75,900,LI_CONT xi 0.5,NEUTRAL,ISO_z4,INVALID,ABOVE_17PCT,0.795445,0.75,13.5581,0.00472048,478.765,0.00472048,,0,12,8.6e-13
A600,recon_fixed,f_rec 0.75,900,LI_CONT xi 0.5,NEUTRAL,ISO_z8,INVALID,ABOVE_17PCT,0.795445,0.75,13.5581,8.26466e-06,273454,8.26466e-06,,0,12,8.6e-13
R500,recon_fixed,f_rec 0.75,900,LI_CONT xi 0.5,NEUTRAL,BRI,SENSITIVITY,ABOVE_17PCT,0.995256,0.75,13.5581,3.37344,1.11755,3.37344,1.11755,0,12,3.6e-15
R500,recon_fixed,f_rec 0.75,900,LI_CONT xi 0.5,NEUTRAL,ISO_z2,INVALID,ABOVE_17PCT,0.995256,0.75,13.5581,7.59182e-05,49658.7,7.59182e-05,,0,12,3.6e-15
R500,recon_fixed,f_rec 0.75,900,LI_CONT xi 0.5,NEUTRAL,ISO_z4,INVALID,ABOVE_17PCT,0.995256,0.75,13.5581,1.70852e-09,2.20659e+09,1.70852e-09,,0,12,3.6e-15
R500,recon_fixed,f_rec 0.75,900,LI_CONT xi 0.5,NEUTRAL,ISO_z8,INVALID,ABOVE_17PCT,0.995256,0.75,13.5581,8.653e-19,4.35687e+18,8.653e-19,,0,12,3.6e-15
R600,recon_fixed,f_rec 0.75,900,LI_CONT xi 0.5,NEUTRAL,BRI,SENSITIVITY,ABOVE_17PCT,0.999954,0.75,13.5581,3.38936,1.15656,3.38936,1.15656,0,11,4.3e-14
R600,recon_fixed,f_rec 0.75,900,LI_CONT xi 0.5,NEUTRAL,ISO_z2,INVALID,ABOVE_17PCT,0.999954,0.75,13.5581,7.10528e-09,5.51703e+08,7.10528e-09,,0,11,4.3e-14
R600,recon_fixed,f_rec 0.75,900,LI_CONT xi 0.5,NEUTRAL,ISO_z4,INVALID,ABOVE_17PCT,0.999954,0.75,13.5581,1.48951e-17,2.63173e+17,1.48951e-17,,0,11,4.3e-14
R600,recon_fixed,f_rec 0.75,900,LI_CONT xi 0.5,NEUTRAL,ISO_z8,INVALID,ABOVE_17PCT,0.999954,0.75,13.5581,6.54593e-35,5.98846e+34,6.54593e-35,,0,11,4.3e-14
R800,recon_fixed,f_rec 0.75,900,LI_CONT xi 0.5,NEUTRAL,BRI,SENSITIVITY,ABOVE_17PCT,0.999992,0.75,13.5581,3.38949,0.59301,3.38949,0.59301,0,10,2.8e-14
R800,recon_fixed,f_rec 0.75,900,LI_CONT xi 0.5,NEUTRAL,ISO_z2,INVALID,ABOVE_17PCT,0.999992,0.75,13.5581,1.98921e-10,1.01045e+10,1.98921e-10,,0,10,2.8e-14
R800,recon_fixed,f_rec 0.75,900,LI_CONT xi 0.5,NEUTRAL,ISO_z4,INVALID,ABOVE_17PCT,0.999992,0.75,13.5581,1.16742e-20,1.72174e+20,1.16742e-20,,0,10,2.8e-14
R800,recon_fixed,f_rec 0.75,900,LI_CONT xi 0.5,NEUTRAL,ISO_z8,INVALID,ABOVE_17PCT,0.999992,0.75,13.5581,4.02087e-41,4.99892e+40,4.02087e-41,,0,10,2.8e-14
R1000,recon_fixed,f_rec 0.75,900,LI_CONT xi 0.5,NEUTRAL,BRI,BOUNDARY,ABOVE_17PCT YUAN_STRONG_REDUCTION,0.999999,0.75,13.5581,3.38951,0.0133943,3.38951,0.0133943,0,8,-1.1e-13
R1000,recon_fixed,f_rec 0.75,900,LI_CONT xi 0.5,NEUTRAL,ISO_z2,INVALID,ABOVE_17PCT YUAN_STRONG_REDUCTION,0.999999,0.75,13.5581,3.70676e-12,1.22479e+10,3.70676e-12,,0,8,-1.1e-13
R1000,recon_fixed,f_rec 0.75,900,LI_CONT xi 0.5,NEUTRAL,ISO_z4,INVALID,ABOVE_17PCT YUAN_STRONG_REDUCTION,0.999999,0.75,13.5581,4.0537e-24,1.11996e+22,4.0537e-24,,0,8,-1.1e-13
R1000,recon_fixed,f_rec 0.75,900,LI_CONT xi 0.5,NEUTRAL,ISO_z8,INVALID,ABOVE_17PCT YUAN_STRONG_REDUCTION,0.999999,0.75,13.5581,4.84805e-48,9.36459e+45,4.84805e-48,,0,8,-1.1e-13
A600,recon_fixed,f_rec 0.75,900,LI_CONT xi 0.5,LOCAL,BRI,SENSITIVITY,,0.071258,0.75,13.5581,0.24153,9.35701,0.24153,9.35701,0,11,1.8e-15
A600,recon_fixed,f_rec 0.75,900,LI_CONT xi 0.5,LOCAL,ISO_z2,SENSITIVITY,,0.071258,0.75,13.5581,0.208335,10.8479,0.208335,10.8479,0,11,1.8e-15
A600,recon_fixed,f_rec 0.75,900,LI_CONT xi 0.5,LOCAL,ISO_z4,SENSITIVITY,,0.071258,0.75,13.5581,0.179702,12.5764,0.179702,12.5764,0,11,1.8e-15
A600,recon_fixed,f_rec 0.75,900,LI_CONT xi 0.5,LOCAL,ISO_z8,INVALID,,0.071258,0.75,13.5581,0.1337,16.9035,0.1337,,0,11,1.8e-15
R500,recon_fixed,f_rec 0.75,900,LI_CONT xi 0.5,LOCAL,BRI,SENSITIVITY,,0.165347,0.75,13.5581,0.560447,6.72677,0.560447,6.72677,0,10,1.4e-14
R500,recon_fixed,f_rec 0.75,900,LI_CONT xi 0.5,LOCAL,ISO_z2,SENSITIVITY,,0.165347,0.75,13.5581,0.390433,9.65595,0.390433,9.65595,0,10,1.4e-14
R500,recon_fixed,f_rec 0.75,900,LI_CONT xi 0.5,LOCAL,ISO_z4,SENSITIVITY,,0.165347,0.75,13.5581,0.271993,13.8606,0.271993,13.8606,0,10,1.4e-14
R500,recon_fixed,f_rec 0.75,900,LI_CONT xi 0.5,LOCAL,ISO_z8,INVALID,,0.165347,0.75,13.5581,0.132002,28.5601,0.132002,,0,10,1.4e-14
R600,recon_fixed,f_rec 0.75,900,LI_CONT xi 0.5,LOCAL,BRI,SENSITIVITY,ABOVE_17PCT,0.222924,0.75,13.5581,0.755605,5.18789,0.755605,5.18789,0,9,-2.8e-14
R600,recon_fixed,f_rec 0.75,900,LI_CONT xi 0.5,LOCAL,ISO_z2,SENSITIVITY,ABOVE_17PCT,0.222924,0.75,13.5581,0.45627,8.59141,0.45627,8.59141,0,9,-2.8e-14
R600,recon_fixed,f_rec 0.75,900,LI_CONT xi 0.5,LOCAL,ISO_z4,SENSITIVITY,ABOVE_17PCT,0.222924,0.75,13.5581,0.275517,14.2278,0.275517,14.2278,0,9,-2.8e-14
R600,recon_fixed,f_rec 0.75,900,LI_CONT xi 0.5,LOCAL,ISO_z8,INVALID,ABOVE_17PCT,0.222924,0.75,13.5581,0.100462,39.0198,0.100462,,0,9,-2.8e-14
R800,recon_fixed,f_rec 0.75,900,LI_CONT xi 0.5,LOCAL,BRI,SENSITIVITY,ABOVE_17PCT,0.24066,0.75,13.5581,0.81572,2.46408,0.81572,2.46408,0,8,-5.7e-14
R800,recon_fixed,f_rec 0.75,900,LI_CONT xi 0.5,LOCAL,ISO_z2,SENSITIVITY,ABOVE_17PCT,0.24066,0.75,13.5581,0.470342,4.27348,0.470342,4.27348,0,8,-5.7e-14
R800,recon_fixed,f_rec 0.75,900,LI_CONT xi 0.5,LOCAL,ISO_z4,SENSITIVITY,ABOVE_17PCT,0.24066,0.75,13.5581,0.271198,7.41155,0.271198,7.41155,0,8,-5.7e-14
R800,recon_fixed,f_rec 0.75,900,LI_CONT xi 0.5,LOCAL,ISO_z8,INVALID,ABOVE_17PCT,0.24066,0.75,13.5581,0.0901639,22.2927,0.0901639,,0,8,-5.7e-14
R1000,recon_fixed,f_rec 0.75,900,LI_CONT xi 0.5,LOCAL,BRI,BOUNDARY,ABOVE_17PCT YUAN_STRONG_REDUCTION,0.249014,0.75,13.5581,0.844036,0.0537892,0.844036,0.0537892,0,6,-8.6e-11
R1000,recon_fixed,f_rec 0.75,900,LI_CONT xi 0.5,LOCAL,ISO_z2,BOUNDARY,ABOVE_17PCT YUAN_STRONG_REDUCTION,0.249014,0.75,13.5581,0.47602,0.0953742,0.47602,0.0953742,0,6,-8.6e-11
R1000,recon_fixed,f_rec 0.75,900,LI_CONT xi 0.5,LOCAL,ISO_z4,BOUNDARY,ABOVE_17PCT YUAN_STRONG_REDUCTION,0.249014,0.75,13.5581,0.268466,0.169109,0.268466,0.169109,0,6,-8.6e-11
R1000,recon_fixed,f_rec 0.75,900,LI_CONT xi 0.5,LOCAL,ISO_z8,INVALID,ABOVE_17PCT YUAN_STRONG_REDUCTION,0.249014,0.75,13.5581,0.0853919,0.531666,0.0853919,,0,6,-8.6e-11
A600,recon_state,dG -0.4 eV,900,PAB,NEUTRAL,BRI,SENSITIVITY,ABOVE_17PCT,0.772979,0.9728,13.5581,0.28534,7.92037,0.28534,7.92037,0,13,0.0e+00
A600,recon_state,dG -0.4 eV,900,PAB,NEUTRAL,ISO_z2,INVALID,ABOVE_17PCT,0.772979,0.9728,13.5581,0.014706,153.679,0.014706,,0,13,0.0e+00
A600,recon_state,dG -0.4 eV,900,PAB,NEUTRAL,ISO_z4,INVALID,ABOVE_17PCT,0.772979,0.9728,13.5581,0.000757926,2981.82,0.000757926,,0,13,0.0e+00
A600,recon_state,dG -0.4 eV,900,PAB,NEUTRAL,ISO_z8,INVALID,ABOVE_17PCT,0.772979,0.9728,13.5581,2.01322e-06,1.12258e+06,2.01322e-06,,0,13,0.0e+00
R500,recon_state,dG -0.4 eV,900,PAB,NEUTRAL,BRI,SENSITIVITY,ABOVE_17PCT,0.97004,0.8554,13.5581,1.90136,1.9828,1.90136,1.9828,0,12,7.1e-15
R500,recon_state,dG -0.4 eV,900,PAB,NEUTRAL,ISO_z2,INVALID,ABOVE_17PCT,0.97004,0.8554,13.5581,0.00170664,2209.02,0.00170664,,0,12,7.1e-15
R500,recon_state,dG -0.4 eV,900,PAB,NEUTRAL,ISO_z4,INVALID,ABOVE_17PCT,0.97004,0.8554,13.5581,1.53186e-06,2.46106e+06,1.53186e-06,,0,12,7.1e-15
R500,recon_state,dG -0.4 eV,900,PAB,NEUTRAL,ISO_z8,INVALID,ABOVE_17PCT,0.97004,0.8554,13.5581,1.23417e-12,3.05468e+12,1.23417e-12,,0,12,7.1e-15
R600,recon_state,dG -0.4 eV,900,PAB,NEUTRAL,BRI,SENSITIVITY,ABOVE_17PCT,0.992411,0.6053,13.5581,5.31121,0.738062,5.31121,0.738062,0,10,5.0e-12
R600,recon_state,dG -0.4 eV,900,PAB,NEUTRAL,ISO_z2,INVALID,ABOVE_17PCT,0.992411,0.6053,13.5581,0.000305869,12816,0.000305869,,0,10,5.0e-12
R600,recon_state,dG -0.4 eV,900,PAB,NEUTRAL,ISO_z4,INVALID,ABOVE_17PCT,0.992411,0.6053,13.5581,1.76148e-08,2.2254e+08,1.76148e-08,,0,10,5.0e-12
R600,recon_state,dG -0.4 eV,900,PAB,NEUTRAL,ISO_z8,INVALID,ABOVE_17PCT,0.992411,0.6053,13.5581,5.842e-17,6.71003e+16,5.842e-17,,0,10,5.0e-12
R800,recon_state,dG -0.4 eV,900,PAB,NEUTRAL,BRI,SENSITIVITY,ABOVE_17PCT,0.996796,0.3941,13.5581,8.18918,0.245446,8.18918,0.245446,0,10,5.7e-14
R800,recon_state,dG -0.4 eV,900,PAB,NEUTRAL,ISO_z2,INVALID,ABOVE_17PCT,0.996796,0.3941,13.5581,8.40811e-05,23905.5,8.40811e-05,,0,10,5.7e-14
R800,recon_state,dG -0.4 eV,900,PAB,NEUTRAL,ISO_z4,INVALID,ABOVE_17PCT,0.996796,0.3941,13.5581,8.63289e-10,2.3283e+09,8.63289e-10,,0,10,5.7e-14
R800,recon_state,dG -0.4 eV,900,PAB,NEUTRAL,ISO_z8,INVALID,ABOVE_17PCT,0.996796,0.3941,13.5581,9.10064e-20,2.20864e+19,9.10064e-20,,0,10,5.7e-14
R1000,recon_state,dG -0.4 eV,900,PAB,NEUTRAL,BRI,BOUNDARY,ABOVE_17PCT YUAN_STRONG_REDUCTION,0.999308,0.1234,13.5581,11.8767,0.00382262,11.8767,0.00382262,0,8,0.0e+00
R1000,recon_state,dG -0.4 eV,900,PAB,NEUTRAL,ISO_z2,INVALID,ABOVE_17PCT YUAN_STRONG_REDUCTION,0.999308,0.1234,13.5581,5.68633e-06,7984.06,5.68633e-06,,0,8,0.0e+00
R1000,recon_state,dG -0.4 eV,900,PAB,NEUTRAL,ISO_z4,INVALID,ABOVE_17PCT YUAN_STRONG_REDUCTION,0.999308,0.1234,13.5581,2.72251e-12,1.66758e+10,2.72251e-12,,0,8,0.0e+00
R1000,recon_state,dG -0.4 eV,900,PAB,NEUTRAL,ISO_z8,INVALID,ABOVE_17PCT YUAN_STRONG_REDUCTION,0.999308,0.1234,13.5581,6.24086e-25,7.27463e+22,6.24086e-25,,0,8,0.0e+00
A600,recon_state,dG -0.4 eV,900,PAB,LOCAL,BRI,SENSITIVITY,,0.040403,0.01818,13.5581,0.537828,4.20208,0.537828,4.20208,0,11,0.0e+00
A600,recon_state,dG -0.4 eV,900,PAB,LOCAL,ISO_z2,SENSITIVITY,,0.040403,0.01818,13.5581,0.495247,4.56338,0.495247,4.56338,0,11,0.0e+00
A600,recon_state,dG -0.4 eV,900,PAB,LOCAL,ISO_z4,SENSITIVITY,,0.040403,0.01818,13.5581,0.456036,4.95575,0.456036,4.95575,0,11,0.0e+00
A600,recon_state,dG -0.4 eV,900,PAB,LOCAL,ISO_z8,SENSITIVITY,,0.040403,0.01818,13.5581,0.386683,5.84459,0.386683,5.84459,0,11,0.0e+00
R500,recon_state,dG -0.4 eV,900,PAB,LOCAL,BRI,SENSITIVITY,,0.114352,0.2309,13.5581,1.19238,3.16173,1.19238,3.16173,0,10,1.4e-14
R500,recon_state,dG -0.4 eV,900,PAB,LOCAL,ISO_z2,SENSITIVITY,,0.114352,0.2309,13.5581,0.935272,4.03091,0.935272,4.03091,0,10,1.4e-14
R500,recon_state,dG -0.4 eV,900,PAB,LOCAL,ISO_z4,SENSITIVITY,,0.114352,0.2309,13.5581,0.733601,5.13903,0.733601,5.13903,0,10,1.4e-14
R500,recon_state,dG -0.4 eV,900,PAB,LOCAL,ISO_z8,SENSITIVITY,,0.114352,0.2309,13.5581,0.45134,8.3529,0.45134,8.3529,0,10,1.4e-14
R600,recon_state,dG -0.4 eV,900,PAB,LOCAL,BRI,SENSITIVITY,ABOVE_17PCT,0.372475,0.7203,13.5581,1.41247,2.77528,1.41247,2.77528,0,9,9.9e-14
R600,recon_state,dG -0.4 eV,900,PAB,LOCAL,ISO_z2,SENSITIVITY,ABOVE_17PCT,0.372475,0.7203,13.5581,0.556212,7.04767,0.556212,7.04767,0,9,9.9e-14
R600,recon_state,dG -0.4 eV,900,PAB,LOCAL,ISO_z4,SENSITIVITY,ABOVE_17PCT,0.372475,0.7203,13.5581,0.21903,17.8971,0.21903,17.8971,0,9,9.9e-14
R600,recon_state,dG -0.4 eV,900,PAB,LOCAL,ISO_z8,INVALID,ABOVE_17PCT,0.372475,0.7203,13.5581,0.0339646,115.414,0.0339646,,0,9,9.9e-14
R800,recon_state,dG -0.4 eV,900,PAB,LOCAL,BRI,SENSITIVITY,ABOVE_17PCT,0.646628,0.889,13.5581,0.972919,2.06595,0.972919,2.06595,0,8,0.0e+00
R800,recon_state,dG -0.4 eV,900,PAB,LOCAL,ISO_z2,INVALID,ABOVE_17PCT,0.646628,0.889,13.5581,0.12149,16.5445,0.12149,,0,8,0.0e+00
R800,recon_state,dG -0.4 eV,900,PAB,LOCAL,ISO_z4,INVALID,ABOVE_17PCT,0.646628,0.889,13.5581,0.0151707,132.492,0.0151707,,0,8,0.0e+00
R800,recon_state,dG -0.4 eV,900,PAB,LOCAL,ISO_z8,INVALID,ABOVE_17PCT,0.646628,0.889,13.5581,0.000236558,8496.87,0.000236558,,0,8,0.0e+00
R1000,recon_state,dG -0.4 eV,900,PAB,LOCAL,BRI,BOUNDARY,ABOVE_17PCT YUAN_STRONG_REDUCTION,0.909778,0.9796,13.5581,0.251669,0.180396,0.251669,0.180396,0,6,-5.9e-11
R1000,recon_state,dG -0.4 eV,900,PAB,LOCAL,ISO_z2,INVALID,ABOVE_17PCT YUAN_STRONG_REDUCTION,0.909778,0.9796,13.5581,0.00204857,22.1618,0.00204857,,0,6,-5.9e-11
R1000,recon_state,dG -0.4 eV,900,PAB,LOCAL,ISO_z4,INVALID,ABOVE_17PCT YUAN_STRONG_REDUCTION,0.909778,0.9796,13.5581,1.66753e-05,2722.6,1.66753e-05,,0,6,-5.9e-11
R1000,recon_state,dG -0.4 eV,900,PAB,LOCAL,ISO_z8,INVALID,ABOVE_17PCT YUAN_STRONG_REDUCTION,0.909778,0.9796,13.5581,1.10488e-09,4.10904e+07,1.10488e-09,,0,6,-5.9e-11
A600,recon_state,dG -0.4 eV,900,HAM,NEUTRAL,BRI,SENSITIVITY,ABOVE_17PCT,0.988585,0.6967,13.5581,4.06456,0.556025,4.06456,0.556025,0,12,-5.3e-15
A600,recon_state,dG -0.4 eV,900,HAM,NEUTRAL,ISO_z2,INVALID,ABOVE_17PCT,0.988585,0.6967,13.5581,0.000529632,4267.12,0.000529632,,0,12,-5.3e-15
A600,recon_state,dG -0.4 eV,900,HAM,NEUTRAL,ISO_z4,INVALID,ABOVE_17PCT,0.988585,0.6967,13.5581,6.90135e-08,3.27472e+07,6.90135e-08,,0,12,-5.3e-15
A600,recon_state,dG -0.4 eV,900,HAM,NEUTRAL,ISO_z8,INVALID,ABOVE_17PCT,0.988585,0.6967,13.5581,1.1718e-15,1.92865e+15,1.1718e-15,,0,12,-5.3e-15
R500,recon_state,dG -0.4 eV,900,HAM,NEUTRAL,BRI,SENSITIVITY,ABOVE_17PCT,0.999747,0.04899,13.5581,12.8906,0.29246,12.8906,0.29246,0,12,7.1e-15
R500,recon_state,dG -0.4 eV,900,HAM,NEUTRAL,ISO_z2,INVALID,ABOVE_17PCT,0.999747,0.04899,13.5581,8.2547e-07,4.56709e+06,8.2547e-07,,0,12,7.1e-15
R500,recon_state,dG -0.4 eV,900,HAM,NEUTRAL,ISO_z4,INVALID,ABOVE_17PCT,0.999747,0.04899,13.5581,5.28601e-14,7.13203e+13,5.28601e-14,,0,12,7.1e-15
R500,recon_state,dG -0.4 eV,900,HAM,NEUTRAL,ISO_z8,INVALID,ABOVE_17PCT,0.999747,0.04899,13.5581,2.16761e-28,1.73924e+28,2.16761e-28,,0,12,7.1e-15
R600,recon_state,dG -0.4 eV,900,HAM,NEUTRAL,BRI,SENSITIVITY,ABOVE_17PCT,0.99996,0.008098,13.5581,13.4477,0.291499,13.4477,0.291499,0,10,4.1e-11
R600,recon_state,dG -0.4 eV,900,HAM,NEUTRAL,ISO_z2,INVALID,ABOVE_17PCT,0.99996,0.008098,13.5581,2.16249e-08,1.81273e+08,2.16249e-08,,0,10,4.1e-11
R600,recon_state,dG -0.4 eV,900,HAM,NEUTRAL,ISO_z4,INVALID,ABOVE_17PCT,0.99996,0.008098,13.5581,3.47743e-17,1.12727e+17,3.47743e-17,,0,10,4.1e-11
R600,recon_state,dG -0.4 eV,900,HAM,NEUTRAL,ISO_z8,INVALID,ABOVE_17PCT,0.99996,0.008098,13.5581,8.99224e-35,4.35932e+34,8.99224e-35,,0,10,4.1e-11
R800,recon_state,dG -0.4 eV,900,HAM,NEUTRAL,BRI,SENSITIVITY,ABOVE_17PCT,0.999984,0.003263,13.5581,13.5136,0.148739,13.5136,0.148739,0,10,5.7e-14
R800,recon_state,dG -0.4 eV,900,HAM,NEUTRAL,ISO_z2,INVALID,ABOVE_17PCT,0.999984,0.003263,13.5581,3.49298e-09,5.7544e+08,3.49298e-09,,0,10,5.7e-14
R800,recon_state,dG -0.4 eV,900,HAM,NEUTRAL,ISO_z4,INVALID,ABOVE_17PCT,0.999984,0.003263,13.5581,9.02861e-19,2.22626e+18,9.02861e-19,,0,10,5.7e-14
R800,recon_state,dG -0.4 eV,900,HAM,NEUTRAL,ISO_z8,INVALID,ABOVE_17PCT,0.999984,0.003263,13.5581,6.03212e-38,3.33216e+37,6.03212e-38,,0,10,5.7e-14
R1000,recon_state,dG -0.4 eV,900,HAM,NEUTRAL,BRI,BOUNDARY,ABOVE_17PCT YUAN_STRONG_REDUCTION,0.999997,0.0006955,13.5581,13.5486,0.0033509,13.5486,0.0033509,0,8,1.1e-13
R1000,recon_state,dG -0.4 eV,900,HAM,NEUTRAL,ISO_z2,INVALID,ABOVE_17PCT YUAN_STRONG_REDUCTION,0.999997,0.0006955,13.5581,1.583e-10,2.86797e+08,1.583e-10,,0,8,1.1e-13
R1000,recon_state,dG -0.4 eV,900,HAM,NEUTRAL,ISO_z4,INVALID,ABOVE_17PCT YUAN_STRONG_REDUCTION,0.999997,0.0006955,13.5581,1.84957e-21,2.45463e+19,1.84957e-21,,0,8,1.1e-13
R1000,recon_state,dG -0.4 eV,900,HAM,NEUTRAL,ISO_z8,INVALID,ABOVE_17PCT YUAN_STRONG_REDUCTION,0.999997,0.0006955,13.5581,2.52491e-43,1.79808e+41,2.52491e-43,,0,8,1.1e-13
A600,recon_state,dG -0.4 eV,900,HAM,LOCAL,BRI,SENSITIVITY,ABOVE_17PCT,0.2277,0.4405,13.5581,1.7274,1.30832,1.7274,1.30832,0,13,2.8e-12
A600,recon_state,dG -0.4 eV,900,HAM,LOCAL,ISO_z2,SENSITIVITY,ABOVE_17PCT,0.2277,0.4405,13.5581,1.0303,2.19353,1.0303,2.19353,0,13,2.8e-12
A600,recon_state,dG -0.4 eV,900,HAM,LOCAL,ISO_z4,SENSITIVITY,ABOVE_17PCT,0.2277,0.4405,13.5581,0.61452,3.67767,0.61452,3.67767,0,13,2.8e-12
A600,recon_state,dG -0.4 eV,900,HAM,LOCAL,ISO_z8,SENSITIVITY,ABOVE_17PCT,0.2277,0.4405,13.5581,0.218615,10.3378,0.218615,10.3378,0,13,2.8e-12
R500,recon_state,dG -0.4 eV,900,HAM,LOCAL,BRI,SENSITIVITY,ABOVE_17PCT,0.758897,0.7385,13.5581,2.6905,1.40123,2.6905,1.40123,0,10,-2.1e-14
R500,recon_state,dG -0.4 eV,900,HAM,LOCAL,ISO_z2,SENSITIVITY,ABOVE_17PCT,0.758897,0.7385,13.5581,0.1564,24.1048,0.1564,24.1048,0,10,-2.1e-14
R500,recon_state,dG -0.4 eV,900,HAM,LOCAL,ISO_z4,INVALID,ABOVE_17PCT,0.758897,0.7385,13.5581,0.00909162,414.668,0.00909162,,0,10,-2.1e-14
R500,recon_state,dG -0.4 eV,900,HAM,LOCAL,ISO_z8,INVALID,ABOVE_17PCT,0.758897,0.7385,13.5581,3.0722e-05,122713,3.0722e-05,,0,10,-2.1e-14
R600,recon_state,dG -0.4 eV,900,HAM,LOCAL,BRI,SENSITIVITY,ABOVE_17PCT,0.952469,0.7346,13.5581,3.42792,1.14355,3.42792,1.14355,0,9,-1.4e-14
R600,recon_state,dG -0.4 eV,900,HAM,LOCAL,ISO_z2,INVALID,ABOVE_17PCT,0.952469,0.7346,13.5581,0.00774438,506.174,0.00774438,,0,9,-1.4e-14
R600,recon_state,dG -0.4 eV,900,HAM,LOCAL,ISO_z4,INVALID,ABOVE_17PCT,0.952469,0.7346,13.5581,1.74961e-05,224049,1.74961e-05,,0,9,-1.4e-14
R600,recon_state,dG -0.4 eV,900,HAM,LOCAL,ISO_z8,INVALID,ABOVE_17PCT,0.952469,0.7346,13.5581,8.93005e-11,4.38967e+10,8.93005e-11,,0,9,-1.4e-14
R800,recon_state,dG -0.4 eV,900,HAM,LOCAL,BRI,SENSITIVITY,ABOVE_17PCT,0.984289,0.7573,13.5581,3.23842,0.620673,3.23842,0.620673,0,8,-5.7e-14
R800,recon_state,dG -0.4 eV,900,HAM,LOCAL,ISO_z2,INVALID,ABOVE_17PCT,0.984289,0.7573,13.5581,0.000799349,2514.54,0.000799349,,0,8,-5.7e-14
R800,recon_state,dG -0.4 eV,900,HAM,LOCAL,ISO_z4,INVALID,ABOVE_17PCT,0.984289,0.7573,13.5581,1.97306e-07,1.01872e+07,1.97306e-07,,0,8,-5.7e-14
R800,recon_state,dG -0.4 eV,900,HAM,LOCAL,ISO_z8,INVALID,ABOVE_17PCT,0.984289,0.7573,13.5581,1.20212e-14,1.67205e+14,1.20212e-14,,0,8,-5.7e-14
R1000,recon_state,dG -0.4 eV,900,HAM,LOCAL,BRI,BOUNDARY,ABOVE_17PCT YUAN_STRONG_REDUCTION,0.997419,0.8881,13.5581,1.5129,0.0300087,1.5129,0.0300087,0,6,-6.3e-11
R1000,recon_state,dG -0.4 eV,900,HAM,LOCAL,ISO_z2,INVALID,ABOVE_17PCT YUAN_STRONG_REDUCTION,0.997419,0.8881,13.5581,1.00815e-05,4503.29,1.00815e-05,,0,6,-6.3e-11
R1000,recon_state,dG -0.4 eV,900,HAM,LOCAL,ISO_z4,INVALID,ABOVE_17PCT YUAN_STRONG_REDUCTION,0.997419,0.8881,13.5581,6.71805e-11,6.75792e+08,6.71805e-11,,0,6,-6.3e-11
R1000,recon_state,dG -0.4 eV,900,HAM,LOCAL,ISO_z8,INVALID,ABOVE_17PCT YUAN_STRONG_REDUCTION,0.997419,0.8881,13.5581,2.98316e-21,1.52188e+19,2.98316e-21,,0,6,-6.3e-11
A600,recon_state,dG -0.4 eV,900,LI_SBR1,NEUTRAL,BRI,SENSITIVITY,ABOVE_17PCT,0.997563,0.3311,13.5581,9.04702,0.249806,9.04702,0.249806,0,13,-1.8e-15
A600,recon_state,dG -0.4 eV,900,LI_SBR1,NEUTRAL,ISO_z2,INVALID,ABOVE_17PCT,0.997563,0.3311,13.5581,5.37305e-05,42061.7,5.37305e-05,,0,13,-1.8e-15
A600,recon_state,dG -0.4 eV,900,LI_SBR1,NEUTRAL,ISO_z4,INVALID,ABOVE_17PCT,0.997563,0.3311,13.5581,3.19107e-10,7.08226e+09,3.19107e-10,,0,13,-1.8e-15
A600,recon_state,dG -0.4 eV,900,LI_SBR1,NEUTRAL,ISO_z8,INVALID,ABOVE_17PCT,0.997563,0.3311,13.5581,1.12556e-20,2.0079e+20,1.12556e-20,,0,13,-1.8e-15
R500,recon_state,dG -0.4 eV,900,LI_SBR1,NEUTRAL,BRI,SENSITIVITY,ABOVE_17PCT,0.999941,0.0119,13.5581,13.3959,0.28143,13.3959,0.28143,0,12,7.1e-15
R500,recon_state,dG -0.4 eV,900,LI_SBR1,NEUTRAL,ISO_z2,INVALID,ABOVE_17PCT,0.999941,0.0119,13.5581,4.69131e-08,8.03614e+07,4.69131e-08,,0,12,7.1e-15
R500,recon_state,dG -0.4 eV,900,LI_SBR1,NEUTRAL,ISO_z4,INVALID,ABOVE_17PCT,0.999941,0.0119,13.5581,1.64292e-16,2.29469e+16,1.64292e-16,,0,12,7.1e-15
R500,recon_state,dG -0.4 eV,900,LI_SBR1,NEUTRAL,ISO_z8,INVALID,ABOVE_17PCT,0.999941,0.0119,13.5581,2.01495e-33,1.87102e+33,2.01495e-33,,0,12,7.1e-15
R600,recon_state,dG -0.4 eV,900,LI_SBR1,NEUTRAL,BRI,SENSITIVITY,ABOVE_17PCT,0.99999,0.00207,13.5581,13.5299,0.289729,13.5299,0.289729,0,10,3.7e-11
R600,recon_state,dG -0.4 eV,900,LI_SBR1,NEUTRAL,ISO_z2,INVALID,ABOVE_17PCT,0.99999,0.00207,13.5581,1.40404e-09,2.79195e+09,1.40404e-09,,0,10,3.7e-11
R600,recon_state,dG -0.4 eV,900,LI_SBR1,NEUTRAL,ISO_z4,INVALID,ABOVE_17PCT,0.99999,0.00207,13.5581,1.45701e-19,2.69043e+19,1.45701e-19,,0,10,3.7e-11
R600,recon_state,dG -0.4 eV,900,LI_SBR1,NEUTRAL,ISO_z8,INVALID,ABOVE_17PCT,0.99999,0.00207,13.5581,1.56904e-39,2.49834e+39,1.56904e-39,,0,10,3.7e-11
R800,recon_state,dG -0.4 eV,900,LI_SBR1,NEUTRAL,BRI,SENSITIVITY,ABOVE_17PCT,0.999996,0.0008356,13.5581,13.5467,0.148376,13.5467,0.148376,0,10,5.7e-14
R800,recon_state,dG -0.4 eV,900,LI_SBR1,NEUTRAL,ISO_z2,INVALID,ABOVE_17PCT,0.999996,0.0008356,13.5581,2.28535e-10,8.79514e+09,2.28535e-10,,0,10,5.7e-14
R800,recon_state,dG -0.4 eV,900,LI_SBR1,NEUTRAL,ISO_z4,INVALID,ABOVE_17PCT,0.999996,0.0008356,13.5581,3.85544e-21,5.21341e+20,3.85544e-21,,0,10,5.7e-14
R800,recon_state,dG -0.4 eV,900,LI_SBR1,NEUTRAL,ISO_z8,INVALID,ABOVE_17PCT,0.999996,0.0008356,13.5581,1.09727e-42,1.83181e+42,1.09727e-42,,0,10,5.7e-14
R1000,recon_state,dG -0.4 eV,900,LI_SBR1,NEUTRAL,BRI,BOUNDARY,ABOVE_17PCT YUAN_STRONG_REDUCTION,0.999999,0.0001798,13.5581,13.5556,0.00334917,13.5556,0.00334917,0,8,-1.1e-13
R1000,recon_state,dG -0.4 eV,900,LI_SBR1,NEUTRAL,ISO_z2,INVALID,ABOVE_17PCT YUAN_STRONG_REDUCTION,0.999999,0.0001798,13.5581,1.05809e-11,4.29075e+09,1.05809e-11,,0,8,-1.1e-13
R1000,recon_state,dG -0.4 eV,900,LI_SBR1,NEUTRAL,ISO_z4,INVALID,ABOVE_17PCT YUAN_STRONG_REDUCTION,0.999999,0.0001798,13.5581,8.25899e-24,5.49704e+21,8.25899e-24,,0,8,-1.1e-13
R1000,recon_state,dG -0.4 eV,900,LI_SBR1,NEUTRAL,ISO_z8,INVALID,ABOVE_17PCT YUAN_STRONG_REDUCTION,0.999999,0.0001798,13.5581,5.03193e-48,9.02238e+45,5.03193e-48,,0,8,-1.1e-13
A600,recon_state,dG -0.4 eV,900,LI_SBR1,LOCAL,BRI,SENSITIVITY,ABOVE_17PCT,0.349186,0.5794,13.5581,1.9912,1.135,1.9912,1.135,0,11,0.0e+00
A600,recon_state,dG -0.4 eV,900,LI_SBR1,LOCAL,ISO_z2,SENSITIVITY,ABOVE_17PCT,0.349186,0.5794,13.5581,0.84339,2.67966,0.84339,2.67966,0,11,0.0e+00
A600,recon_state,dG -0.4 eV,900,LI_SBR1,LOCAL,ISO_z4,SENSITIVITY,ABOVE_17PCT,0.349186,0.5794,13.5581,0.357226,6.32653,0.357226,6.32653,0,11,0.0e+00
A600,recon_state,dG -0.4 eV,900,LI_SBR1,LOCAL,ISO_z8,INVALID,ABOVE_17PCT,0.349186,0.5794,13.5581,0.0640871,35.2645,0.0640871,,0,11,0.0e+00
R500,recon_state,dG -0.4 eV,900,LI_SBR1,LOCAL,BRI,SENSITIVITY,ABOVE_17PCT,0.881857,0.7139,13.5581,3.42086,1.10206,3.42086,1.10206,0,10,2.8e-14
R500,recon_state,dG -0.4 eV,900,LI_SBR1,LOCAL,ISO_z2,INVALID,ABOVE_17PCT,0.881857,0.7139,13.5581,0.0477479,78.9563,0.0477479,,0,10,2.8e-14
R500,recon_state,dG -0.4 eV,900,LI_SBR1,LOCAL,ISO_z4,INVALID,ABOVE_17PCT,0.881857,0.7139,13.5581,0.000666458,5656.77,0.000666458,,0,10,2.8e-14
R500,recon_state,dG -0.4 eV,900,LI_SBR1,LOCAL,ISO_z8,INVALID,ABOVE_17PCT,0.881857,0.7139,13.5581,1.2984e-07,2.90356e+07,1.2984e-07,,0,10,2.8e-14
R600,recon_state,dG -0.4 eV,900,LI_SBR1,LOCAL,BRI,SENSITIVITY,ABOVE_17PCT,0.98156,0.6161,13.5581,5.10928,0.767232,5.10928,0.767232,0,9,-1.4e-14
R600,recon_state,dG -0.4 eV,900,LI_SBR1,LOCAL,ISO_z2,INVALID,ABOVE_17PCT,0.98156,0.6161,13.5581,0.00173737,2256.29,0.00173737,,0,9,-1.4e-14
R600,recon_state,dG -0.4 eV,900,LI_SBR1,LOCAL,ISO_z4,INVALID,ABOVE_17PCT,0.98156,0.6161,13.5581,5.90776e-07,6.63534e+06,5.90776e-07,,0,9,-1.4e-14
R600,recon_state,dG -0.4 eV,900,LI_SBR1,LOCAL,ISO_z8,INVALID,ABOVE_17PCT,0.98156,0.6161,13.5581,6.83104e-14,5.73851e+13,6.83104e-14,,0,9,-1.4e-14
R800,recon_state,dG -0.4 eV,900,LI_SBR1,LOCAL,BRI,SENSITIVITY,ABOVE_17PCT,0.99504,0.5478,13.5581,6.10112,0.329448,6.10112,0.329448,0,8,2.8e-14
R800,recon_state,dG -0.4 eV,900,LI_SBR1,LOCAL,ISO_z2,INVALID,ABOVE_17PCT,0.99504,0.5478,13.5581,0.000150114,13389.8,0.000150114,,0,8,2.8e-14
R800,recon_state,dG -0.4 eV,900,LI_SBR1,LOCAL,ISO_z4,INVALID,ABOVE_17PCT,0.99504,0.5478,13.5581,3.69346e-09,5.44206e+08,3.69346e-09,,0,8,2.8e-14
R800,recon_state,dG -0.4 eV,900,LI_SBR1,LOCAL,ISO_z8,INVALID,ABOVE_17PCT,0.99504,0.5478,13.5581,2.23592e-18,8.98959e+17,2.23592e-18,,0,8,2.8e-14
R1000,recon_state,dG -0.4 eV,900,LI_SBR1,LOCAL,BRI,BOUNDARY,ABOVE_17PCT YUAN_STRONG_REDUCTION,0.99941,0.6148,13.5581,5.21894,0.00869909,5.21894,0.00869909,0,6,-6.0e-11
R1000,recon_state,dG -0.4 eV,900,LI_SBR1,LOCAL,ISO_z2,INVALID,ABOVE_17PCT YUAN_STRONG_REDUCTION,0.99941,0.6148,13.5581,1.81615e-06,24998,1.81615e-06,,0,6,-6.0e-11
R1000,recon_state,dG -0.4 eV,900,LI_SBR1,LOCAL,ISO_z4,INVALID,ABOVE_17PCT YUAN_STRONG_REDUCTION,0.99941,0.6148,13.5581,6.32005e-13,7.18349e+10,6.32005e-13,,0,6,-6.0e-11
R1000,recon_state,dG -0.4 eV,900,LI_SBR1,LOCAL,ISO_z8,INVALID,ABOVE_17PCT YUAN_STRONG_REDUCTION,0.99941,0.6148,13.5581,7.65348e-26,5.93194e+23,7.65348e-26,,0,6,-6.0e-11
A600,recon_state,dG -0.4 eV,900,LI_L2,NEUTRAL,BRI,SENSITIVITY,ABOVE_17PCT,0.994262,0.5374,13.5581,6.23641,0.362388,6.23641,0.362388,0,13,0.0e+00
A600,recon_state,dG -0.4 eV,900,LI_L2,NEUTRAL,ISO_z2,INVALID,ABOVE_17PCT,0.994262,0.5374,13.5581,0.000205326,11006.9,0.000205326,,0,13,0.0e+00
A600,recon_state,dG -0.4 eV,900,LI_L2,NEUTRAL,ISO_z4,INVALID,ABOVE_17PCT,0.994262,0.5374,13.5581,6.76008e-09,3.34315e+08,6.76008e-09,,0,13,0.0e+00
A600,recon_state,dG -0.4 eV,900,LI_L2,NEUTRAL,ISO_z8,INVALID,ABOVE_17PCT,0.994262,0.5374,13.5581,7.32773e-18,3.08418e+17,7.32773e-18,,0,13,0.0e+00
R500,recon_state,dG -0.4 eV,900,LI_L2,NEUTRAL,BRI,SENSITIVITY,ABOVE_17PCT,0.999457,0.09957,13.5581,12.2014,0.30898,12.2014,0.30898,0,10,3.8e-12
R500,recon_state,dG -0.4 eV,900,LI_L2,NEUTRAL,ISO_z2,INVALID,ABOVE_17PCT,0.999457,0.09957,13.5581,3.60321e-06,1.04629e+06,3.60321e-06,,0,10,3.8e-12
R500,recon_state,dG -0.4 eV,900,LI_L2,NEUTRAL,ISO_z4,INVALID,ABOVE_17PCT,0.999457,0.09957,13.5581,1.06406e-12,3.54302e+12,1.06406e-12,,0,10,3.8e-12
R500,recon_state,dG -0.4 eV,900,LI_L2,NEUTRAL,ISO_z8,INVALID,ABOVE_17PCT,0.999457,0.09957,13.5581,9.2795e-26,4.06272e+25,9.2795e-26,,0,10,3.8e-12
R600,recon_state,dG -0.4 eV,900,LI_L2,NEUTRAL,BRI,SENSITIVITY,ABOVE_17PCT,0.999977,0.004725,13.5581,13.4937,0.290506,13.4937,0.290506,0,11,0.0e+00
R600,recon_state,dG -0.4 eV,900,LI_L2,NEUTRAL,ISO_z2,INVALID,ABOVE_17PCT,0.999977,0.004725,13.5581,7.3355e-09,5.34388e+08,7.3355e-09,,0,11,0.0e+00
R600,recon_state,dG -0.4 eV,900,LI_L2,NEUTRAL,ISO_z4,INVALID,ABOVE_17PCT,0.999977,0.004725,13.5581,3.98775e-18,9.8301e+17,3.98775e-18,,0,11,0.0e+00
R600,recon_state,dG -0.4 eV,900,LI_L2,NEUTRAL,ISO_z8,INVALID,ABOVE_17PCT,0.999977,0.004725,13.5581,1.17849e-36,3.32629e+36,1.17849e-36,,0,11,0.0e+00
R800,recon_state,dG -0.4 eV,900,LI_L2,NEUTRAL,BRI,SENSITIVITY,ABOVE_17PCT,0.999995,0.0011,13.5581,13.5431,0.148415,13.5431,0.148415,0,10,2.8e-14
R800,recon_state,dG -0.4 eV,900,LI_L2,NEUTRAL,ISO_z2,INVALID,ABOVE_17PCT,0.999995,0.0011,13.5581,3.96226e-10,5.07287e+09,3.96226e-10,,0,10,2.8e-14
R800,recon_state,dG -0.4 eV,900,LI_L2,NEUTRAL,ISO_z4,INVALID,ABOVE_17PCT,0.999995,0.0011,13.5581,1.15923e-20,1.73392e+20,1.15923e-20,,0,10,2.8e-14
R800,recon_state,dG -0.4 eV,900,LI_L2,NEUTRAL,ISO_z8,INVALID,ABOVE_17PCT,0.999995,0.0011,13.5581,9.92244e-42,2.02571e+41,9.92244e-42,,0,10,2.8e-14
R1000,recon_state,dG -0.4 eV,900,LI_L2,NEUTRAL,BRI,BOUNDARY,ABOVE_17PCT YUAN_STRONG_REDUCTION,0.999999,0.00019,13.5581,13.5555,0.0033492,13.5555,0.0033492,0,8,3.4e-13
R1000,recon_state,dG -0.4 eV,900,LI_L2,NEUTRAL,ISO_z2,INVALID,ABOVE_17PCT YUAN_STRONG_REDUCTION,0.999999,0.00019,13.5581,1.18152e-11,3.84252e+09,1.18152e-11,,0,8,3.4e-13
R1000,recon_state,dG -0.4 eV,900,LI_L2,NEUTRAL,ISO_z4,INVALID,ABOVE_17PCT YUAN_STRONG_REDUCTION,0.999999,0.00019,13.5581,1.02983e-23,4.40849e+21,1.02983e-23,,0,8,3.4e-13
R1000,recon_state,dG -0.4 eV,900,LI_L2,NEUTRAL,ISO_z8,INVALID,ABOVE_17PCT YUAN_STRONG_REDUCTION,0.999999,0.00019,13.5581,7.82379e-48,5.80282e+45,7.82379e-48,,0,8,3.4e-13
A600,recon_state,dG -0.4 eV,900,LI_L2,LOCAL,BRI,SENSITIVITY,ABOVE_17PCT,0.334396,0.5663,13.5581,1.96633,1.14935,1.96633,1.14935,0,12,-4.3e-12
A600,recon_state,dG -0.4 eV,900,LI_L2,LOCAL,ISO_z2,SENSITIVITY,ABOVE_17PCT,0.334396,0.5663,13.5581,0.871138,2.59431,0.871138,2.59431,0,12,-4.3e-12
A600,recon_state,dG -0.4 eV,900,LI_L2,LOCAL,ISO_z4,SENSITIVITY,ABOVE_17PCT,0.334396,0.5663,13.5581,0.385939,5.85585,0.385939,5.85585,0,12,-4.3e-12
A600,recon_state,dG -0.4 eV,900,LI_L2,LOCAL,ISO_z8,INVALID,ABOVE_17PCT,0.334396,0.5663,13.5581,0.0757499,29.835,0.0757499,,0,12,-4.3e-12
R500,recon_state,dG -0.4 eV,900,LI_L2,LOCAL,BRI,SENSITIVITY,ABOVE_17PCT,0.873912,0.714,13.5581,3.38923,1.11235,3.38923,1.11235,0,10,-2.8e-14
R500,recon_state,dG -0.4 eV,900,LI_L2,LOCAL,ISO_z2,INVALID,ABOVE_17PCT,0.873912,0.714,13.5581,0.0538824,69.9672,0.0538824,,0,10,-2.8e-14
R500,recon_state,dG -0.4 eV,900,LI_L2,LOCAL,ISO_z4,INVALID,ABOVE_17PCT,0.873912,0.714,13.5581,0.000856631,4400.96,0.000856631,,0,10,-2.8e-14
R500,recon_state,dG -0.4 eV,900,LI_L2,LOCAL,ISO_z8,INVALID,ABOVE_17PCT,0.873912,0.714,13.5581,2.16514e-07,1.74122e+07,2.16514e-07,,0,10,-2.8e-14
R600,recon_state,dG -0.4 eV,900,LI_L2,LOCAL,BRI,SENSITIVITY,ABOVE_17PCT,0.980952,0.6047,13.5581,5.25791,0.745543,5.25791,0.745543,0,9,-2.8e-14
R600,recon_state,dG -0.4 eV,900,LI_L2,LOCAL,ISO_z2,INVALID,ABOVE_17PCT,0.980952,0.6047,13.5581,0.00190769,2054.85,0.00190769,,0,9,-2.8e-14
R600,recon_state,dG -0.4 eV,900,LI_L2,LOCAL,ISO_z4,INVALID,ABOVE_17PCT,0.980952,0.6047,13.5581,6.9215e-07,5.66351e+06,6.9215e-07,,0,9,-2.8e-14
R600,recon_state,dG -0.4 eV,900,LI_L2,LOCAL,ISO_z8,INVALID,ABOVE_17PCT,0.980952,0.6047,13.5581,9.11144e-14,4.30228e+13,9.11144e-14,,0,9,-2.8e-14
R800,recon_state,dG -0.4 eV,900,LI_L2,LOCAL,BRI,SENSITIVITY,ABOVE_17PCT,0.995351,0.4937,13.5581,6.83305,0.294158,6.83305,0.294158,0,8,5.7e-14
R800,recon_state,dG -0.4 eV,900,LI_L2,LOCAL,ISO_z2,INVALID,ABOVE_17PCT,0.995351,0.4937,13.5581,0.00014767,13611.4,0.00014767,,0,8,5.7e-14
R800,recon_state,dG -0.4 eV,900,LI_L2,LOCAL,ISO_z4,INVALID,ABOVE_17PCT,0.995351,0.4937,13.5581,3.19132e-09,6.29834e+08,3.19132e-09,,0,8,5.7e-14
R800,recon_state,dG -0.4 eV,900,LI_L2,LOCAL,ISO_z8,INVALID,ABOVE_17PCT,0.995351,0.4937,13.5581,1.49048e-18,1.34856e+18,1.49048e-18,,0,8,5.7e-14
R1000,recon_state,dG -0.4 eV,900,LI_L2,LOCAL,BRI,BOUNDARY,ABOVE_17PCT YUAN_STRONG_REDUCTION,0.999703,0.2822,13.5581,9.72957,0.00466619,9.72957,0.00466619,0,6,-8.5e-11
R1000,recon_state,dG -0.4 eV,900,LI_L2,LOCAL,ISO_z2,INVALID,ABOVE_17PCT YUAN_STRONG_REDUCTION,0.999703,0.2822,13.5581,8.58278e-07,52896.6,8.58278e-07,,0,6,-8.5e-11
R1000,recon_state,dG -0.4 eV,900,LI_L2,LOCAL,ISO_z4,INVALID,ABOVE_17PCT YUAN_STRONG_REDUCTION,0.999703,0.2822,13.5581,7.57115e-14,5.99645e+11,7.57115e-14,,0,6,-8.5e-11
R1000,recon_state,dG -0.4 eV,900,LI_L2,LOCAL,ISO_z8,INVALID,ABOVE_17PCT YUAN_STRONG_REDUCTION,0.999703,0.2822,13.5581,5.89155e-28,7.70595e+25,5.89155e-28,,0,6,-8.5e-11
A600,recon_state,dG -0.2 eV,900,PAB,NEUTRAL,BRI,SENSITIVITY,ABOVE_17PCT,0.742588,0.7317,13.5581,2.70101,0.836724,2.70101,0.836724,0,13,-5.3e-15
A600,recon_state,dG -0.2 eV,900,PAB,NEUTRAL,ISO_z2,SENSITIVITY,ABOVE_17PCT,0.742588,0.7317,13.5581,0.178972,12.6277,0.178972,12.6277,0,13,-5.3e-15
A600,recon_state,dG -0.2 eV,900,PAB,NEUTRAL,ISO_z4,INVALID,ABOVE_17PCT,0.742588,0.7317,13.5581,0.0118589,190.575,0.0118589,,0,13,-5.3e-15
A600,recon_state,dG -0.2 eV,900,PAB,NEUTRAL,ISO_z8,INVALID,ABOVE_17PCT,0.742588,0.7317,13.5581,5.20667e-05,43405.9,5.20667e-05,,0,13,-5.3e-15
R500,recon_state,dG -0.2 eV,900,PAB,NEUTRAL,BRI,SENSITIVITY,ABOVE_17PCT,0.964325,0.3293,13.5581,8.76958,0.429895,8.76958,0.429895,0,12,-1.4e-14
R500,recon_state,dG -0.2 eV,900,PAB,NEUTRAL,ISO_z2,INVALID,ABOVE_17PCT,0.964325,0.3293,13.5581,0.0111609,337.785,0.0111609,,0,12,-1.4e-14
R500,recon_state,dG -0.2 eV,900,PAB,NEUTRAL,ISO_z4,INVALID,ABOVE_17PCT,0.964325,0.3293,13.5581,1.42044e-05,265411,1.42044e-05,,0,12,-1.4e-14
R500,recon_state,dG -0.2 eV,900,PAB,NEUTRAL,ISO_z8,INVALID,ABOVE_17PCT,0.964325,0.3293,13.5581,2.30074e-11,1.6386e+11,2.30074e-11,,0,12,-1.4e-14
R600,recon_state,dG -0.2 eV,900,PAB,NEUTRAL,BRI,SENSITIVITY,ABOVE_17PCT,0.992042,0.1012,13.5581,12.0884,0.324279,12.0884,0.324279,0,10,1.7e-11
R600,recon_state,dG -0.2 eV,900,PAB,NEUTRAL,ISO_z2,INVALID,ABOVE_17PCT,0.992042,0.1012,13.5581,0.000765618,5120.04,0.000765618,,0,10,1.7e-11
R600,recon_state,dG -0.2 eV,900,PAB,NEUTRAL,ISO_z4,INVALID,ABOVE_17PCT,0.992042,0.1012,13.5581,4.84905e-08,8.08405e+07,4.84905e-08,,0,10,1.7e-11
R600,recon_state,dG -0.2 eV,900,PAB,NEUTRAL,ISO_z8,INVALID,ABOVE_17PCT,0.992042,0.1012,13.5581,1.94512e-16,2.0153e+16,1.94512e-16,,0,10,1.7e-11
R800,recon_state,dG -0.2 eV,900,PAB,NEUTRAL,BRI,SENSITIVITY,ABOVE_17PCT,0.99675,0.04418,13.5581,12.9169,0.15561,12.9169,0.15561,0,10,-2.8e-14
R800,recon_state,dG -0.2 eV,900,PAB,NEUTRAL,ISO_z2,INVALID,ABOVE_17PCT,0.99675,0.04418,13.5581,0.000136436,14732.2,0.000136436,,0,10,-2.8e-14
R800,recon_state,dG -0.2 eV,900,PAB,NEUTRAL,ISO_z4,INVALID,ABOVE_17PCT,0.99675,0.04418,13.5581,1.44111e-09,1.39476e+09,1.44111e-09,,0,10,-2.8e-14
R800,recon_state,dG -0.2 eV,900,PAB,NEUTRAL,ISO_z8,INVALID,ABOVE_17PCT,0.99675,0.04418,13.5581,1.60781e-19,1.25015e+19,1.60781e-19,,0,10,-2.8e-14
R1000,recon_state,dG -0.2 eV,900,PAB,NEUTRAL,BRI,BOUNDARY,ABOVE_17PCT YUAN_STRONG_REDUCTION,0.999307,0.00978,13.5581,13.4162,0.00338398,13.4162,0.00338398,0,8,1.1e-13
R1000,recon_state,dG -0.2 eV,900,PAB,NEUTRAL,ISO_z2,INVALID,ABOVE_17PCT YUAN_STRONG_REDUCTION,0.999307,0.00978,13.5581,6.43705e-06,7052.92,6.43705e-06,,0,8,1.1e-13
R1000,recon_state,dG -0.2 eV,900,PAB,NEUTRAL,ISO_z4,INVALID,ABOVE_17PCT YUAN_STRONG_REDUCTION,0.999307,0.00978,13.5581,3.08849e-12,1.46997e+10,3.08849e-12,,0,8,1.1e-13
R1000,recon_state,dG -0.2 eV,900,PAB,NEUTRAL,ISO_z8,INVALID,ABOVE_17PCT YUAN_STRONG_REDUCTION,0.999307,0.00978,13.5581,7.10991e-25,6.38546e+22,7.10991e-25,,0,8,1.1e-13
A600,recon_state,dG -0.2 eV,900,PAB,LOCAL,BRI,SENSITIVITY,,0.04033,0.001329,13.5581,0.54607,4.13866,0.54607,4.13866,0,11,1.8e-15
A600,recon_state,dG -0.2 eV,900,PAB,LOCAL,ISO_z2,SENSITIVITY,,0.04033,0.001329,13.5581,0.502913,4.49382,0.502913,4.49382,0,11,1.8e-15
A600,recon_state,dG -0.2 eV,900,PAB,LOCAL,ISO_z4,SENSITIVITY,,0.04033,0.001329,13.5581,0.463166,4.87946,0.463166,4.87946,0,11,1.8e-15
A600,recon_state,dG -0.2 eV,900,PAB,LOCAL,ISO_z8,SENSITIVITY,,0.04033,0.001329,13.5581,0.392847,5.75287,0.392847,5.75287,0,11,1.8e-15
R500,recon_state,dG -0.2 eV,900,PAB,LOCAL,BRI,SENSITIVITY,,0.103523,0.0235,13.5581,1.37059,2.75063,1.37059,2.75063,0,10,-7.1e-15
R500,recon_state,dG -0.2 eV,900,PAB,LOCAL,ISO_z2,SENSITIVITY,,0.103523,0.0235,13.5581,1.10151,3.42258,1.10151,3.42258,0,10,-7.1e-15
R500,recon_state,dG -0.2 eV,900,PAB,LOCAL,ISO_z4,SENSITIVITY,,0.103523,0.0235,13.5581,0.885249,4.25869,0.885249,4.25869,0,10,-7.1e-15
R500,recon_state,dG -0.2 eV,900,PAB,LOCAL,ISO_z8,SENSITIVITY,,0.103523,0.0235,13.5581,0.57177,6.59356,0.57177,6.59356,0,10,-7.1e-15
R600,recon_state,dG -0.2 eV,900,PAB,LOCAL,BRI,SENSITIVITY,ABOVE_17PCT,0.250518,0.2199,13.5581,2.64957,1.47949,2.64957,1.47949,0,9,0.0e+00
R600,recon_state,dG -0.2 eV,900,PAB,LOCAL,ISO_z2,SENSITIVITY,ABOVE_17PCT,0.250518,0.2199,13.5581,1.48832,2.63383,1.48832,2.63383,0,9,0.0e+00
R600,recon_state,dG -0.2 eV,900,PAB,LOCAL,ISO_z4,SENSITIVITY,ABOVE_17PCT,0.250518,0.2199,13.5581,0.836027,4.68884,0.836027,4.68884,0,9,0.0e+00
R600,recon_state,dG -0.2 eV,900,PAB,LOCAL,ISO_z8,SENSITIVITY,ABOVE_17PCT,0.250518,0.2199,13.5581,0.263794,14.8601,0.263794,14.8601,0,9,0.0e+00
R800,recon_state,dG -0.2 eV,900,PAB,LOCAL,BRI,SENSITIVITY,ABOVE_17PCT,0.497435,0.5377,13.5581,3.11797,0.64465,3.11797,0.64465,0,8,0.0e+00
R800,recon_state,dG -0.2 eV,900,PAB,LOCAL,ISO_z2,SENSITIVITY,ABOVE_17PCT,0.497435,0.5377,13.5581,0.78751,2.55235,0.78751,2.55235,0,8,0.0e+00
R800,recon_state,dG -0.2 eV,900,PAB,LOCAL,ISO_z4,SENSITIVITY,ABOVE_17PCT,0.497435,0.5377,13.5581,0.198902,10.1055,0.198902,10.1055,0,8,0.0e+00
R800,recon_state,dG -0.2 eV,900,PAB,LOCAL,ISO_z8,INVALID,ABOVE_17PCT,0.497435,0.5377,13.5581,0.0126884,158.412,0.0126884,,0,8,0.0e+00
R1000,recon_state,dG -0.2 eV,900,PAB,LOCAL,BRI,BOUNDARY,ABOVE_17PCT YUAN_STRONG_REDUCTION,0.881184,0.8539,13.5581,1.74537,0.0260117,1.74537,0.0260117,0,6,-5.8e-11
R1000,recon_state,dG -0.2 eV,900,PAB,LOCAL,ISO_z2,INVALID,ABOVE_17PCT YUAN_STRONG_REDUCTION,0.881184,0.8539,13.5581,0.0246396,1.84256,0.0246396,,0,6,-5.8e-11
R1000,recon_state,dG -0.2 eV,900,PAB,LOCAL,ISO_z4,INVALID,ABOVE_17PCT YUAN_STRONG_REDUCTION,0.881184,0.8539,13.5581,0.000347841,130.519,0.000347841,,0,6,-5.8e-11
R1000,recon_state,dG -0.2 eV,900,PAB,LOCAL,ISO_z8,INVALID,ABOVE_17PCT YUAN_STRONG_REDUCTION,0.881184,0.8539,13.5581,6.93227e-08,654908,6.93227e-08,,0,6,-5.8e-11
A600,recon_state,dG -0.2 eV,900,HAM,NEUTRAL,BRI,SENSITIVITY,ABOVE_17PCT,0.970014,0.2933,13.5581,9.29414,0.243164,9.29414,0.243164,0,12,1.8e-15
A600,recon_state,dG -0.2 eV,900,HAM,NEUTRAL,ISO_z2,INVALID,ABOVE_17PCT,0.970014,0.2933,13.5581,0.00835678,270.439,0.00835678,,0,12,1.8e-15
A600,recon_state,dG -0.2 eV,900,HAM,NEUTRAL,ISO_z4,INVALID,ABOVE_17PCT,0.970014,0.2933,13.5581,7.51395e-06,300774,7.51395e-06,,0,12,1.8e-15
A600,recon_state,dG -0.2 eV,900,HAM,NEUTRAL,ISO_z8,INVALID,ABOVE_17PCT,0.970014,0.2933,13.5581,6.07474e-12,3.72032e+11,6.07474e-12,,0,12,1.8e-15
R500,recon_state,dG -0.2 eV,900,HAM,NEUTRAL,BRI,SENSITIVITY,ABOVE_17PCT,0.99974,0.003697,13.5581,13.5044,0.279168,13.5044,0.279168,0,12,6.4e-14
R500,recon_state,dG -0.2 eV,900,HAM,NEUTRAL,ISO_z2,INVALID,ABOVE_17PCT,0.99974,0.003697,13.5581,9.13992e-07,4.12476e+06,9.13992e-07,,0,12,6.4e-14
R500,recon_state,dG -0.2 eV,900,HAM,NEUTRAL,ISO_z4,INVALID,ABOVE_17PCT,0.99974,0.003697,13.5581,6.18599e-14,6.09442e+13,6.18599e-14,,0,12,6.4e-14
R500,recon_state,dG -0.2 eV,900,HAM,NEUTRAL,ISO_z8,INVALID,ABOVE_17PCT,0.99974,0.003697,13.5581,2.83362e-28,1.33045e+28,2.83362e-28,,0,12,6.4e-14
R600,recon_state,dG -0.2 eV,900,HAM,NEUTRAL,BRI,SENSITIVITY,ABOVE_17PCT,0.99996,0.0005723,13.5581,13.5498,0.289304,13.5498,0.289304,0,10,4.3e-11
R600,recon_state,dG -0.2 eV,900,HAM,NEUTRAL,ISO_z2,INVALID,ABOVE_17PCT,0.99996,0.0005723,13.5581,2.18223e-08,1.79633e+08,2.18223e-08,,0,10,4.3e-11
R600,recon_state,dG -0.2 eV,900,HAM,NEUTRAL,ISO_z4,INVALID,ABOVE_17PCT,0.99996,0.0005723,13.5581,3.51453e-17,1.11537e+17,3.51453e-17,,0,10,4.3e-11
R600,recon_state,dG -0.2 eV,900,HAM,NEUTRAL,ISO_z8,INVALID,ABOVE_17PCT,0.99996,0.0005723,13.5581,9.116e-35,4.30013e+34,9.116e-35,,0,10,4.3e-11
R800,recon_state,dG -0.2 eV,900,HAM,NEUTRAL,BRI,SENSITIVITY,ABOVE_17PCT,0.999984,0.0002294,13.5581,13.5547,0.148288,13.5547,0.148288,0,10,8.5e-14
R800,recon_state,dG -0.2 eV,900,HAM,NEUTRAL,ISO_z2,INVALID,ABOVE_17PCT,0.999984,0.0002294,13.5581,3.50449e-09,5.7355e+08,3.50449e-09,,0,10,8.5e-14
R800,recon_state,dG -0.2 eV,900,HAM,NEUTRAL,ISO_z4,INVALID,ABOVE_17PCT,0.999984,0.0002294,13.5581,9.06062e-19,2.21839e+18,9.06062e-19,,0,10,8.5e-14
R800,recon_state,dG -0.2 eV,900,HAM,NEUTRAL,ISO_z8,INVALID,ABOVE_17PCT,0.999984,0.0002294,13.5581,6.05654e-38,3.31872e+37,6.05654e-38,,0,10,8.5e-14
R1000,recon_state,dG -0.2 eV,900,HAM,NEUTRAL,BRI,BOUNDARY,ABOVE_17PCT YUAN_STRONG_REDUCTION,0.999997,4.877e-05,13.5581,13.5574,0.00334874,13.5574,0.00334874,0,8,0.0e+00
R1000,recon_state,dG -0.2 eV,900,HAM,NEUTRAL,ISO_z2,INVALID,ABOVE_17PCT YUAN_STRONG_REDUCTION,0.999997,4.877e-05,13.5581,1.58405e-10,2.86608e+08,1.58405e-10,,0,8,0.0e+00
R1000,recon_state,dG -0.2 eV,900,HAM,NEUTRAL,ISO_z4,INVALID,ABOVE_17PCT YUAN_STRONG_REDUCTION,0.999997,4.877e-05,13.5581,1.85081e-21,2.45298e+19,1.85081e-21,,0,8,0.0e+00
R1000,recon_state,dG -0.2 eV,900,HAM,NEUTRAL,ISO_z8,INVALID,ABOVE_17PCT YUAN_STRONG_REDUCTION,0.999997,4.877e-05,13.5581,2.52667e-43,1.79683e+41,2.52667e-43,,0,8,0.0e+00
A600,recon_state,dG -0.2 eV,900,HAM,LOCAL,BRI,SENSITIVITY,ABOVE_17PCT,0.193542,0.09331,13.5581,2.37921,0.949895,2.37921,0.949895,0,11,0.0e+00
A600,recon_state,dG -0.2 eV,900,HAM,LOCAL,ISO_z2,SENSITIVITY,ABOVE_17PCT,0.193542,0.09331,13.5581,1.54738,1.46053,1.54738,1.46053,0,11,0.0e+00
A600,recon_state,dG -0.2 eV,900,HAM,LOCAL,ISO_z4,SENSITIVITY,ABOVE_17PCT,0.193542,0.09331,13.5581,1.00638,2.24568,1.00638,2.24568,0,11,0.0e+00
A600,recon_state,dG -0.2 eV,900,HAM,LOCAL,ISO_z8,SENSITIVITY,ABOVE_17PCT,0.193542,0.09331,13.5581,0.425684,5.3091,0.425684,5.3091,0,11,0.0e+00
R500,recon_state,dG -0.2 eV,900,HAM,LOCAL,BRI,SENSITIVITY,ABOVE_17PCT,0.54488,0.4316,13.5581,4.19931,0.897766,4.19931,0.897766,0,10,4.3e-14
R500,recon_state,dG -0.2 eV,900,HAM,LOCAL,ISO_z2,SENSITIVITY,ABOVE_17PCT,0.54488,0.4316,13.5581,0.86982,4.33423,0.86982,4.33423,0,10,4.3e-14
R500,recon_state,dG -0.2 eV,900,HAM,LOCAL,ISO_z4,SENSITIVITY,ABOVE_17PCT,0.54488,0.4316,13.5581,0.180169,20.9247,0.180169,20.9247,0,10,4.3e-14
R500,recon_state,dG -0.2 eV,900,HAM,LOCAL,ISO_z8,INVALID,ABOVE_17PCT,0.54488,0.4316,13.5581,0.00773009,487.705,0.00773009,,0,10,4.3e-14
R600,recon_state,dG -0.2 eV,900,HAM,LOCAL,BRI,SENSITIVITY,ABOVE_17PCT,0.887034,0.522,13.5581,5.74828,0.681943,5.74828,0.681943,0,9,5.7e-14
R600,recon_state,dG -0.2 eV,900,HAM,LOCAL,ISO_z2,INVALID,ABOVE_17PCT,0.887034,0.522,13.5581,0.0733552,53.4386,0.0733552,,0,9,5.7e-14
R600,recon_state,dG -0.2 eV,900,HAM,LOCAL,ISO_z4,INVALID,ABOVE_17PCT,0.887034,0.522,13.5581,0.000936103,4187.57,0.000936103,,0,9,5.7e-14
R600,recon_state,dG -0.2 eV,900,HAM,LOCAL,ISO_z8,INVALID,ABOVE_17PCT,0.887034,0.522,13.5581,1.52444e-07,2.57144e+07,1.52444e-07,,0,9,5.7e-14
R800,recon_state,dG -0.2 eV,900,HAM,LOCAL,BRI,SENSITIVITY,ABOVE_17PCT,0.965225,0.5183,13.5581,6.30339,0.318876,6.30339,0.318876,0,8,-1.1e-13
R800,recon_state,dG -0.2 eV,900,HAM,LOCAL,ISO_z2,INVALID,ABOVE_17PCT,0.965225,0.5183,13.5581,0.00762254,263.692,0.00762254,,0,8,-1.1e-13
R800,recon_state,dG -0.2 eV,900,HAM,LOCAL,ISO_z4,INVALID,ABOVE_17PCT,0.965225,0.5183,13.5581,9.21775e-06,218058,9.21775e-06,,0,8,-1.1e-13
R800,recon_state,dG -0.2 eV,900,HAM,LOCAL,ISO_z8,INVALID,ABOVE_17PCT,0.965225,0.5183,13.5581,1.34795e-11,1.49115e+11,1.34795e-11,,0,8,-1.1e-13
R1000,recon_state,dG -0.2 eV,900,HAM,LOCAL,BRI,BOUNDARY,ABOVE_17PCT YUAN_STRONG_REDUCTION,0.99497,0.6794,13.5581,4.32517,0.0104967,4.32517,0.0104967,0,6,-6.1e-11
R1000,recon_state,dG -0.2 eV,900,HAM,LOCAL,ISO_z2,INVALID,ABOVE_17PCT YUAN_STRONG_REDUCTION,0.99497,0.6794,13.5581,0.000109416,414.93,0.000109416,,0,6,-6.1e-11
R1000,recon_state,dG -0.2 eV,900,HAM,LOCAL,ISO_z4,INVALID,ABOVE_17PCT YUAN_STRONG_REDUCTION,0.99497,0.6794,13.5581,2.76796e-09,1.6402e+07,2.76796e-09,,0,6,-6.1e-11
R1000,recon_state,dG -0.2 eV,900,HAM,LOCAL,ISO_z8,INVALID,ABOVE_17PCT YUAN_STRONG_REDUCTION,0.99497,0.6794,13.5581,1.7714e-18,2.56295e+16,1.7714e-18,,0,6,-6.1e-11
A600,recon_state,dG -0.2 eV,900,LI_SBR1,NEUTRAL,BRI,SENSITIVITY,ABOVE_17PCT,0.991792,0.1041,13.5581,12.0473,0.187593,12.0473,0.187593,0,13,4.5e-12
A600,recon_state,dG -0.2 eV,900,LI_SBR1,NEUTRAL,ISO_z2,INVALID,ABOVE_17PCT,0.991792,0.1041,13.5581,0.000811695,2784.3,0.000811695,,0,13,4.5e-12
A600,recon_state,dG -0.2 eV,900,LI_SBR1,NEUTRAL,ISO_z4,INVALID,ABOVE_17PCT,0.991792,0.1041,13.5581,5.46884e-08,4.13251e+07,5.46884e-08,,0,13,4.5e-12
A600,recon_state,dG -0.2 eV,900,LI_SBR1,NEUTRAL,ISO_z8,INVALID,ABOVE_17PCT,0.991792,0.1041,13.5581,2.48256e-16,9.10352e+15,2.48256e-16,,0,13,4.5e-12
R500,recon_state,dG -0.2 eV,900,LI_SBR1,NEUTRAL,BRI,SENSITIVITY,ABOVE_17PCT,0.99994,0.0008485,13.5581,13.5458,0.278316,13.5458,0.278316,0,12,-7.1e-15
R500,recon_state,dG -0.2 eV,900,LI_SBR1,NEUTRAL,ISO_z2,INVALID,ABOVE_17PCT,0.99994,0.0008485,13.5581,4.79835e-08,7.85687e+07,4.79835e-08,,0,12,-7.1e-15
R500,recon_state,dG -0.2 eV,900,LI_SBR1,NEUTRAL,ISO_z4,INVALID,ABOVE_17PCT,0.99994,0.0008485,13.5581,1.69973e-16,2.218e+16,1.69973e-16,,0,12,-7.1e-15
R500,recon_state,dG -0.2 eV,900,LI_SBR1,NEUTRAL,ISO_z8,INVALID,ABOVE_17PCT,0.99994,0.0008485,13.5581,2.13284e-33,1.7676e+33,2.13284e-33,,0,12,-7.1e-15
R600,recon_state,dG -0.2 eV,900,LI_SBR1,NEUTRAL,BRI,SENSITIVITY,ABOVE_17PCT,0.99999,0.0001454,13.5581,13.556,0.289172,13.556,0.289172,0,10,3.7e-11
R600,recon_state,dG -0.2 eV,900,LI_SBR1,NEUTRAL,ISO_z2,INVALID,ABOVE_17PCT,0.99999,0.0001454,13.5581,1.40729e-09,2.7855e+09,1.40729e-09,,0,10,3.7e-11
R600,recon_state,dG -0.2 eV,900,LI_SBR1,NEUTRAL,ISO_z4,INVALID,ABOVE_17PCT,0.99999,0.0001454,13.5581,1.46095e-19,2.68318e+19,1.46095e-19,,0,10,3.7e-11
R600,recon_state,dG -0.2 eV,900,LI_SBR1,NEUTRAL,ISO_z8,INVALID,ABOVE_17PCT,0.99999,0.0001454,13.5581,1.5745e-39,2.48968e+39,1.5745e-39,,0,10,3.7e-11
R800,recon_state,dG -0.2 eV,900,LI_SBR1,NEUTRAL,BRI,SENSITIVITY,ABOVE_17PCT,0.999996,5.861e-05,13.5581,13.5572,0.148261,13.5572,0.148261,0,10,8.5e-14
R800,recon_state,dG -0.2 eV,900,LI_SBR1,NEUTRAL,ISO_z2,INVALID,ABOVE_17PCT,0.999996,5.861e-05,13.5581,2.28728e-10,8.78774e+09,2.28728e-10,,0,10,8.5e-14
R800,recon_state,dG -0.2 eV,900,LI_SBR1,NEUTRAL,ISO_z4,INVALID,ABOVE_17PCT,0.999996,5.861e-05,13.5581,3.85893e-21,5.2087e+20,3.85893e-21,,0,10,8.5e-14
R800,recon_state,dG -0.2 eV,900,LI_SBR1,NEUTRAL,ISO_z8,INVALID,ABOVE_17PCT,0.999996,5.861e-05,13.5581,1.09841e-42,1.82992e+42,1.09841e-42,,0,10,8.5e-14
R1000,recon_state,dG -0.2 eV,900,LI_SBR1,NEUTRAL,BRI,BOUNDARY,ABOVE_17PCT YUAN_STRONG_REDUCTION,0.999999,1.261e-05,13.5581,13.5579,0.00334861,13.5579,0.00334861,0,8,-2.3e-13
R1000,recon_state,dG -0.2 eV,900,LI_SBR1,NEUTRAL,ISO_z2,INVALID,ABOVE_17PCT YUAN_STRONG_REDUCTION,0.999999,1.261e-05,13.5581,1.05827e-11,4.29001e+09,1.05827e-11,,0,8,-2.3e-13
R1000,recon_state,dG -0.2 eV,900,LI_SBR1,NEUTRAL,ISO_z4,INVALID,ABOVE_17PCT YUAN_STRONG_REDUCTION,0.999999,1.261e-05,13.5581,8.26042e-24,5.49609e+21,8.26042e-24,,0,8,-2.3e-13
R1000,recon_state,dG -0.2 eV,900,LI_SBR1,NEUTRAL,ISO_z8,INVALID,ABOVE_17PCT YUAN_STRONG_REDUCTION,0.999999,1.261e-05,13.5581,5.03284e-48,9.02076e+45,5.03284e-48,,0,8,-2.3e-13
A600,recon_state,dG -0.2 eV,900,LI_SBR1,LOCAL,BRI,SENSITIVITY,ABOVE_17PCT,0.269286,0.183,13.5581,2.98272,0.757698,2.98272,0.757698,0,11,-1.2e-14
A600,recon_state,dG -0.2 eV,900,LI_SBR1,LOCAL,ISO_z2,SENSITIVITY,ABOVE_17PCT,0.269286,0.183,13.5581,1.5926,1.41906,1.5926,1.41906,0,11,-1.2e-14
A600,recon_state,dG -0.2 eV,900,LI_SBR1,LOCAL,ISO_z4,SENSITIVITY,ABOVE_17PCT,0.269286,0.183,13.5581,0.850357,2.65771,0.850357,2.65771,0,11,-1.2e-14
A600,recon_state,dG -0.2 eV,900,LI_SBR1,LOCAL,ISO_z8,SENSITIVITY,ABOVE_17PCT,0.269286,0.183,13.5581,0.242432,9.3222,0.242432,9.3222,0,11,-1.2e-14
R500,recon_state,dG -0.2 eV,900,LI_SBR1,LOCAL,BRI,SENSITIVITY,ABOVE_17PCT,0.721591,0.4922,13.5581,4.9683,0.75881,4.9683,0.75881,0,10,7.1e-15
R500,recon_state,dG -0.2 eV,900,LI_SBR1,LOCAL,ISO_z2,SENSITIVITY,ABOVE_17PCT,0.721591,0.4922,13.5581,0.385101,9.78965,0.385101,9.78965,0,10,7.1e-15
R500,recon_state,dG -0.2 eV,900,LI_SBR1,LOCAL,ISO_z4,INVALID,ABOVE_17PCT,0.721591,0.4922,13.5581,0.0298497,126.299,0.0298497,,0,10,7.1e-15
R500,recon_state,dG -0.2 eV,900,LI_SBR1,LOCAL,ISO_z8,INVALID,ABOVE_17PCT,0.721591,0.4922,13.5581,0.000179338,21021.7,0.000179338,,0,10,7.1e-15
R600,recon_state,dG -0.2 eV,900,LI_SBR1,LOCAL,BRI,SENSITIVITY,ABOVE_17PCT,0.949124,0.4556,13.5581,7.00559,0.559553,7.00559,0.559553,0,9,-7.1e-14
R600,recon_state,dG -0.2 eV,900,LI_SBR1,LOCAL,ISO_z2,INVALID,ABOVE_17PCT,0.949124,0.4556,13.5581,0.0181333,216.177,0.0181333,,0,9,-7.1e-14
R600,recon_state,dG -0.2 eV,900,LI_SBR1,LOCAL,ISO_z4,INVALID,ABOVE_17PCT,0.949124,0.4556,13.5581,4.69362e-05,83517.6,4.69362e-05,,0,9,-7.1e-14
R600,recon_state,dG -0.2 eV,900,LI_SBR1,LOCAL,ISO_z8,INVALID,ABOVE_17PCT,0.949124,0.4556,13.5581,3.14464e-10,1.24657e+10,3.14464e-10,,0,9,-7.1e-14
R800,recon_state,dG -0.2 eV,900,LI_SBR1,LOCAL,BRI,SENSITIVITY,ABOVE_17PCT,0.986687,0.3776,13.5581,8.32602,0.241412,8.32602,0.241412,0,8,1.4e-13
R800,recon_state,dG -0.2 eV,900,LI_SBR1,LOCAL,ISO_z2,INVALID,ABOVE_17PCT,0.986687,0.3776,13.5581,0.00147574,1362.03,0.00147574,,0,8,1.4e-13
R800,recon_state,dG -0.2 eV,900,LI_SBR1,LOCAL,ISO_z4,INVALID,ABOVE_17PCT,0.986687,0.3776,13.5581,2.61566e-07,7.68448e+06,2.61566e-07,,0,8,1.4e-13
R800,recon_state,dG -0.2 eV,900,LI_SBR1,LOCAL,ISO_z8,INVALID,ABOVE_17PCT,0.986687,0.3776,13.5581,8.21723e-15,2.44608e+14,8.21723e-15,,0,8,1.4e-13
R1000,recon_state,dG -0.2 eV,900,LI_SBR1,LOCAL,BRI,BOUNDARY,ABOVE_17PCT YUAN_STRONG_REDUCTION,0.998635,0.3753,13.5581,8.45812,0.00536762,8.45812,0.00536762,0,6,-6.0e-11
R1000,recon_state,dG -0.2 eV,900,LI_SBR1,LOCAL,ISO_z2,INVALID,ABOVE_17PCT YUAN_STRONG_REDUCTION,0.998635,0.3753,13.5581,1.57533e-05,2881.93,1.57533e-05,,0,6,-6.0e-11
R1000,recon_state,dG -0.2 eV,900,LI_SBR1,LOCAL,ISO_z4,INVALID,ABOVE_17PCT YUAN_STRONG_REDUCTION,0.998635,0.3753,13.5581,2.93408e-11,1.54733e+09,2.93408e-11,,0,6,-6.0e-11
R1000,recon_state,dG -0.2 eV,900,LI_SBR1,LOCAL,ISO_z8,INVALID,ABOVE_17PCT YUAN_STRONG_REDUCTION,0.998635,0.3753,13.5581,1.01782e-22,4.46053e+20,1.01782e-22,,0,6,-6.0e-11
A600,recon_state,dG -0.2 eV,900,LI_L2,NEUTRAL,BRI,SENSITIVITY,ABOVE_17PCT,0.983952,0.1839,13.5581,10.8875,0.207578,10.8875,0.207578,0,13,4.4e-14
A600,recon_state,dG -0.2 eV,900,LI_L2,NEUTRAL,ISO_z2,INVALID,ABOVE_17PCT,0.983952,0.1839,13.5581,0.00280378,806.055,0.00280378,,0,13,4.4e-14
A600,recon_state,dG -0.2 eV,900,LI_L2,NEUTRAL,ISO_z4,INVALID,ABOVE_17PCT,0.983952,0.1839,13.5581,7.22039e-07,3.13003e+06,7.22039e-07,,0,13,4.4e-14
A600,recon_state,dG -0.2 eV,900,LI_L2,NEUTRAL,ISO_z8,INVALID,ABOVE_17PCT,0.983952,0.1839,13.5581,4.78844e-14,4.7197e+13,4.78844e-14,,0,13,4.4e-14
R500,recon_state,dG -0.2 eV,900,LI_L2,NEUTRAL,BRI,SENSITIVITY,ABOVE_17PCT,0.999433,0.008026,13.5581,13.4416,0.280472,13.4416,0.280472,0,11,2.8e-14
R500,recon_state,dG -0.2 eV,900,LI_L2,NEUTRAL,ISO_z2,INVALID,ABOVE_17PCT,0.999433,0.008026,13.5581,4.32678e-06,871319,4.32678e-06,,0,11,2.8e-14
R500,recon_state,dG -0.2 eV,900,LI_L2,NEUTRAL,ISO_z4,INVALID,ABOVE_17PCT,0.999433,0.008026,13.5581,1.39276e-12,2.70685e+12,1.39276e-12,,0,11,2.8e-14
R500,recon_state,dG -0.2 eV,900,LI_L2,NEUTRAL,ISO_z8,INVALID,ABOVE_17PCT,0.999433,0.008026,13.5581,1.44312e-25,2.61239e+25,1.44312e-25,,0,11,2.8e-14
R600,recon_state,dG -0.2 eV,900,LI_L2,NEUTRAL,BRI,SENSITIVITY,ABOVE_17PCT,0.999977,0.0003329,13.5581,13.5532,0.28923,13.5532,0.28923,0,11,1.4e-14
R600,recon_state,dG -0.2 eV,900,LI_L2,NEUTRAL,ISO_z2,INVALID,ABOVE_17PCT,0.999977,0.0003329,13.5581,7.3815e-09,5.31057e+08,7.3815e-09,,0,11,1.4e-14
R600,recon_state,dG -0.2 eV,900,LI_L2,NEUTRAL,ISO_z4,INVALID,ABOVE_17PCT,0.999977,0.0003329,13.5581,4.02019e-18,9.75078e+17,4.02019e-18,,0,11,1.4e-14
R600,recon_state,dG -0.2 eV,900,LI_L2,NEUTRAL,ISO_z8,INVALID,ABOVE_17PCT,0.999977,0.0003329,13.5581,1.19248e-36,3.28727e+36,1.19248e-36,,0,11,1.4e-14
R800,recon_state,dG -0.2 eV,900,LI_L2,NEUTRAL,BRI,SENSITIVITY,ABOVE_17PCT,0.999995,7.718e-05,13.5581,13.5569,0.148264,13.5569,0.148264,0,10,2.8e-14
R800,recon_state,dG -0.2 eV,900,LI_L2,NEUTRAL,ISO_z2,INVALID,ABOVE_17PCT,0.999995,7.718e-05,13.5581,3.96675e-10,5.06712e+09,3.96675e-10,,0,10,2.8e-14
R800,recon_state,dG -0.2 eV,900,LI_L2,NEUTRAL,ISO_z4,INVALID,ABOVE_17PCT,0.999995,7.718e-05,13.5581,1.16067e-20,1.73176e+20,1.16067e-20,,0,10,2.8e-14
R800,recon_state,dG -0.2 eV,900,LI_L2,NEUTRAL,ISO_z8,INVALID,ABOVE_17PCT,0.999995,7.718e-05,13.5581,9.93697e-42,2.02275e+41,9.93697e-42,,0,10,2.8e-14
R1000,recon_state,dG -0.2 eV,900,LI_L2,NEUTRAL,BRI,BOUNDARY,ABOVE_17PCT YUAN_STRONG_REDUCTION,0.999999,1.332e-05,13.5581,13.5579,0.00334861,13.5579,0.00334861,0,8,0.0e+00
R1000,recon_state,dG -0.2 eV,900,LI_L2,NEUTRAL,ISO_z2,INVALID,ABOVE_17PCT YUAN_STRONG_REDUCTION,0.999999,1.332e-05,13.5581,1.18173e-11,3.84182e+09,1.18173e-11,,0,8,0.0e+00
R1000,recon_state,dG -0.2 eV,900,LI_L2,NEUTRAL,ISO_z4,INVALID,ABOVE_17PCT YUAN_STRONG_REDUCTION,0.999999,1.332e-05,13.5581,1.03002e-23,4.40768e+21,1.03002e-23,,0,8,0.0e+00
R1000,recon_state,dG -0.2 eV,900,LI_L2,NEUTRAL,ISO_z8,INVALID,ABOVE_17PCT YUAN_STRONG_REDUCTION,0.999999,1.332e-05,13.5581,7.82528e-48,5.80171e+45,7.82528e-48,,0,8,0.0e+00
A600,recon_state,dG -0.2 eV,900,LI_L2,LOCAL,BRI,SENSITIVITY,ABOVE_17PCT,0.260336,0.172,13.5581,2.92248,0.773316,2.92248,0.773316,0,11,-1.1e-14
A600,recon_state,dG -0.2 eV,900,LI_L2,LOCAL,ISO_z2,SENSITIVITY,ABOVE_17PCT,0.260336,0.172,13.5581,1.5989,1.41348,1.5989,1.41348,0,11,-1.1e-14
A600,recon_state,dG -0.2 eV,900,LI_L2,LOCAL,ISO_z4,SENSITIVITY,ABOVE_17PCT,0.260336,0.172,13.5581,0.874759,2.58357,0.874759,2.58357,0,11,-1.1e-14
A600,recon_state,dG -0.2 eV,900,LI_L2,LOCAL,ISO_z8,SENSITIVITY,ABOVE_17PCT,0.260336,0.172,13.5581,0.261834,8.63143,0.261834,8.63143,0,11,-1.1e-14
R500,recon_state,dG -0.2 eV,900,LI_L2,LOCAL,BRI,SENSITIVITY,ABOVE_17PCT,0.706096,0.4878,13.5581,4.90359,0.768824,4.90359,0.768824,0,10,-4.3e-14
R500,recon_state,dG -0.2 eV,900,LI_L2,LOCAL,ISO_z2,SENSITIVITY,ABOVE_17PCT,0.706096,0.4878,13.5581,0.423571,8.90051,0.423571,8.90051,0,10,-4.3e-14
R500,recon_state,dG -0.2 eV,900,LI_L2,LOCAL,ISO_z4,INVALID,ABOVE_17PCT,0.706096,0.4878,13.5581,0.036588,103.039,0.036588,,0,10,-4.3e-14
R500,recon_state,dG -0.2 eV,900,LI_L2,LOCAL,ISO_z8,INVALID,ABOVE_17PCT,0.706096,0.4878,13.5581,0.000273,13809.5,0.000273,,0,10,-4.3e-14
R600,recon_state,dG -0.2 eV,900,LI_L2,LOCAL,BRI,SENSITIVITY,ABOVE_17PCT,0.94625,0.454,13.5581,7.0053,0.559576,7.0053,0.559576,0,9,1.4e-14
R600,recon_state,dG -0.2 eV,900,LI_L2,LOCAL,ISO_z2,INVALID,ABOVE_17PCT,0.94625,0.454,13.5581,0.0202386,193.689,0.0202386,,0,9,1.4e-14
R600,recon_state,dG -0.2 eV,900,LI_L2,LOCAL,ISO_z4,INVALID,ABOVE_17PCT,0.94625,0.454,13.5581,5.84704e-05,67042.5,5.84704e-05,,0,9,1.4e-14
R600,recon_state,dG -0.2 eV,900,LI_L2,LOCAL,ISO_z8,INVALID,ABOVE_17PCT,0.94625,0.454,13.5581,4.88029e-10,8.03232e+09,4.88029e-10,,0,9,1.4e-14
R800,recon_state,dG -0.2 eV,900,LI_L2,LOCAL,BRI,SENSITIVITY,ABOVE_17PCT,0.986596,0.359,13.5581,8.57387,0.234433,8.57387,0.234433,0,8,5.7e-14
R800,recon_state,dG -0.2 eV,900,LI_L2,LOCAL,ISO_z2,INVALID,ABOVE_17PCT,0.986596,0.359,13.5581,0.00154048,1304.79,0.00154048,,0,8,5.7e-14
R800,recon_state,dG -0.2 eV,900,LI_L2,LOCAL,ISO_z4,INVALID,ABOVE_17PCT,0.986596,0.359,13.5581,2.76781e-07,7.26207e+06,2.76781e-07,,0,8,5.7e-14
R800,recon_state,dG -0.2 eV,900,LI_L2,LOCAL,ISO_z8,INVALID,ABOVE_17PCT,0.986596,0.359,13.5581,8.935e-15,2.24958e+14,8.935e-15,,0,8,5.7e-14
R1000,recon_state,dG -0.2 eV,900,LI_L2,LOCAL,BRI,BOUNDARY,ABOVE_17PCT YUAN_STRONG_REDUCTION,0.99914,0.1873,13.5581,11.0092,0.00412383,11.0092,0.00412383,0,6,-8.7e-11
R1000,recon_state,dG -0.2 eV,900,LI_L2,LOCAL,ISO_z2,INVALID,ABOVE_17PCT YUAN_STRONG_REDUCTION,0.99914,0.1873,13.5581,8.14712e-06,5572.52,8.14712e-06,,0,6,-8.7e-11
R1000,recon_state,dG -0.2 eV,900,LI_L2,LOCAL,ISO_z4,INVALID,ABOVE_17PCT YUAN_STRONG_REDUCTION,0.99914,0.1873,13.5581,6.02911e-12,7.53013e+09,6.02911e-12,,0,6,-8.7e-11
R1000,recon_state,dG -0.2 eV,900,LI_L2,LOCAL,ISO_z8,INVALID,ABOVE_17PCT YUAN_STRONG_REDUCTION,0.99914,0.1873,13.5581,3.30181e-24,1.375e+22,3.30181e-24,,0,6,-8.7e-11
A600,recon_state,dG +0 eV,900,PAB,NEUTRAL,BRI,SENSITIVITY,ABOVE_17PCT,0.684426,0.1776,13.5581,7.63124,0.296151,7.63124,0.296151,0,12,3.0e-13
A600,recon_state,dG +0 eV,900,PAB,NEUTRAL,ISO_z2,SENSITIVITY,ABOVE_17PCT,0.684426,0.1776,13.5581,0.759973,2.97379,0.759973,2.97379,0,12,3.0e-13
A600,recon_state,dG +0 eV,900,PAB,NEUTRAL,ISO_z4,INVALID,ABOVE_17PCT,0.684426,0.1776,13.5581,0.0756835,29.8612,0.0756835,,0,12,3.0e-13
A600,recon_state,dG +0 eV,900,PAB,NEUTRAL,ISO_z8,INVALID,ABOVE_17PCT,0.684426,0.1776,13.5581,0.000750597,3010.94,0.000750597,,0,12,3.0e-13
R500,recon_state,dG +0 eV,900,PAB,NEUTRAL,BRI,SENSITIVITY,ABOVE_17PCT,0.960341,0.03669,13.5581,12.5427,0.300574,12.5427,0.300574,0,12,-7.1e-15
R500,recon_state,dG +0 eV,900,PAB,NEUTRAL,ISO_z2,INVALID,ABOVE_17PCT,0.960341,0.03669,13.5581,0.0197277,191.102,0.0197277,,0,12,-7.1e-15
R500,recon_state,dG +0 eV,900,PAB,NEUTRAL,ISO_z4,INVALID,ABOVE_17PCT,0.960341,0.03669,13.5581,3.10285e-05,121501,3.10285e-05,,0,12,-7.1e-15
R500,recon_state,dG +0 eV,900,PAB,NEUTRAL,ISO_z8,INVALID,ABOVE_17PCT,0.960341,0.03669,13.5581,7.67596e-11,4.91144e+10,7.67596e-11,,0,12,-7.1e-15
R600,recon_state,dG +0 eV,900,PAB,NEUTRAL,BRI,SENSITIVITY,ABOVE_17PCT,0.991969,0.007903,13.5581,13.3429,0.293789,13.3429,0.293789,0,10,2.5e-11
R600,recon_state,dG +0 eV,900,PAB,NEUTRAL,ISO_z2,INVALID,ABOVE_17PCT,0.991969,0.007903,13.5581,0.000860497,4555.51,0.000860497,,0,10,2.5e-11
R600,recon_state,dG +0 eV,900,PAB,NEUTRAL,ISO_z4,INVALID,ABOVE_17PCT,0.991969,0.007903,13.5581,5.54944e-08,7.06378e+07,5.54944e-08,,0,10,2.5e-11
R600,recon_state,dG +0 eV,900,PAB,NEUTRAL,ISO_z8,INVALID,ABOVE_17PCT,0.991969,0.007903,13.5581,2.30806e-16,1.69839e+16,2.30806e-16,,0,10,2.5e-11
R800,recon_state,dG +0 eV,900,PAB,NEUTRAL,BRI,SENSITIVITY,ABOVE_17PCT,0.996745,0.003234,13.5581,13.4702,0.149218,13.4702,0.149218,0,10,5.7e-14
R800,recon_state,dG +0 eV,900,PAB,NEUTRAL,ISO_z2,INVALID,ABOVE_17PCT,0.996745,0.003234,13.5581,0.000142756,14079.9,0.000142756,,0,10,5.7e-14
R800,recon_state,dG +0 eV,900,PAB,NEUTRAL,ISO_z4,INVALID,ABOVE_17PCT,0.996745,0.003234,13.5581,1.51292e-09,1.32856e+09,1.51292e-09,,0,10,5.7e-14
R800,recon_state,dG +0 eV,900,PAB,NEUTRAL,ISO_z8,INVALID,ABOVE_17PCT,0.996745,0.003234,13.5581,1.69925e-19,1.18287e+19,1.69925e-19,,0,10,5.7e-14
R1000,recon_state,dG +0 eV,900,PAB,NEUTRAL,BRI,BOUNDARY,ABOVE_17PCT YUAN_STRONG_REDUCTION,0.999307,0.0006918,13.5581,13.5393,0.0033532,13.5393,0.0033532,0,8,0.0e+00
R1000,recon_state,dG +0 eV,900,PAB,NEUTRAL,ISO_z2,INVALID,ABOVE_17PCT YUAN_STRONG_REDUCTION,0.999307,0.0006918,13.5581,6.49724e-06,6987.58,6.49724e-06,,0,8,0.0e+00
R1000,recon_state,dG +0 eV,900,PAB,NEUTRAL,ISO_z4,INVALID,ABOVE_17PCT YUAN_STRONG_REDUCTION,0.999307,0.0006918,13.5581,3.11789e-12,1.45611e+10,3.11789e-12,,0,8,0.0e+00
R1000,recon_state,dG +0 eV,900,PAB,NEUTRAL,ISO_z8,INVALID,ABOVE_17PCT YUAN_STRONG_REDUCTION,0.999307,0.0006918,13.5581,7.18004e-25,6.32309e+22,7.18004e-25,,0,8,0.0e+00
A600,recon_state,dG +0 eV,900,PAB,LOCAL,BRI,SENSITIVITY,,0.0403248,9.342e-05,13.5581,0.546675,4.13408,0.546675,4.13408,0,11,7.1e-15
A600,recon_state,dG +0 eV,900,PAB,LOCAL,ISO_z2,SENSITIVITY,,0.0403248,9.342e-05,13.5581,0.503475,4.4888,0.503475,4.4888,0,11,7.1e-15
A600,recon_state,dG +0 eV,900,PAB,LOCAL,ISO_z4,SENSITIVITY,,0.0403248,9.342e-05,13.5581,0.463689,4.87396,0.463689,4.87396,0,11,7.1e-15
A600,recon_state,dG +0 eV,900,PAB,LOCAL,ISO_z8,SENSITIVITY,,0.0403248,9.342e-05,13.5581,0.3933,5.74626,0.3933,5.74626,0,11,7.1e-15
R500,recon_state,dG +0 eV,900,PAB,LOCAL,BRI,SENSITIVITY,,0.102576,0.001706,13.5581,1.38836,2.71543,1.38836,2.71543,0,10,1.4e-14
R500,recon_state,dG +0 eV,900,PAB,LOCAL,ISO_z2,SENSITIVITY,,0.102576,0.001706,13.5581,1.11814,3.37166,1.11814,3.37166,0,10,1.4e-14
R500,recon_state,dG +0 eV,900,PAB,LOCAL,ISO_z4,SENSITIVITY,,0.102576,0.001706,13.5581,0.900519,4.18647,0.900519,4.18647,0,10,1.4e-14
R500,recon_state,dG +0 eV,900,PAB,LOCAL,ISO_z8,SENSITIVITY,,0.102576,0.001706,13.5581,0.584095,6.45443,0.584095,6.45443,0,10,1.4e-14
R600,recon_state,dG +0 eV,900,PAB,LOCAL,BRI,SENSITIVITY,ABOVE_17PCT,0.224058,0.02151,13.5581,2.97244,1.31878,2.97244,1.31878,0,9,4.3e-14
R600,recon_state,dG +0 eV,900,PAB,LOCAL,ISO_z2,SENSITIVITY,ABOVE_17PCT,0.224058,0.02151,13.5581,1.78967,2.19035,1.78967,2.19035,0,9,4.3e-14
R600,recon_state,dG +0 eV,900,PAB,LOCAL,ISO_z4,SENSITIVITY,ABOVE_17PCT,0.224058,0.02151,13.5581,1.07753,3.63795,1.07753,3.63795,0,9,4.3e-14
R600,recon_state,dG +0 eV,900,PAB,LOCAL,ISO_z8,SENSITIVITY,ABOVE_17PCT,0.224058,0.02151,13.5581,0.390612,10.0355,0.390612,10.0355,0,9,4.3e-14
R800,recon_state,dG +0 eV,900,PAB,LOCAL,BRI,SENSITIVITY,ABOVE_17PCT,0.380354,0.1136,13.5581,4.57096,0.439732,4.57096,0.439732,0,8,-8.5e-14
R800,recon_state,dG +0 eV,900,PAB,LOCAL,ISO_z2,SENSITIVITY,ABOVE_17PCT,0.380354,0.1136,13.5581,1.75507,1.14525,1.75507,1.14525,0,8,-8.5e-14
R800,recon_state,dG +0 eV,900,PAB,LOCAL,ISO_z4,SENSITIVITY,ABOVE_17PCT,0.380354,0.1136,13.5581,0.673879,2.98273,0.673879,2.98273,0,8,-8.5e-14
R800,recon_state,dG +0 eV,900,PAB,LOCAL,ISO_z8,INVALID,ABOVE_17PCT,0.380354,0.1136,13.5581,0.0993473,20.2321,0.0993473,,0,8,-8.5e-14
R1000,recon_state,dG +0 eV,900,PAB,LOCAL,BRI,BOUNDARY,ABOVE_17PCT YUAN_STRONG_REDUCTION,0.794827,0.5511,13.5581,4.83801,0.00938403,4.83801,0.00938403,0,6,-5.5e-11
R1000,recon_state,dG +0 eV,900,PAB,LOCAL,ISO_z2,BOUNDARY,ABOVE_17PCT YUAN_STRONG_REDUCTION,0.794827,0.5511,13.5581,0.20366,0.222921,0.20366,0.222921,0,6,-5.5e-11
R1000,recon_state,dG +0 eV,900,PAB,LOCAL,ISO_z4,INVALID,ABOVE_17PCT YUAN_STRONG_REDUCTION,0.794827,0.5511,13.5581,0.00857321,5.29557,0.00857321,,0,6,-5.5e-11
R1000,recon_state,dG +0 eV,900,PAB,LOCAL,ISO_z8,INVALID,ABOVE_17PCT YUAN_STRONG_REDUCTION,0.794827,0.5511,13.5581,1.51922e-05,2988.38,1.51922e-05,,0,6,-5.5e-11
A600,recon_state,dG +0 eV,900,HAM,NEUTRAL,BRI,SENSITIVITY,ABOVE_17PCT,0.936803,0.05589,13.5581,11.9913,0.18847,11.9913,0.18847,0,13,0.0e+00
A600,recon_state,dG +0 eV,900,HAM,NEUTRAL,ISO_z2,INVALID,ABOVE_17PCT,0.936803,0.05589,13.5581,0.0478909,47.1905,0.0478909,,0,13,0.0e+00
A600,recon_state,dG +0 eV,900,HAM,NEUTRAL,ISO_z4,INVALID,ABOVE_17PCT,0.936803,0.05589,13.5581,0.000191267,11815.9,0.000191267,,0,13,0.0e+00
A600,recon_state,dG +0 eV,900,HAM,NEUTRAL,ISO_z8,INVALID,ABOVE_17PCT,0.936803,0.05589,13.5581,3.05079e-09,7.40791e+08,3.05079e-09,,0,13,0.0e+00
R500,recon_state,dG +0 eV,900,HAM,NEUTRAL,BRI,SENSITIVITY,ABOVE_17PCT,0.999739,0.0002606,13.5581,13.551,0.278208,13.551,0.278208,0,12,5.7e-14
R500,recon_state,dG +0 eV,900,HAM,NEUTRAL,ISO_z2,INVALID,ABOVE_17PCT,0.999739,0.0002606,13.5581,9.21057e-07,4.09312e+06,9.21057e-07,,0,12,5.7e-14
R500,recon_state,dG +0 eV,900,HAM,NEUTRAL,ISO_z4,INVALID,ABOVE_17PCT,0.999739,0.0002606,13.5581,6.2604e-14,6.02198e+13,6.2604e-14,,0,12,5.7e-14
R500,recon_state,dG +0 eV,900,HAM,NEUTRAL,ISO_z8,INVALID,ABOVE_17PCT,0.999739,0.0002606,13.5581,2.89223e-28,1.30349e+28,2.89223e-28,,0,12,5.7e-14
R600,recon_state,dG +0 eV,900,HAM,NEUTRAL,BRI,SENSITIVITY,ABOVE_17PCT,0.99996,4.013e-05,13.5581,13.557,0.28915,13.557,0.28915,0,10,4.3e-11
R600,recon_state,dG +0 eV,900,HAM,NEUTRAL,ISO_z2,INVALID,ABOVE_17PCT,0.99996,4.013e-05,13.5581,2.18362e-08,1.79518e+08,2.18362e-08,,0,10,4.3e-11
R600,recon_state,dG +0 eV,900,HAM,NEUTRAL,ISO_z4,INVALID,ABOVE_17PCT,0.99996,4.013e-05,13.5581,3.51717e-17,1.11453e+17,3.51717e-17,,0,10,4.3e-11
R600,recon_state,dG +0 eV,900,HAM,NEUTRAL,ISO_z8,INVALID,ABOVE_17PCT,0.99996,4.013e-05,13.5581,9.12479e-35,4.29599e+34,9.12479e-35,,0,10,4.3e-11
R800,recon_state,dG +0 eV,900,HAM,NEUTRAL,BRI,SENSITIVITY,ABOVE_17PCT,0.999984,1.608e-05,13.5581,13.5576,0.148256,13.5576,0.148256,0,10,2.8e-14
R800,recon_state,dG +0 eV,900,HAM,NEUTRAL,ISO_z2,INVALID,ABOVE_17PCT,0.999984,1.608e-05,13.5581,3.5053e-09,5.73418e+08,3.5053e-09,,0,10,2.8e-14
R800,recon_state,dG +0 eV,900,HAM,NEUTRAL,ISO_z4,INVALID,ABOVE_17PCT,0.999984,1.608e-05,13.5581,9.06287e-19,2.21784e+18,9.06287e-19,,0,10,2.8e-14
R800,recon_state,dG +0 eV,900,HAM,NEUTRAL,ISO_z8,INVALID,ABOVE_17PCT,0.999984,1.608e-05,13.5581,6.05826e-38,3.31778e+37,6.05826e-38,,0,10,2.8e-14
R1000,recon_state,dG +0 eV,900,HAM,NEUTRAL,BRI,BOUNDARY,ABOVE_17PCT YUAN_STRONG_REDUCTION,0.999997,3.418e-06,13.5581,13.558,0.00334858,13.558,0.00334858,0,8,3.4e-13
R1000,recon_state,dG +0 eV,900,HAM,NEUTRAL,ISO_z2,INVALID,ABOVE_17PCT YUAN_STRONG_REDUCTION,0.999997,3.418e-06,13.5581,1.58412e-10,2.86594e+08,1.58412e-10,,0,8,3.4e-13
R1000,recon_state,dG +0 eV,900,HAM,NEUTRAL,ISO_z4,INVALID,ABOVE_17PCT YUAN_STRONG_REDUCTION,0.999997,3.418e-06,13.5581,1.85089e-21,2.45287e+19,1.85089e-21,,0,8,3.4e-13
R1000,recon_state,dG +0 eV,900,HAM,NEUTRAL,ISO_z8,INVALID,ABOVE_17PCT YUAN_STRONG_REDUCTION,0.999997,3.418e-06,13.5581,2.52679e-43,1.79675e+41,2.52679e-43,,0,8,3.4e-13
A600,recon_state,dG +0 eV,900,HAM,LOCAL,BRI,SENSITIVITY,ABOVE_17PCT,0.18844,0.008164,13.5581,2.53403,0.891861,2.53403,0.891861,0,11,-3.6e-15
A600,recon_state,dG +0 eV,900,HAM,LOCAL,ISO_z2,SENSITIVITY,ABOVE_17PCT,0.18844,0.008164,13.5581,1.66898,1.35412,1.66898,1.35412,0,11,-3.6e-15
A600,recon_state,dG +0 eV,900,HAM,LOCAL,ISO_z4,SENSITIVITY,ABOVE_17PCT,0.18844,0.008164,13.5581,1.09924,2.05596,1.09924,2.05596,0,11,-3.6e-15
A600,recon_state,dG +0 eV,900,HAM,LOCAL,ISO_z8,SENSITIVITY,ABOVE_17PCT,0.18844,0.008164,13.5581,0.476843,4.73951,0.476843,4.73951,0,11,-3.6e-15
R500,recon_state,dG +0 eV,900,HAM,LOCAL,BRI,SENSITIVITY,ABOVE_17PCT,0.421679,0.08944,13.5581,5.2058,0.724192,5.2058,0.724192,0,10,-7.1e-15
R500,recon_state,dG +0 eV,900,HAM,LOCAL,ISO_z2,SENSITIVITY,ABOVE_17PCT,0.421679,0.08944,13.5581,1.74111,2.16529,1.74111,2.16529,0,10,-7.1e-15
R500,recon_state,dG +0 eV,900,HAM,LOCAL,ISO_z4,SENSITIVITY,ABOVE_17PCT,0.421679,0.08944,13.5581,0.582321,6.4741,0.582321,6.4741,0,10,-7.1e-15
R500,recon_state,dG +0 eV,900,HAM,LOCAL,ISO_z8,INVALID,ABOVE_17PCT,0.421679,0.08944,13.5581,0.0651383,57.8768,0.0651383,,0,10,-7.1e-15
R600,recon_state,dG +0 eV,900,HAM,LOCAL,BRI,SENSITIVITY,ABOVE_17PCT,0.75957,0.2591,13.5581,7.63013,0.513753,7.63013,0.513753,0,9,5.7e-14
R600,recon_state,dG +0 eV,900,HAM,LOCAL,ISO_z2,SENSITIVITY,ABOVE_17PCT,0.75957,0.2591,13.5581,0.441072,8.88743,0.441072,8.88743,0,9,5.7e-14
R600,recon_state,dG +0 eV,900,HAM,LOCAL,ISO_z4,INVALID,ABOVE_17PCT,0.75957,0.2591,13.5581,0.0254969,153.744,0.0254969,,0,9,5.7e-14
R600,recon_state,dG +0 eV,900,HAM,LOCAL,ISO_z8,INVALID,ABOVE_17PCT,0.75957,0.2591,13.5581,8.52008e-05,46008.9,8.52008e-05,,0,9,5.7e-14
R800,recon_state,dG +0 eV,900,HAM,LOCAL,BRI,SENSITIVITY,ABOVE_17PCT,0.917555,0.298,13.5581,8.73261,0.230172,8.73261,0.230172,0,8,-2.8e-14
R800,recon_state,dG +0 eV,900,HAM,LOCAL,ISO_z2,INVALID,ABOVE_17PCT,0.917555,0.298,13.5581,0.0593572,33.8628,0.0593572,,0,8,-2.8e-14
R800,recon_state,dG +0 eV,900,HAM,LOCAL,ISO_z4,INVALID,ABOVE_17PCT,0.917555,0.298,13.5581,0.000403462,4981.88,0.000403462,,0,8,-2.8e-14
R800,recon_state,dG +0 eV,900,HAM,LOCAL,ISO_z8,INVALID,ABOVE_17PCT,0.917555,0.298,13.5581,1.86406e-08,1.07829e+08,1.86406e-08,,0,8,-2.8e-14
R1000,recon_state,dG +0 eV,900,HAM,LOCAL,BRI,BOUNDARY,ABOVE_17PCT YUAN_STRONG_REDUCTION,0.988671,0.4308,13.5581,7.62983,0.00595033,7.62983,0.00595033,0,6,-5.9e-11
R1000,recon_state,dG +0 eV,900,HAM,LOCAL,ISO_z2,INVALID,ABOVE_17PCT YUAN_STRONG_REDUCTION,0.988671,0.4308,13.5581,0.000979262,46.3615,0.000979262,,0,6,-5.9e-11
R1000,recon_state,dG +0 eV,900,HAM,LOCAL,ISO_z4,INVALID,ABOVE_17PCT YUAN_STRONG_REDUCTION,0.988671,0.4308,13.5581,1.25685e-07,361221,1.25685e-07,,0,6,-5.9e-11
R1000,recon_state,dG +0 eV,900,HAM,LOCAL,ISO_z8,INVALID,ABOVE_17PCT YUAN_STRONG_REDUCTION,0.988671,0.4308,13.5581,2.07038e-15,2.19283e+13,2.07038e-15,,0,6,-5.9e-11
A600,recon_state,dG +0 eV,900,LI_SBR1,NEUTRAL,BRI,SENSITIVITY,ABOVE_17PCT,0.979958,0.01926,13.5581,13.0304,0.17344,13.0304,0.17344,0,14,-1.8e-15
A600,recon_state,dG +0 eV,900,LI_SBR1,NEUTRAL,ISO_z2,INVALID,ABOVE_17PCT,0.979958,0.01926,13.5581,0.00523404,431.789,0.00523404,,0,14,-1.8e-15
A600,recon_state,dG +0 eV,900,LI_SBR1,NEUTRAL,ISO_z4,INVALID,ABOVE_17PCT,0.979958,0.01926,13.5581,2.1024e-06,1.07496e+06,2.1024e-06,,0,14,-1.8e-15
A600,recon_state,dG +0 eV,900,LI_SBR1,NEUTRAL,ISO_z8,INVALID,ABOVE_17PCT,0.979958,0.01926,13.5581,3.39213e-13,6.66247e+12,3.39213e-13,,0,14,-1.8e-15
R500,recon_state,dG +0 eV,900,LI_SBR1,NEUTRAL,BRI,SENSITIVITY,ABOVE_17PCT,0.99994,5.953e-05,13.5581,13.5564,0.278096,13.5564,0.278096,0,12,-7.1e-15
R500,recon_state,dG +0 eV,900,LI_SBR1,NEUTRAL,ISO_z2,INVALID,ABOVE_17PCT,0.99994,5.953e-05,13.5581,4.80607e-08,7.84425e+07,4.80607e-08,,0,12,-7.1e-15
R500,recon_state,dG +0 eV,900,LI_SBR1,NEUTRAL,ISO_z4,INVALID,ABOVE_17PCT,0.99994,5.953e-05,13.5581,1.70386e-16,2.21263e+16,1.70386e-16,,0,12,-7.1e-15
R500,recon_state,dG +0 eV,900,LI_SBR1,NEUTRAL,ISO_z8,INVALID,ABOVE_17PCT,0.99994,5.953e-05,13.5581,2.14152e-33,1.76044e+33,2.14152e-33,,0,12,-7.1e-15
R600,recon_state,dG +0 eV,900,LI_SBR1,NEUTRAL,BRI,SENSITIVITY,ABOVE_17PCT,0.99999,1.019e-05,13.5581,13.5578,0.289133,13.5578,0.289133,0,10,3.7e-11
R600,recon_state,dG +0 eV,900,LI_SBR1,NEUTRAL,ISO_z2,INVALID,ABOVE_17PCT,0.99999,1.019e-05,13.5581,1.40752e-09,2.78505e+09,1.40752e-09,,0,10,3.7e-11
R600,recon_state,dG +0 eV,900,LI_SBR1,NEUTRAL,ISO_z4,INVALID,ABOVE_17PCT,0.99999,1.019e-05,13.5581,1.46123e-19,2.68267e+19,1.46123e-19,,0,10,3.7e-11
R600,recon_state,dG +0 eV,900,LI_SBR1,NEUTRAL,ISO_z8,INVALID,ABOVE_17PCT,0.99999,1.019e-05,13.5581,1.57489e-39,2.48907e+39,1.57489e-39,,0,10,3.7e-11
R800,recon_state,dG +0 eV,900,LI_SBR1,NEUTRAL,BRI,SENSITIVITY,ABOVE_17PCT,0.999996,4.107e-06,13.5581,13.558,0.148252,13.558,0.148252,0,10,8.5e-14
R800,recon_state,dG +0 eV,900,LI_SBR1,NEUTRAL,ISO_z2,INVALID,ABOVE_17PCT,0.999996,4.107e-06,13.5581,2.28741e-10,8.78723e+09,2.28741e-10,,0,10,8.5e-14
R800,recon_state,dG +0 eV,900,LI_SBR1,NEUTRAL,ISO_z4,INVALID,ABOVE_17PCT,0.999996,4.107e-06,13.5581,3.85918e-21,5.20837e+20,3.85918e-21,,0,10,8.5e-14
R800,recon_state,dG +0 eV,900,LI_SBR1,NEUTRAL,ISO_z8,INVALID,ABOVE_17PCT,0.999996,4.107e-06,13.5581,1.09849e-42,1.82979e+42,1.09849e-42,,0,10,8.5e-14
R1000,recon_state,dG +0 eV,900,LI_SBR1,NEUTRAL,BRI,BOUNDARY,ABOVE_17PCT YUAN_STRONG_REDUCTION,0.999999,8.835e-07,13.5581,13.558,0.00334857,13.558,0.00334857,0,8,-1.1e-13
R1000,recon_state,dG +0 eV,900,LI_SBR1,NEUTRAL,ISO_z2,INVALID,ABOVE_17PCT YUAN_STRONG_REDUCTION,0.999999,8.835e-07,13.5581,1.05828e-11,4.28996e+09,1.05828e-11,,0,8,-1.1e-13
R1000,recon_state,dG +0 eV,900,LI_SBR1,NEUTRAL,ISO_z4,INVALID,ABOVE_17PCT YUAN_STRONG_REDUCTION,0.999999,8.835e-07,13.5581,8.26052e-24,5.49602e+21,8.26052e-24,,0,8,-1.1e-13
R1000,recon_state,dG +0 eV,900,LI_SBR1,NEUTRAL,ISO_z8,INVALID,ABOVE_17PCT YUAN_STRONG_REDUCTION,0.999999,8.835e-07,13.5581,5.0329e-48,9.02064e+45,5.0329e-48,,0,8,-1.1e-13
A600,recon_state,dG +0 eV,900,LI_SBR1,LOCAL,BRI,SENSITIVITY,ABOVE_17PCT,0.253027,0.02018,13.5581,3.36132,0.672356,3.36132,0.672356,0,11,1.8e-15
A600,recon_state,dG +0 eV,900,LI_SBR1,LOCAL,ISO_z2,SENSITIVITY,ABOVE_17PCT,0.253027,0.02018,13.5581,1.87551,1.20501,1.87551,1.20501,0,11,1.8e-15
A600,recon_state,dG +0 eV,900,LI_SBR1,LOCAL,ISO_z4,SENSITIVITY,ABOVE_17PCT,0.253027,0.02018,13.5581,1.04648,2.15963,1.04648,2.15963,0,11,1.8e-15
A600,recon_state,dG +0 eV,900,LI_SBR1,LOCAL,ISO_z8,SENSITIVITY,ABOVE_17PCT,0.253027,0.02018,13.5581,0.325798,6.9368,0.325798,6.9368,0,11,1.8e-15
R500,recon_state,dG +0 eV,900,LI_SBR1,LOCAL,BRI,SENSITIVITY,ABOVE_17PCT,0.555422,0.1598,13.5581,6.32705,0.595854,6.32705,0.595854,0,10,-2.1e-14
R500,recon_state,dG +0 eV,900,LI_SBR1,LOCAL,ISO_z2,SENSITIVITY,ABOVE_17PCT,0.555422,0.1598,13.5581,1.25054,3.0147,1.25054,3.0147,0,10,-2.1e-14
R500,recon_state,dG +0 eV,900,LI_SBR1,LOCAL,ISO_z4,SENSITIVITY,ABOVE_17PCT,0.555422,0.1598,13.5581,0.247169,15.2527,0.247169,15.2527,0,10,-2.1e-14
R500,recon_state,dG +0 eV,900,LI_SBR1,LOCAL,ISO_z8,INVALID,ABOVE_17PCT,0.555422,0.1598,13.5581,0.00965574,390.441,0.00965574,,0,10,-2.1e-14
R600,recon_state,dG +0 eV,900,LI_SBR1,LOCAL,BRI,SENSITIVITY,ABOVE_17PCT,0.872775,0.266,13.5581,8.68574,0.451315,8.68574,0.451315,0,9,-8.5e-14
R600,recon_state,dG +0 eV,900,LI_SBR1,LOCAL,ISO_z2,SENSITIVITY,ABOVE_17PCT,0.872775,0.266,13.5581,0.14059,27.8825,0.14059,27.8825,0,9,-8.5e-14
R600,recon_state,dG +0 eV,900,LI_SBR1,LOCAL,ISO_z4,INVALID,ABOVE_17PCT,0.872775,0.266,13.5581,0.00227564,1722.59,0.00227564,,0,9,-8.5e-14
R600,recon_state,dG +0 eV,900,LI_SBR1,LOCAL,ISO_z8,INVALID,ABOVE_17PCT,0.872775,0.266,13.5581,5.9621e-07,6.57487e+06,5.9621e-07,,0,9,-8.5e-14
R800,recon_state,dG +0 eV,900,LI_SBR1,LOCAL,BRI,SENSITIVITY,ABOVE_17PCT,0.964094,0.2348,13.5581,10.002,0.200959,10.002,0.200959,0,8,5.7e-14
R800,recon_state,dG +0 eV,900,LI_SBR1,LOCAL,ISO_z2,INVALID,ABOVE_17PCT,0.964094,0.2348,13.5581,0.012895,155.874,0.012895,,0,8,5.7e-14
R800,recon_state,dG +0 eV,900,LI_SBR1,LOCAL,ISO_z4,INVALID,ABOVE_17PCT,0.964094,0.2348,13.5581,1.66248e-05,120904,1.66248e-05,,0,8,5.7e-14
R800,recon_state,dG +0 eV,900,LI_SBR1,LOCAL,ISO_z8,INVALID,ABOVE_17PCT,0.964094,0.2348,13.5581,2.76328e-11,7.27395e+10,2.76328e-11,,0,8,5.7e-14
R1000,recon_state,dG +0 eV,900,LI_SBR1,LOCAL,BRI,BOUNDARY,ABOVE_17PCT YUAN_STRONG_REDUCTION,0.996631,0.2045,13.5581,10.7493,0.00422352,10.7493,0.00422352,0,6,-6.2e-11
R1000,recon_state,dG +0 eV,900,LI_SBR1,LOCAL,ISO_z2,INVALID,ABOVE_17PCT YUAN_STRONG_REDUCTION,0.996631,0.2045,13.5581,0.000121973,372.212,0.000121973,,0,6,-6.2e-11
R1000,recon_state,dG +0 eV,900,LI_SBR1,LOCAL,ISO_z4,INVALID,ABOVE_17PCT YUAN_STRONG_REDUCTION,0.996631,0.2045,13.5581,1.38404e-09,3.28025e+07,1.38404e-09,,0,6,-6.2e-11
R1000,recon_state,dG +0 eV,900,LI_SBR1,LOCAL,ISO_z8,INVALID,ABOVE_17PCT YUAN_STRONG_REDUCTION,0.996631,0.2045,13.5581,1.78204e-19,2.54765e+17,1.78204e-19,,0,6,-6.2e-11
A600,recon_state,dG +0 eV,900,LI_L2,NEUTRAL,BRI,SENSITIVITY,ABOVE_17PCT,0.96425,0.03332,13.5581,12.6377,0.17883,12.6377,0.17883,0,14,-1.8e-15
A600,recon_state,dG +0 eV,900,LI_L2,NEUTRAL,ISO_z2,INVALID,ABOVE_17PCT,0.96425,0.03332,13.5581,0.016152,139.921,0.016152,,0,14,-1.8e-15
A600,recon_state,dG +0 eV,900,LI_L2,NEUTRAL,ISO_z4,INVALID,ABOVE_17PCT,0.96425,0.03332,13.5581,2.06435e-05,109478,2.06435e-05,,0,14,-1.8e-15
A600,recon_state,dG +0 eV,900,LI_L2,NEUTRAL,ISO_z8,INVALID,ABOVE_17PCT,0.96425,0.03332,13.5581,3.37207e-11,6.70211e+10,3.37207e-11,,0,14,-1.8e-15
R500,recon_state,dG +0 eV,900,LI_L2,NEUTRAL,BRI,SENSITIVITY,ABOVE_17PCT,0.999431,0.0005687,13.5581,13.5426,0.27838,13.5426,0.27838,0,11,1.4e-14
R500,recon_state,dG +0 eV,900,LI_L2,NEUTRAL,ISO_z2,INVALID,ABOVE_17PCT,0.999431,0.0005687,13.5581,4.39019e-06,858734,4.39019e-06,,0,11,1.4e-14
R500,recon_state,dG +0 eV,900,LI_L2,NEUTRAL,ISO_z4,INVALID,ABOVE_17PCT,0.999431,0.0005687,13.5581,1.42319e-12,2.64898e+12,1.42319e-12,,0,11,1.4e-14
R500,recon_state,dG +0 eV,900,LI_L2,NEUTRAL,ISO_z8,INVALID,ABOVE_17PCT,0.999431,0.0005687,13.5581,1.49562e-25,2.52069e+25,1.49562e-25,,0,11,1.4e-14
R600,recon_state,dG +0 eV,900,LI_L2,NEUTRAL,BRI,SENSITIVITY,ABOVE_17PCT,0.999977,2.334e-05,13.5581,13.5574,0.28914,13.5574,0.28914,0,11,-4.3e-14
R600,recon_state,dG +0 eV,900,LI_L2,NEUTRAL,ISO_z2,INVALID,ABOVE_17PCT,0.999977,2.334e-05,13.5581,7.38475e-09,5.30824e+08,7.38475e-09,,0,11,-4.3e-14
R600,recon_state,dG +0 eV,900,LI_L2,NEUTRAL,ISO_z4,INVALID,ABOVE_17PCT,0.999977,2.334e-05,13.5581,4.02248e-18,9.74522e+17,4.02248e-18,,0,11,-4.3e-14
R600,recon_state,dG +0 eV,900,LI_L2,NEUTRAL,ISO_z8,INVALID,ABOVE_17PCT,0.999977,2.334e-05,13.5581,1.19347e-36,3.28454e+36,1.19347e-36,,0,11,-4.3e-14
R800,recon_state,dG +0 eV,900,LI_L2,NEUTRAL,BRI,SENSITIVITY,ABOVE_17PCT,0.999995,5.409e-06,13.5581,13.5579,0.148253,13.5579,0.148253,0,10,-2.8e-14
R800,recon_state,dG +0 eV,900,LI_L2,NEUTRAL,ISO_z2,INVALID,ABOVE_17PCT,0.999995,5.409e-06,13.5581,3.96707e-10,5.06672e+09,3.96707e-10,,0,10,-2.8e-14
R800,recon_state,dG +0 eV,900,LI_L2,NEUTRAL,ISO_z4,INVALID,ABOVE_17PCT,0.999995,5.409e-06,13.5581,1.16077e-20,1.73161e+20,1.16077e-20,,0,10,-2.8e-14
R800,recon_state,dG +0 eV,900,LI_L2,NEUTRAL,ISO_z8,INVALID,ABOVE_17PCT,0.999995,5.409e-06,13.5581,9.93799e-42,2.02254e+41,9.93799e-42,,0,10,-2.8e-14
R1000,recon_state,dG +0 eV,900,LI_L2,NEUTRAL,BRI,BOUNDARY,ABOVE_17PCT YUAN_STRONG_REDUCTION,0.999999,9.336e-07,13.5581,13.558,0.00334857,13.558,0.00334857,0,8,1.1e-13
R1000,recon_state,dG +0 eV,900,LI_L2,NEUTRAL,ISO_z2,INVALID,ABOVE_17PCT YUAN_STRONG_REDUCTION,0.999999,9.336e-07,13.5581,1.18175e-11,3.84177e+09,1.18175e-11,,0,8,1.1e-13
R1000,recon_state,dG +0 eV,900,LI_L2,NEUTRAL,ISO_z4,INVALID,ABOVE_17PCT YUAN_STRONG_REDUCTION,0.999999,9.336e-07,13.5581,1.03003e-23,4.40763e+21,1.03003e-23,,0,8,1.1e-13
R1000,recon_state,dG +0 eV,900,LI_L2,NEUTRAL,ISO_z8,INVALID,ABOVE_17PCT YUAN_STRONG_REDUCTION,0.999999,9.336e-07,13.5581,7.82538e-48,5.80163e+45,7.82538e-48,,0,8,1.1e-13
A600,recon_state,dG +0 eV,900,LI_L2,LOCAL,BRI,SENSITIVITY,ABOVE_17PCT,0.245769,0.01842,13.5581,3.27077,0.690968,3.27077,0.690968,0,11,-1.4e-14
A600,recon_state,dG +0 eV,900,LI_L2,LOCAL,ISO_z2,SENSITIVITY,ABOVE_17PCT,0.245769,0.01842,13.5581,1.86063,1.21465,1.86063,1.21465,0,11,-1.4e-14
A600,recon_state,dG +0 eV,900,LI_L2,LOCAL,ISO_z4,SENSITIVITY,ABOVE_17PCT,0.245769,0.01842,13.5581,1.05844,2.13521,1.05844,2.13521,0,11,-1.4e-14
A600,recon_state,dG +0 eV,900,LI_L2,LOCAL,ISO_z8,SENSITIVITY,ABOVE_17PCT,0.245769,0.01842,13.5581,0.342519,6.59817,0.342519,6.59817,0,11,-1.4e-14
R500,recon_state,dG +0 eV,900,LI_L2,LOCAL,BRI,SENSITIVITY,ABOVE_17PCT,0.541501,0.1521,13.5581,6.22534,0.605589,6.22534,0.605589,0,10,0.0e+00
R500,recon_state,dG +0 eV,900,LI_L2,LOCAL,ISO_z2,SENSITIVITY,ABOVE_17PCT,0.541501,0.1521,13.5581,1.3087,2.88072,1.3087,2.88072,0,10,0.0e+00
R500,recon_state,dG +0 eV,900,LI_L2,LOCAL,ISO_z4,SENSITIVITY,ABOVE_17PCT,0.541501,0.1521,13.5581,0.275118,13.7032,0.275118,13.7032,0,10,0.0e+00
R500,recon_state,dG +0 eV,900,LI_L2,LOCAL,ISO_z8,INVALID,ABOVE_17PCT,0.541501,0.1521,13.5581,0.0121583,310.076,0.0121583,,0,10,0.0e+00
R600,recon_state,dG +0 eV,900,LI_L2,LOCAL,BRI,SENSITIVITY,ABOVE_17PCT,0.865725,0.2642,13.5581,8.63645,0.45389,8.63645,0.45389,0,9,-8.5e-14
R600,recon_state,dG +0 eV,900,LI_L2,LOCAL,ISO_z2,SENSITIVITY,ABOVE_17PCT,0.865725,0.2642,13.5581,0.155713,25.1745,0.155713,25.1745,0,9,-8.5e-14
R600,recon_state,dG +0 eV,900,LI_L2,LOCAL,ISO_z4,INVALID,ABOVE_17PCT,0.865725,0.2642,13.5581,0.00280746,1396.28,0.00280746,,0,9,-8.5e-14
R600,recon_state,dG +0 eV,900,LI_L2,LOCAL,ISO_z8,INVALID,ABOVE_17PCT,0.865725,0.2642,13.5581,9.12625e-07,4.2953e+06,9.12625e-07,,0,9,-8.5e-14
R800,recon_state,dG +0 eV,900,LI_L2,LOCAL,BRI,SENSITIVITY,ABOVE_17PCT,0.962917,0.2292,13.5581,10.0631,0.19974,10.0631,0.19974,0,8,5.7e-14
R800,recon_state,dG +0 eV,900,LI_L2,LOCAL,ISO_z2,INVALID,ABOVE_17PCT,0.962917,0.2292,13.5581,0.0138383,145.249,0.0138383,,0,8,5.7e-14
R800,recon_state,dG +0 eV,900,LI_L2,LOCAL,ISO_z4,INVALID,ABOVE_17PCT,0.962917,0.2292,13.5581,1.90299e-05,105623,1.90299e-05,,0,8,5.7e-14
R800,recon_state,dG +0 eV,900,LI_L2,LOCAL,ISO_z8,INVALID,ABOVE_17PCT,0.962917,0.2292,13.5581,3.59865e-11,5.58542e+10,3.59865e-11,,0,8,5.7e-14
R1000,recon_state,dG +0 eV,900,LI_L2,LOCAL,BRI,BOUNDARY,ABOVE_17PCT YUAN_STRONG_REDUCTION,0.997522,0.118,13.5581,11.9285,0.00380602,11.9285,0.00380602,0,6,-8.8e-11
R1000,recon_state,dG +0 eV,900,LI_L2,LOCAL,ISO_z2,INVALID,ABOVE_17PCT YUAN_STRONG_REDUCTION,0.997522,0.118,13.5581,7.32685e-05,619.638,7.32685e-05,,0,6,-8.8e-11
R1000,recon_state,dG +0 eV,900,LI_L2,LOCAL,ISO_z4,INVALID,ABOVE_17PCT YUAN_STRONG_REDUCTION,0.997522,0.118,13.5581,4.5004e-10,1.0088e+08,4.5004e-10,,0,6,-8.8e-11
R1000,recon_state,dG +0 eV,900,LI_L2,LOCAL,ISO_z8,INVALID,ABOVE_17PCT YUAN_STRONG_REDUCTION,0.997522,0.118,13.5581,1.69792e-20,2.67386e+18,1.69792e-20,,0,6,-8.8e-11
A600,recon_state,dG +0.2 eV,900,PAB,NEUTRAL,BRI,SENSITIVITY,ABOVE_17PCT,0.670976,0.01524,13.5581,8.95852,0.252274,8.95852,0.252274,0,12,1.1e-14
A600,recon_state,dG +0.2 eV,900,PAB,NEUTRAL,ISO_z2,SENSITIVITY,ABOVE_17PCT,0.670976,0.01524,13.5581,0.969823,2.33032,0.969823,2.33032,0,12,1.1e-14
A600,recon_state,dG +0.2 eV,900,PAB,NEUTRAL,ISO_z4,INVALID,ABOVE_17PCT,0.670976,0.01524,13.5581,0.10499,21.5258,0.10499,,0,12,1.1e-14
A600,recon_state,dG +0.2 eV,900,PAB,NEUTRAL,ISO_z8,INVALID,ABOVE_17PCT,0.670976,0.01524,13.5581,0.00123044,1836.74,0.00123044,,0,12,1.1e-14
R500,recon_state,dG +0.2 eV,900,PAB,NEUTRAL,BRI,SENSITIVITY,ABOVE_17PCT,0.959833,0.002695,13.5581,12.9784,0.290482,12.9784,0.290482,0,12,0.0e+00
R500,recon_state,dG +0.2 eV,900,PAB,NEUTRAL,ISO_z2,INVALID,ABOVE_17PCT,0.959833,0.002695,13.5581,0.0209388,180.048,0.0209388,,0,12,0.0e+00
R500,recon_state,dG +0.2 eV,900,PAB,NEUTRAL,ISO_z4,INVALID,ABOVE_17PCT,0.959833,0.002695,13.5581,3.37818e-05,111599,3.37818e-05,,0,12,0.0e+00
R500,recon_state,dG +0.2 eV,900,PAB,NEUTRAL,ISO_z8,INVALID,ABOVE_17PCT,0.959833,0.002695,13.5581,8.79312e-11,4.28744e+10,8.79312e-11,,0,12,0.0e+00
R600,recon_state,dG +0.2 eV,900,PAB,NEUTRAL,BRI,SENSITIVITY,ABOVE_17PCT,0.991964,0.0005584,13.5581,13.4416,0.291632,13.4416,0.291632,0,10,2.6e-11
R600,recon_state,dG +0.2 eV,900,PAB,NEUTRAL,ISO_z2,INVALID,ABOVE_17PCT,0.991964,0.0005584,13.5581,0.000868103,4515.59,0.000868103,,0,10,2.6e-11
R600,recon_state,dG +0.2 eV,900,PAB,NEUTRAL,ISO_z4,INVALID,ABOVE_17PCT,0.991964,0.0005584,13.5581,5.6065e-08,6.99189e+07,5.6065e-08,,0,10,2.6e-11
R600,recon_state,dG +0.2 eV,900,PAB,NEUTRAL,ISO_z8,INVALID,ABOVE_17PCT,0.991964,0.0005584,13.5581,2.33847e-16,1.67631e+16,2.33847e-16,,0,10,2.6e-11
R800,recon_state,dG +0.2 eV,900,PAB,NEUTRAL,BRI,SENSITIVITY,ABOVE_17PCT,0.996744,0.0002274,13.5581,13.5108,0.148769,13.5108,0.148769,0,10,5.7e-14
R800,recon_state,dG +0.2 eV,900,PAB,NEUTRAL,ISO_z2,INVALID,ABOVE_17PCT,0.996744,0.0002274,13.5581,0.000143222,14034.2,0.000143222,,0,10,5.7e-14
R800,recon_state,dG +0.2 eV,900,PAB,NEUTRAL,ISO_z4,INVALID,ABOVE_17PCT,0.996744,0.0002274,13.5581,1.51823e-09,1.32391e+09,1.51823e-09,,0,10,5.7e-14
R800,recon_state,dG +0.2 eV,900,PAB,NEUTRAL,ISO_z8,INVALID,ABOVE_17PCT,0.996744,0.0002274,13.5581,1.70605e-19,1.17816e+19,1.70605e-19,,0,10,5.7e-14
R1000,recon_state,dG +0.2 eV,900,PAB,NEUTRAL,BRI,BOUNDARY,ABOVE_17PCT YUAN_STRONG_REDUCTION,0.999307,4.851e-05,13.5581,13.548,0.00335105,13.548,0.00335105,0,8,0.0e+00
R1000,recon_state,dG +0.2 eV,900,PAB,NEUTRAL,ISO_z2,INVALID,ABOVE_17PCT YUAN_STRONG_REDUCTION,0.999307,4.851e-05,13.5581,6.5015e-06,6983.01,6.5015e-06,,0,8,0.0e+00
R1000,recon_state,dG +0.2 eV,900,PAB,NEUTRAL,ISO_z4,INVALID,ABOVE_17PCT YUAN_STRONG_REDUCTION,0.999307,4.851e-05,13.5581,3.11998e-12,1.45514e+10,3.11998e-12,,0,8,0.0e+00
R1000,recon_state,dG +0.2 eV,900,PAB,NEUTRAL,ISO_z8,INVALID,ABOVE_17PCT YUAN_STRONG_REDUCTION,0.999307,4.851e-05,13.5581,7.18501e-25,6.31871e+22,7.18501e-25,,0,8,0.0e+00
A600,recon_state,dG +0.2 eV,900,PAB,LOCAL,BRI,SENSITIVITY,,0.0403244,6.549e-06,13.5581,0.546718,4.13376,0.546718,4.13376,0,11,-7.1e-15
A600,recon_state,dG +0.2 eV,900,PAB,LOCAL,ISO_z2,SENSITIVITY,,0.0403244,6.549e-06,13.5581,0.503514,4.48845,0.503514,4.48845,0,11,-7.1e-15
A600,recon_state,dG +0.2 eV,900,PAB,LOCAL,ISO_z4,SENSITIVITY,,0.0403244,6.549e-06,13.5581,0.463725,4.87358,0.463725,4.87358,0,11,-7.1e-15
A600,recon_state,dG +0.2 eV,900,PAB,LOCAL,ISO_z8,SENSITIVITY,,0.0403244,6.549e-06,13.5581,0.393331,5.74579,0.393331,5.74579,0,11,-7.1e-15
R500,recon_state,dG +0.2 eV,900,PAB,LOCAL,BRI,SENSITIVITY,,0.102509,0.0001199,13.5581,1.38965,2.71291,1.38965,2.71291,0,10,2.1e-14
R500,recon_state,dG +0.2 eV,900,PAB,LOCAL,ISO_z2,SENSITIVITY,,0.102509,0.0001199,13.5581,1.11935,3.36802,1.11935,3.36802,0,10,2.1e-14
R500,recon_state,dG +0.2 eV,900,PAB,LOCAL,ISO_z4,SENSITIVITY,,0.102509,0.0001199,13.5581,0.901627,4.18133,0.901627,4.18133,0,10,2.1e-14
R500,recon_state,dG +0.2 eV,900,PAB,LOCAL,ISO_z8,SENSITIVITY,,0.102509,0.0001199,13.5581,0.58499,6.44456,0.58499,6.44456,0,10,2.1e-14
R600,recon_state,dG +0.2 eV,900,PAB,LOCAL,BRI,SENSITIVITY,ABOVE_17PCT,0.22177,0.001553,13.5581,3.0021,1.30575,3.0021,1.30575,0,9,-7.1e-14
R600,recon_state,dG +0.2 eV,900,PAB,LOCAL,ISO_z2,SENSITIVITY,ABOVE_17PCT,0.22177,0.001553,13.5581,1.8182,2.15598,1.8182,2.15598,0,9,-7.1e-14
R600,recon_state,dG +0.2 eV,900,PAB,LOCAL,ISO_z4,SENSITIVITY,ABOVE_17PCT,0.22177,0.001553,13.5581,1.10118,3.55983,1.10118,3.55983,0,9,-7.1e-14
R600,recon_state,dG +0.2 eV,900,PAB,LOCAL,ISO_z8,SENSITIVITY,ABOVE_17PCT,0.22177,0.001553,13.5581,0.403914,9.70503,0.403914,9.70503,0,9,-7.1e-14
R800,recon_state,dG +0.2 eV,900,PAB,LOCAL,BRI,SENSITIVITY,ABOVE_17PCT,0.359498,0.009591,13.5581,4.82735,0.416378,4.82735,0.416378,0,8,-1.1e-13
R800,recon_state,dG +0.2 eV,900,PAB,LOCAL,ISO_z2,SENSITIVITY,ABOVE_17PCT,0.359498,0.009591,13.5581,1.98039,1.01495,1.98039,1.01495,0,8,-1.1e-13
R800,recon_state,dG +0.2 eV,900,PAB,LOCAL,ISO_z4,SENSITIVITY,ABOVE_17PCT,0.359498,0.009591,13.5581,0.812439,2.47403,0.812439,2.47403,0,8,-1.1e-13
R800,recon_state,dG +0.2 eV,900,PAB,LOCAL,ISO_z8,SENSITIVITY,ABOVE_17PCT,0.359498,0.009591,13.5581,0.136733,14.7002,0.136733,14.7002,0,8,-1.1e-13
R1000,recon_state,dG +0.2 eV,900,PAB,LOCAL,BRI,BOUNDARY,ABOVE_17PCT YUAN_STRONG_REDUCTION,0.671641,0.1816,13.5581,7.45208,0.00609226,7.45208,0.00609226,0,6,-5.2e-11
R1000,recon_state,dG +0.2 eV,900,PAB,LOCAL,ISO_z2,BOUNDARY,ABOVE_17PCT YUAN_STRONG_REDUCTION,0.671641,0.1816,13.5581,0.803481,0.0565041,0.803481,0.0565041,0,6,-5.2e-11
R1000,recon_state,dG +0.2 eV,900,PAB,LOCAL,ISO_z4,INVALID,ABOVE_17PCT YUAN_STRONG_REDUCTION,0.671641,0.1816,13.5581,0.086631,0.524062,0.086631,,0,6,-5.2e-11
R1000,recon_state,dG +0.2 eV,900,PAB,LOCAL,ISO_z8,INVALID,ABOVE_17PCT YUAN_STRONG_REDUCTION,0.671641,0.1816,13.5581,0.00100709,45.0803,0.00100709,,0,6,-5.2e-11
A600,recon_state,dG +0.2 eV,900,HAM,NEUTRAL,BRI,SENSITIVITY,ABOVE_17PCT,0.926027,0.004778,13.5581,12.4951,0.18087,12.4951,0.18087,0,13,1.8e-15
A600,recon_state,dG +0.2 eV,900,HAM,NEUTRAL,ISO_z2,INVALID,ABOVE_17PCT,0.926027,0.004778,13.5581,0.0683737,33.0536,0.0683737,,0,13,1.8e-15
A600,recon_state,dG +0.2 eV,900,HAM,NEUTRAL,ISO_z4,INVALID,ABOVE_17PCT,0.926027,0.004778,13.5581,0.000374143,6040.47,0.000374143,,0,13,1.8e-15
A600,recon_state,dG +0.2 eV,900,HAM,NEUTRAL,ISO_z8,INVALID,ABOVE_17PCT,0.926027,0.004778,13.5581,1.1203e-08,2.01732e+08,1.1203e-08,,0,13,1.8e-15
R500,recon_state,dG +0.2 eV,900,HAM,NEUTRAL,BRI,SENSITIVITY,ABOVE_17PCT,0.999739,1.827e-05,13.5581,13.5543,0.278141,13.5543,0.278141,0,12,7.8e-14
R500,recon_state,dG +0.2 eV,900,HAM,NEUTRAL,ISO_z2,INVALID,ABOVE_17PCT,0.999739,1.827e-05,13.5581,9.21557e-07,4.0909e+06,9.21557e-07,,0,12,7.8e-14
R500,recon_state,dG +0.2 eV,900,HAM,NEUTRAL,ISO_z4,INVALID,ABOVE_17PCT,0.999739,1.827e-05,13.5581,6.26568e-14,6.0169e+13,6.26568e-14,,0,12,7.8e-14
R500,recon_state,dG +0.2 eV,900,HAM,NEUTRAL,ISO_z8,INVALID,ABOVE_17PCT,0.999739,1.827e-05,13.5581,2.89641e-28,1.30161e+28,2.89641e-28,,0,12,7.8e-14
R600,recon_state,dG +0.2 eV,900,HAM,NEUTRAL,BRI,SENSITIVITY,ABOVE_17PCT,0.99996,2.813e-06,13.5581,13.5575,0.289139,13.5575,0.289139,0,10,4.3e-11
R600,recon_state,dG +0.2 eV,900,HAM,NEUTRAL,ISO_z2,INVALID,ABOVE_17PCT,0.99996,2.813e-06,13.5581,2.18372e-08,1.7951e+08,2.18372e-08,,0,10,4.3e-11
R600,recon_state,dG +0.2 eV,900,HAM,NEUTRAL,ISO_z4,INVALID,ABOVE_17PCT,0.99996,2.813e-06,13.5581,3.51735e-17,1.11448e+17,3.51735e-17,,0,10,4.3e-11
R600,recon_state,dG +0.2 eV,900,HAM,NEUTRAL,ISO_z8,INVALID,ABOVE_17PCT,0.99996,2.813e-06,13.5581,9.12541e-35,4.2957e+34,9.12541e-35,,0,10,4.3e-11
R800,recon_state,dG +0.2 eV,900,HAM,NEUTRAL,BRI,SENSITIVITY,ABOVE_17PCT,0.999984,1.127e-06,13.5581,13.5578,0.148254,13.5578,0.148254,0,10,2.8e-14
R800,recon_state,dG +0.2 eV,900,HAM,NEUTRAL,ISO_z2,INVALID,ABOVE_17PCT,0.999984,1.127e-06,13.5581,3.50535e-09,5.73409e+08,3.50535e-09,,0,10,2.8e-14
R800,recon_state,dG +0.2 eV,900,HAM,NEUTRAL,ISO_z4,INVALID,ABOVE_17PCT,0.999984,1.127e-06,13.5581,9.06303e-19,2.2178e+18,9.06303e-19,,0,10,2.8e-14
R800,recon_state,dG +0.2 eV,900,HAM,NEUTRAL,ISO_z8,INVALID,ABOVE_17PCT,0.999984,1.127e-06,13.5581,6.05838e-38,3.31772e+37,6.05838e-38,,0,10,2.8e-14
R1000,recon_state,dG +0.2 eV,900,HAM,NEUTRAL,BRI,BOUNDARY,ABOVE_17PCT YUAN_STRONG_REDUCTION,0.999997,2.396e-07,13.5581,13.558,0.00334857,13.558,0.00334857,0,8,2.3e-13
R1000,recon_state,dG +0.2 eV,900,HAM,NEUTRAL,ISO_z2,INVALID,ABOVE_17PCT YUAN_STRONG_REDUCTION,0.999997,2.396e-07,13.5581,1.58413e-10,2.86593e+08,1.58413e-10,,0,8,2.3e-13
R1000,recon_state,dG +0.2 eV,900,HAM,NEUTRAL,ISO_z4,INVALID,ABOVE_17PCT YUAN_STRONG_REDUCTION,0.999997,2.396e-07,13.5581,1.8509e-21,2.45286e+19,1.8509e-21,,0,8,2.3e-13
R1000,recon_state,dG +0.2 eV,900,HAM,NEUTRAL,ISO_z8,INVALID,ABOVE_17PCT YUAN_STRONG_REDUCTION,0.999997,2.396e-07,13.5581,2.5268e-43,1.79674e+41,2.5268e-43,,0,8,2.3e-13
A600,recon_state,dG +0.2 eV,900,HAM,LOCAL,BRI,SENSITIVITY,ABOVE_17PCT,0.188023,0.0005831,13.5581,2.54774,0.887062,2.54774,0.887062,0,11,1.1e-14
A600,recon_state,dG +0.2 eV,900,HAM,LOCAL,ISO_z2,SENSITIVITY,ABOVE_17PCT,0.188023,0.0005831,13.5581,1.67974,1.34545,1.67974,1.34545,0,11,1.1e-14
A600,recon_state,dG +0.2 eV,900,HAM,LOCAL,ISO_z4,SENSITIVITY,ABOVE_17PCT,0.188023,0.0005831,13.5581,1.10747,2.0407,1.10747,2.0407,0,11,1.1e-14
A600,recon_state,dG +0.2 eV,900,HAM,LOCAL,ISO_z8,SENSITIVITY,ABOVE_17PCT,0.188023,0.0005831,13.5581,0.4814,4.69465,0.4814,4.69465,0,11,1.1e-14
R500,recon_state,dG +0.2 eV,900,HAM,LOCAL,BRI,SENSITIVITY,ABOVE_17PCT,0.401484,0.007579,13.5581,5.40209,0.697878,5.40209,0.697878,0,10,-7.1e-15
R500,recon_state,dG +0.2 eV,900,HAM,LOCAL,ISO_z2,SENSITIVITY,ABOVE_17PCT,0.401484,0.007579,13.5581,1.93515,1.94817,1.93515,1.94817,0,10,-7.1e-15
R500,recon_state,dG +0.2 eV,900,HAM,LOCAL,ISO_z4,SENSITIVITY,ABOVE_17PCT,0.401484,0.007579,13.5581,0.693211,5.43846,0.693211,5.43846,0,10,-7.1e-15
R500,recon_state,dG +0.2 eV,900,HAM,LOCAL,ISO_z8,INVALID,ABOVE_17PCT,0.401484,0.007579,13.5581,0.0889549,42.381,0.0889549,,0,10,-7.1e-15
R600,recon_state,dG +0.2 eV,900,HAM,LOCAL,BRI,SENSITIVITY,ABOVE_17PCT,0.660775,0.04751,13.5581,8.53318,0.459383,8.53318,0.459383,0,9,5.7e-14
R600,recon_state,dG +0.2 eV,900,HAM,LOCAL,ISO_z2,SENSITIVITY,ABOVE_17PCT,0.660775,0.04751,13.5581,0.981945,3.99208,0.981945,3.99208,0,9,5.7e-14
R600,recon_state,dG +0.2 eV,900,HAM,LOCAL,ISO_z4,INVALID,ABOVE_17PCT,0.660775,0.04751,13.5581,0.112996,34.6915,0.112996,,0,9,5.7e-14
R600,recon_state,dG +0.2 eV,900,HAM,LOCAL,ISO_z8,INVALID,ABOVE_17PCT,0.660775,0.04751,13.5581,0.00149629,2619.82,0.00149629,,0,9,5.7e-14
R800,recon_state,dG +0.2 eV,900,HAM,LOCAL,BRI,SENSITIVITY,ABOVE_17PCT,0.83693,0.1047,13.5581,10.1586,0.197863,10.1586,0.197863,0,8,-8.5e-14
R800,recon_state,dG +0.2 eV,900,HAM,LOCAL,ISO_z2,SENSITIVITY,ABOVE_17PCT,0.83693,0.1047,13.5581,0.270136,7.44069,0.270136,7.44069,0,8,-8.5e-14
R800,recon_state,dG +0.2 eV,900,HAM,LOCAL,ISO_z4,INVALID,ABOVE_17PCT,0.83693,0.1047,13.5581,0.00718346,279.809,0.00718346,,0,8,-8.5e-14
R800,recon_state,dG +0.2 eV,900,HAM,LOCAL,ISO_z8,INVALID,ABOVE_17PCT,0.83693,0.1047,13.5581,5.07967e-06,395695,5.07967e-06,,0,8,-8.5e-14
R1000,recon_state,dG +0.2 eV,900,HAM,LOCAL,BRI,BOUNDARY,ABOVE_17PCT YUAN_STRONG_REDUCTION,0.973595,0.2244,13.5581,10.2382,0.00443437,10.2382,0.00443437,0,6,-5.9e-11
R1000,recon_state,dG +0.2 eV,900,HAM,LOCAL,ISO_z2,INVALID,ABOVE_17PCT YUAN_STRONG_REDUCTION,0.973595,0.2244,13.5581,0.00713838,6.35999,0.00713838,,0,6,-5.9e-11
R1000,recon_state,dG +0.2 eV,900,HAM,LOCAL,ISO_z4,INVALID,ABOVE_17PCT YUAN_STRONG_REDUCTION,0.973595,0.2244,13.5581,4.97709e-06,9121.79,4.97709e-06,,0,6,-5.9e-11
R1000,recon_state,dG +0.2 eV,900,HAM,LOCAL,ISO_z8,INVALID,ABOVE_17PCT YUAN_STRONG_REDUCTION,0.973595,0.2244,13.5581,2.41951e-12,1.87641e+10,2.41951e-12,,0,6,-5.9e-11
A600,recon_state,dG +0.2 eV,900,LI_SBR1,NEUTRAL,BRI,SENSITIVITY,ABOVE_17PCT,0.97545,0.001675,13.5581,13.2031,0.171173,13.2031,0.171173,0,14,-2.7e-13
A600,recon_state,dG +0.2 eV,900,LI_SBR1,NEUTRAL,ISO_z2,INVALID,ABOVE_17PCT,0.97545,0.001675,13.5581,0.00795757,284.006,0.00795757,,0,14,-2.7e-13
A600,recon_state,dG +0.2 eV,900,LI_SBR1,NEUTRAL,ISO_z4,INVALID,ABOVE_17PCT,0.97545,0.001675,13.5581,4.79608e-06,471218,4.79608e-06,,0,14,-2.7e-13
A600,recon_state,dG +0.2 eV,900,LI_SBR1,NEUTRAL,ISO_z8,INVALID,ABOVE_17PCT,0.97545,0.001675,13.5581,1.7422e-12,1.29721e+12,1.7422e-12,,0,14,-2.7e-13
R500,recon_state,dG +0.2 eV,900,LI_SBR1,NEUTRAL,BRI,SENSITIVITY,ABOVE_17PCT,0.99994,4.173e-06,13.5581,13.5572,0.278081,13.5572,0.278081,0,12,2.1e-14
R500,recon_state,dG +0.2 eV,900,LI_SBR1,NEUTRAL,ISO_z2,INVALID,ABOVE_17PCT,0.99994,4.173e-06,13.5581,4.80661e-08,7.84337e+07,4.80661e-08,,0,12,2.1e-14
R500,recon_state,dG +0.2 eV,900,LI_SBR1,NEUTRAL,ISO_z4,INVALID,ABOVE_17PCT,0.99994,4.173e-06,13.5581,1.70415e-16,2.21225e+16,1.70415e-16,,0,12,2.1e-14
R500,recon_state,dG +0.2 eV,900,LI_SBR1,NEUTRAL,ISO_z8,INVALID,ABOVE_17PCT,0.99994,4.173e-06,13.5581,2.14213e-33,1.75993e+33,2.14213e-33,,0,12,2.1e-14
R600,recon_state,dG +0.2 eV,900,LI_SBR1,NEUTRAL,BRI,SENSITIVITY,ABOVE_17PCT,0.99999,7.141e-07,13.5581,13.5579,0.28913,13.5579,0.28913,0,10,3.7e-11
R600,recon_state,dG +0.2 eV,900,LI_SBR1,NEUTRAL,ISO_z2,INVALID,ABOVE_17PCT,0.99999,7.141e-07,13.5581,1.40753e-09,2.78501e+09,1.40753e-09,,0,10,3.7e-11
R600,recon_state,dG +0.2 eV,900,LI_SBR1,NEUTRAL,ISO_z4,INVALID,ABOVE_17PCT,0.99999,7.141e-07,13.5581,1.46125e-19,2.68263e+19,1.46125e-19,,0,10,3.7e-11
R600,recon_state,dG +0.2 eV,900,LI_SBR1,NEUTRAL,ISO_z8,INVALID,ABOVE_17PCT,0.99999,7.141e-07,13.5581,1.57491e-39,2.48903e+39,1.57491e-39,,0,10,3.7e-11
R800,recon_state,dG +0.2 eV,900,LI_SBR1,NEUTRAL,BRI,SENSITIVITY,ABOVE_17PCT,0.999996,2.879e-07,13.5581,13.558,0.148252,13.558,0.148252,0,10,2.8e-14
R800,recon_state,dG +0.2 eV,900,LI_SBR1,NEUTRAL,ISO_z2,INVALID,ABOVE_17PCT,0.999996,2.879e-07,13.5581,2.28742e-10,8.78719e+09,2.28742e-10,,0,10,2.8e-14
R800,recon_state,dG +0.2 eV,900,LI_SBR1,NEUTRAL,ISO_z4,INVALID,ABOVE_17PCT,0.999996,2.879e-07,13.5581,3.85919e-21,5.20834e+20,3.85919e-21,,0,10,2.8e-14
R800,recon_state,dG +0.2 eV,900,LI_SBR1,NEUTRAL,ISO_z8,INVALID,ABOVE_17PCT,0.999996,2.879e-07,13.5581,1.09849e-42,1.82978e+42,1.09849e-42,,0,10,2.8e-14
R1000,recon_state,dG +0.2 eV,900,LI_SBR1,NEUTRAL,BRI,BOUNDARY,ABOVE_17PCT YUAN_STRONG_REDUCTION,0.999999,6.192e-08,13.5581,13.558,0.00334856,13.558,0.00334856,0,8,-1.1e-13
R1000,recon_state,dG +0.2 eV,900,LI_SBR1,NEUTRAL,ISO_z2,INVALID,ABOVE_17PCT YUAN_STRONG_REDUCTION,0.999999,6.192e-08,13.5581,1.05828e-11,4.28996e+09,1.05828e-11,,0,8,-1.1e-13
R1000,recon_state,dG +0.2 eV,900,LI_SBR1,NEUTRAL,ISO_z4,INVALID,ABOVE_17PCT YUAN_STRONG_REDUCTION,0.999999,6.192e-08,13.5581,8.26053e-24,5.49601e+21,8.26053e-24,,0,8,-1.1e-13
R1000,recon_state,dG +0.2 eV,900,LI_SBR1,NEUTRAL,ISO_z8,INVALID,ABOVE_17PCT YUAN_STRONG_REDUCTION,0.999999,6.192e-08,13.5581,5.03291e-48,9.02063e+45,5.03291e-48,,0,8,-1.1e-13
A600,recon_state,dG +0.2 eV,900,LI_SBR1,LOCAL,BRI,SENSITIVITY,ABOVE_17PCT,0.251445,0.001485,13.5581,3.40405,0.663915,3.40405,0.663915,0,11,0.0e+00
A600,recon_state,dG +0.2 eV,900,LI_SBR1,LOCAL,ISO_z2,SENSITIVITY,ABOVE_17PCT,0.251445,0.001485,13.5581,1.90741,1.18486,1.90741,1.18486,0,11,0.0e+00
A600,recon_state,dG +0.2 eV,900,LI_SBR1,LOCAL,ISO_z4,SENSITIVITY,ABOVE_17PCT,0.251445,0.001485,13.5581,1.06878,2.11455,1.06878,2.11455,0,11,0.0e+00
A600,recon_state,dG +0.2 eV,900,LI_SBR1,LOCAL,ISO_z8,SENSITIVITY,ABOVE_17PCT,0.251445,0.001485,13.5581,0.335571,6.73479,0.335571,6.73479,0,11,0.0e+00
R500,recon_state,dG +0.2 eV,900,LI_SBR1,LOCAL,BRI,SENSITIVITY,ABOVE_17PCT,0.506689,0.01705,13.5581,6.75262,0.558302,6.75262,0.558302,0,10,-3.6e-14
R500,recon_state,dG +0.2 eV,900,LI_SBR1,LOCAL,ISO_z2,SENSITIVITY,ABOVE_17PCT,0.506689,0.01705,13.5581,1.64329,2.29418,1.64329,2.29418,0,10,-3.6e-14
R500,recon_state,dG +0.2 eV,900,LI_SBR1,LOCAL,ISO_z4,SENSITIVITY,ABOVE_17PCT,0.506689,0.01705,13.5581,0.399904,9.42725,0.399904,9.42725,0,10,-3.6e-14
R500,recon_state,dG +0.2 eV,900,LI_SBR1,LOCAL,ISO_z8,INVALID,ABOVE_17PCT,0.506689,0.01705,13.5581,0.0236832,159.185,0.0236832,,0,10,-3.6e-14
R600,recon_state,dG +0.2 eV,900,LI_SBR1,LOCAL,BRI,SENSITIVITY,ABOVE_17PCT,0.775037,0.07424,13.5581,9.72784,0.402967,9.72784,0.402967,0,9,0.0e+00
R600,recon_state,dG +0.2 eV,900,LI_SBR1,LOCAL,ISO_z2,SENSITIVITY,ABOVE_17PCT,0.775037,0.07424,13.5581,0.492309,7.96248,0.492309,7.96248,0,9,0.0e+00
R600,recon_state,dG +0.2 eV,900,LI_SBR1,LOCAL,ISO_z4,INVALID,ABOVE_17PCT,0.775037,0.07424,13.5581,0.0249149,157.335,0.0249149,,0,9,0.0e+00
R600,recon_state,dG +0.2 eV,900,LI_SBR1,LOCAL,ISO_z8,INVALID,ABOVE_17PCT,0.775037,0.07424,13.5581,6.3812e-05,61430.4,6.3812e-05,,0,9,0.0e+00
R800,recon_state,dG +0.2 eV,900,LI_SBR1,LOCAL,BRI,SENSITIVITY,ABOVE_17PCT,0.915757,0.1056,13.5581,11.1045,0.181008,11.1045,0.181008,0,8,0.0e+00
R800,recon_state,dG +0.2 eV,900,LI_SBR1,LOCAL,ISO_z2,INVALID,ABOVE_17PCT,0.915757,0.1056,13.5581,0.0788081,25.505,0.0788081,,0,8,0.0e+00
R800,recon_state,dG +0.2 eV,900,LI_SBR1,LOCAL,ISO_z4,INVALID,ABOVE_17PCT,0.915757,0.1056,13.5581,0.000559299,3593.79,0.000559299,,0,8,0.0e+00
R800,recon_state,dG +0.2 eV,900,LI_SBR1,LOCAL,ISO_z8,INVALID,ABOVE_17PCT,0.915757,0.1056,13.5581,2.81702e-08,7.13521e+07,2.81702e-08,,0,8,0.0e+00
R1000,recon_state,dG +0.2 eV,900,LI_SBR1,LOCAL,BRI,BOUNDARY,ABOVE_17PCT YUAN_STRONG_REDUCTION,0.991479,0.1034,13.5581,12.0521,0.00376698,12.0521,0.00376698,0,6,-6.3e-11
R1000,recon_state,dG +0.2 eV,900,LI_SBR1,LOCAL,ISO_z2,INVALID,ABOVE_17PCT YUAN_STRONG_REDUCTION,0.991479,0.1034,13.5581,0.000875069,51.8816,0.000875069,,0,6,-6.3e-11
R1000,recon_state,dG +0.2 eV,900,LI_SBR1,LOCAL,ISO_z4,INVALID,ABOVE_17PCT YUAN_STRONG_REDUCTION,0.991479,0.1034,13.5581,6.35363e-08,714552,6.35363e-08,,0,6,-6.3e-11
R1000,recon_state,dG +0.2 eV,900,LI_SBR1,LOCAL,ISO_z8,INVALID,ABOVE_17PCT YUAN_STRONG_REDUCTION,0.991479,0.1034,13.5581,3.34952e-16,1.35542e+14,3.34952e-16,,0,6,-6.3e-11
A600,recon_state,dG +0.2 eV,900,LI_L2,NEUTRAL,BRI,SENSITIVITY,ABOVE_17PCT,0.957313,0.002856,13.5581,12.9422,0.174622,12.9422,0.174622,0,13,-2.3e-12
A600,recon_state,dG +0.2 eV,900,LI_L2,NEUTRAL,ISO_z2,INVALID,ABOVE_17PCT,0.957313,0.002856,13.5581,0.0235833,95.8304,0.0235833,,0,13,-2.3e-12
A600,recon_state,dG +0.2 eV,900,LI_L2,NEUTRAL,ISO_z4,INVALID,ABOVE_17PCT,0.957313,0.002856,13.5581,4.29735e-05,52590.6,4.29735e-05,,0,13,-2.3e-12
A600,recon_state,dG +0.2 eV,900,LI_L2,NEUTRAL,ISO_z8,INVALID,ABOVE_17PCT,0.957313,0.002856,13.5581,1.42689e-10,1.58386e+10,1.42689e-10,,0,13,-2.3e-12
R500,recon_state,dG +0.2 eV,900,LI_L2,NEUTRAL,BRI,SENSITIVITY,ABOVE_17PCT,0.99943,3.989e-05,13.5581,13.5498,0.278233,13.5498,0.278233,0,11,-2.1e-14
R500,recon_state,dG +0.2 eV,900,LI_L2,NEUTRAL,ISO_z2,INVALID,ABOVE_17PCT,0.99943,3.989e-05,13.5581,4.39471e-06,857850,4.39471e-06,,0,11,-2.1e-14
R500,recon_state,dG +0.2 eV,900,LI_L2,NEUTRAL,ISO_z4,INVALID,ABOVE_17PCT,0.99943,3.989e-05,13.5581,1.42537e-12,2.64493e+12,1.42537e-12,,0,11,-2.1e-14
R500,recon_state,dG +0.2 eV,900,LI_L2,NEUTRAL,ISO_z8,INVALID,ABOVE_17PCT,0.99943,3.989e-05,13.5581,1.49942e-25,2.51431e+25,1.49942e-25,,0,11,-2.1e-14
R600,recon_state,dG +0.2 eV,900,LI_L2,NEUTRAL,BRI,SENSITIVITY,ABOVE_17PCT,0.999977,1.636e-06,13.5581,13.5577,0.289134,13.5577,0.289134,0,11,2.8e-14
R600,recon_state,dG +0.2 eV,900,LI_L2,NEUTRAL,ISO_z2,INVALID,ABOVE_17PCT,0.999977,1.636e-06,13.5581,7.38498e-09,5.30807e+08,7.38498e-09,,0,11,2.8e-14
R600,recon_state,dG +0.2 eV,900,LI_L2,NEUTRAL,ISO_z4,INVALID,ABOVE_17PCT,0.999977,1.636e-06,13.5581,4.02264e-18,9.74483e+17,4.02264e-18,,0,11,2.8e-14
R600,recon_state,dG +0.2 eV,900,LI_L2,NEUTRAL,ISO_z8,INVALID,ABOVE_17PCT,0.999977,1.636e-06,13.5581,1.19354e-36,3.28435e+36,1.19354e-36,,0,11,2.8e-14
R800,recon_state,dG +0.2 eV,900,LI_L2,NEUTRAL,BRI,SENSITIVITY,ABOVE_17PCT,0.999995,3.791e-07,13.5581,13.558,0.148252,13.558,0.148252,0,10,2.8e-14
R800,recon_state,dG +0.2 eV,900,LI_L2,NEUTRAL,ISO_z2,INVALID,ABOVE_17PCT,0.999995,3.791e-07,13.5581,3.96709e-10,5.06669e+09,3.96709e-10,,0,10,2.8e-14
R800,recon_state,dG +0.2 eV,900,LI_L2,NEUTRAL,ISO_z4,INVALID,ABOVE_17PCT,0.999995,3.791e-07,13.5581,1.16078e-20,1.7316e+20,1.16078e-20,,0,10,2.8e-14
R800,recon_state,dG +0.2 eV,900,LI_L2,NEUTRAL,ISO_z8,INVALID,ABOVE_17PCT,0.999995,3.791e-07,13.5581,9.93806e-42,2.02253e+41,9.93806e-42,,0,10,2.8e-14
R1000,recon_state,dG +0.2 eV,900,LI_L2,NEUTRAL,BRI,BOUNDARY,ABOVE_17PCT YUAN_STRONG_REDUCTION,0.999999,6.543e-08,13.5581,13.558,0.00334856,13.558,0.00334856,0,8,-2.3e-13
R1000,recon_state,dG +0.2 eV,900,LI_L2,NEUTRAL,ISO_z2,INVALID,ABOVE_17PCT YUAN_STRONG_REDUCTION,0.999999,6.543e-08,13.5581,1.18175e-11,3.84177e+09,1.18175e-11,,0,8,-2.3e-13
R1000,recon_state,dG +0.2 eV,900,LI_L2,NEUTRAL,ISO_z4,INVALID,ABOVE_17PCT YUAN_STRONG_REDUCTION,0.999999,6.543e-08,13.5581,1.03003e-23,4.40762e+21,1.03003e-23,,0,8,-2.3e-13
R1000,recon_state,dG +0.2 eV,900,LI_L2,NEUTRAL,ISO_z8,INVALID,ABOVE_17PCT YUAN_STRONG_REDUCTION,0.999999,6.543e-08,13.5581,7.82539e-48,5.80163e+45,7.82539e-48,,0,8,-2.3e-13
A600,recon_state,dG +0.2 eV,900,LI_L2,LOCAL,BRI,SENSITIVITY,ABOVE_17PCT,0.244384,0.001349,13.5581,3.3089,0.683007,3.3089,0.683007,0,11,8.9e-15
A600,recon_state,dG +0.2 eV,900,LI_L2,LOCAL,ISO_z2,SENSITIVITY,ABOVE_17PCT,0.244384,0.001349,13.5581,1.88924,1.19625,1.88924,1.19625,0,11,8.9e-15
A600,recon_state,dG +0.2 eV,900,LI_L2,LOCAL,ISO_z4,SENSITIVITY,ABOVE_17PCT,0.244384,0.001349,13.5581,1.07867,2.09517,1.07867,2.09517,0,11,8.9e-15
A600,recon_state,dG +0.2 eV,900,LI_L2,LOCAL,ISO_z8,SENSITIVITY,ABOVE_17PCT,0.244384,0.001349,13.5581,0.351637,6.42709,0.351637,6.42709,0,11,8.9e-15
R500,recon_state,dG +0.2 eV,900,LI_L2,LOCAL,BRI,SENSITIVITY,ABOVE_17PCT,0.496229,0.01575,13.5581,6.62192,0.569321,6.62192,0.569321,0,10,4.3e-14
R500,recon_state,dG +0.2 eV,900,LI_L2,LOCAL,ISO_z2,SENSITIVITY,ABOVE_17PCT,0.496229,0.01575,13.5581,1.68055,2.24331,1.68055,2.24331,0,10,4.3e-14
R500,recon_state,dG +0.2 eV,900,LI_L2,LOCAL,ISO_z4,SENSITIVITY,ABOVE_17PCT,0.496229,0.01575,13.5581,0.426499,8.8394,0.426499,8.8394,0,10,4.3e-14
R500,recon_state,dG +0.2 eV,900,LI_L2,LOCAL,ISO_z8,INVALID,ABOVE_17PCT,0.496229,0.01575,13.5581,0.0274696,137.243,0.0274696,,0,10,4.3e-14
R600,recon_state,dG +0.2 eV,900,LI_L2,LOCAL,BRI,SENSITIVITY,ABOVE_17PCT,0.766591,0.07137,13.5581,9.65172,0.406145,9.65172,0.406145,0,9,4.3e-14
R600,recon_state,dG +0.2 eV,900,LI_L2,LOCAL,ISO_z2,SENSITIVITY,ABOVE_17PCT,0.766591,0.07137,13.5581,0.525824,7.45497,0.525824,7.45497,0,9,4.3e-14
R600,recon_state,dG +0.2 eV,900,LI_L2,LOCAL,ISO_z4,INVALID,ABOVE_17PCT,0.766591,0.07137,13.5581,0.0286468,136.839,0.0286468,,0,9,4.3e-14
R600,recon_state,dG +0.2 eV,900,LI_L2,LOCAL,ISO_z8,INVALID,ABOVE_17PCT,0.766591,0.07137,13.5581,8.5025e-05,46104.1,8.5025e-05,,0,9,4.3e-14
R800,recon_state,dG +0.2 eV,900,LI_L2,LOCAL,BRI,SENSITIVITY,ABOVE_17PCT,0.912854,0.1029,13.5581,11.1028,0.181035,11.1028,0.181035,0,8,-5.7e-14
R800,recon_state,dG +0.2 eV,900,LI_L2,LOCAL,ISO_z2,INVALID,ABOVE_17PCT,0.912854,0.1029,13.5581,0.0843191,23.838,0.0843191,,0,8,-5.7e-14
R800,recon_state,dG +0.2 eV,900,LI_L2,LOCAL,ISO_z4,INVALID,ABOVE_17PCT,0.912854,0.1029,13.5581,0.000640352,3138.9,0.000640352,,0,8,-5.7e-14
R800,recon_state,dG +0.2 eV,900,LI_L2,LOCAL,ISO_z8,INVALID,ABOVE_17PCT,0.912854,0.1029,13.5581,3.69322e-08,5.44241e+07,3.69322e-08,,0,8,-5.7e-14
R1000,recon_state,dG +0.2 eV,900,LI_L2,LOCAL,BRI,BOUNDARY,ABOVE_17PCT YUAN_STRONG_REDUCTION,0.993032,0.06892,13.5581,12.5357,0.00362167,12.5357,0.00362167,0,6,-8.9e-11
R1000,recon_state,dG +0.2 eV,900,LI_L2,LOCAL,ISO_z2,INVALID,ABOVE_17PCT YUAN_STRONG_REDUCTION,0.993032,0.06892,13.5581,0.000608569,74.6012,0.000608569,,0,6,-8.9e-11
R1000,recon_state,dG +0.2 eV,900,LI_L2,LOCAL,ISO_z4,INVALID,ABOVE_17PCT YUAN_STRONG_REDUCTION,0.993032,0.06892,13.5581,2.95442e-08,1.53668e+06,2.95442e-08,,0,6,-8.9e-11
R1000,recon_state,dG +0.2 eV,900,LI_L2,LOCAL,ISO_z8,INVALID,ABOVE_17PCT YUAN_STRONG_REDUCTION,0.993032,0.06892,13.5581,6.96302e-17,6.52016e+14,6.96302e-17,,0,6,-8.9e-11
A600,recon_state,dG +0.4 eV,900,PAB,NEUTRAL,BRI,SENSITIVITY,ABOVE_17PCT,0.669876,0.001085,13.5581,9.07236,0.249108,9.07236,0.249108,0,12,5.3e-15
A600,recon_state,dG +0.4 eV,900,PAB,NEUTRAL,ISO_z2,SENSITIVITY,ABOVE_17PCT,0.669876,0.001085,13.5581,0.988725,2.28577,0.988725,2.28577,0,12,5.3e-15
A600,recon_state,dG +0.4 eV,900,PAB,NEUTRAL,ISO_z4,INVALID,ABOVE_17PCT,0.669876,0.001085,13.5581,0.107753,20.9738,0.107753,,0,12,5.3e-15
A600,recon_state,dG +0.4 eV,900,PAB,NEUTRAL,ISO_z8,INVALID,ABOVE_17PCT,0.669876,0.001085,13.5581,0.0012798,1765.91,0.0012798,,0,12,5.3e-15
R500,recon_state,dG +0.4 eV,900,PAB,NEUTRAL,BRI,SENSITIVITY,ABOVE_17PCT,0.959796,0.0001895,13.5581,13.0105,0.289766,13.0105,0.289766,0,12,-7.1e-15
R500,recon_state,dG +0.4 eV,900,PAB,NEUTRAL,ISO_z2,INVALID,ABOVE_17PCT,0.959796,0.0001895,13.5581,0.0210301,179.267,0.0210301,,0,12,-7.1e-15
R500,recon_state,dG +0.4 eV,900,PAB,NEUTRAL,ISO_z4,INVALID,ABOVE_17PCT,0.959796,0.0001895,13.5581,3.39929e-05,110905,3.39929e-05,,0,12,-7.1e-15
R500,recon_state,dG +0.4 eV,900,PAB,NEUTRAL,ISO_z8,INVALID,ABOVE_17PCT,0.959796,0.0001895,13.5581,8.88143e-11,4.24481e+10,8.88143e-11,,0,12,-7.1e-15
R600,recon_state,dG +0.4 eV,900,PAB,NEUTRAL,BRI,SENSITIVITY,ABOVE_17PCT,0.991963,3.915e-05,13.5581,13.4486,0.291481,13.4486,0.291481,0,10,2.6e-11
R600,recon_state,dG +0.4 eV,900,PAB,NEUTRAL,ISO_z2,INVALID,ABOVE_17PCT,0.991963,3.915e-05,13.5581,0.000868641,4512.79,0.000868641,,0,10,2.6e-11
R600,recon_state,dG +0.4 eV,900,PAB,NEUTRAL,ISO_z4,INVALID,ABOVE_17PCT,0.991963,3.915e-05,13.5581,5.61054e-08,6.98685e+07,5.61054e-08,,0,10,2.6e-11
R600,recon_state,dG +0.4 eV,900,PAB,NEUTRAL,ISO_z8,INVALID,ABOVE_17PCT,0.991963,3.915e-05,13.5581,2.34063e-16,1.67476e+16,2.34063e-16,,0,10,2.6e-11
R800,recon_state,dG +0.4 eV,900,PAB,NEUTRAL,BRI,SENSITIVITY,ABOVE_17PCT,0.996744,1.594e-05,13.5581,13.5137,0.148738,13.5137,0.148738,0,10,-8.5e-14
R800,recon_state,dG +0.4 eV,900,PAB,NEUTRAL,ISO_z2,INVALID,ABOVE_17PCT,0.996744,1.594e-05,13.5581,0.000143255,14030.9,0.000143255,,0,10,-8.5e-14
R800,recon_state,dG +0.4 eV,900,PAB,NEUTRAL,ISO_z4,INVALID,ABOVE_17PCT,0.996744,1.594e-05,13.5581,1.5186e-09,1.32359e+09,1.5186e-09,,0,10,-8.5e-14
R800,recon_state,dG +0.4 eV,900,PAB,NEUTRAL,ISO_z8,INVALID,ABOVE_17PCT,0.996744,1.594e-05,13.5581,1.70653e-19,1.17783e+19,1.70653e-19,,0,10,-8.5e-14
R1000,recon_state,dG +0.4 eV,900,PAB,NEUTRAL,BRI,BOUNDARY,ABOVE_17PCT YUAN_STRONG_REDUCTION,0.999307,3.4e-06,13.5581,13.5486,0.00335089,13.5486,0.00335089,0,8,0.0e+00
R1000,recon_state,dG +0.4 eV,900,PAB,NEUTRAL,ISO_z2,INVALID,ABOVE_17PCT YUAN_STRONG_REDUCTION,0.999307,3.4e-06,13.5581,6.5018e-06,6982.68,6.5018e-06,,0,8,0.0e+00
R1000,recon_state,dG +0.4 eV,900,PAB,NEUTRAL,ISO_z4,INVALID,ABOVE_17PCT YUAN_STRONG_REDUCTION,0.999307,3.4e-06,13.5581,3.12012e-12,1.45507e+10,3.12012e-12,,0,8,0.0e+00
R1000,recon_state,dG +0.4 eV,900,PAB,NEUTRAL,ISO_z8,INVALID,ABOVE_17PCT YUAN_STRONG_REDUCTION,0.999307,3.4e-06,13.5581,7.18535e-25,6.31841e+22,7.18535e-25,,0,8,0.0e+00
A600,recon_state,dG +0.4 eV,900,PAB,LOCAL,BRI,SENSITIVITY,,0.0403244,4.59e-07,13.5581,0.546721,4.13374,0.546721,4.13374,0,11,-3.6e-15
A600,recon_state,dG +0.4 eV,900,PAB,LOCAL,ISO_z2,SENSITIVITY,,0.0403244,4.59e-07,13.5581,0.503517,4.48843,0.503517,4.48843,0,11,-3.6e-15
A600,recon_state,dG +0.4 eV,900,PAB,LOCAL,ISO_z4,SENSITIVITY,,0.0403244,4.59e-07,13.5581,0.463728,4.87355,0.463728,4.87355,0,11,-3.6e-15
A600,recon_state,dG +0.4 eV,900,PAB,LOCAL,ISO_z8,SENSITIVITY,,0.0403244,4.59e-07,13.5581,0.393334,5.74576,0.393334,5.74576,0,11,-3.6e-15
R500,recon_state,dG +0.4 eV,900,PAB,LOCAL,BRI,SENSITIVITY,,0.102504,8.403e-06,13.5581,1.38974,2.71274,1.38974,2.71274,0,10,7.1e-15
R500,recon_state,dG +0.4 eV,900,PAB,LOCAL,ISO_z2,SENSITIVITY,,0.102504,8.403e-06,13.5581,1.11944,3.36777,1.11944,3.36777,0,10,7.1e-15
R500,recon_state,dG +0.4 eV,900,PAB,LOCAL,ISO_z4,SENSITIVITY,,0.102504,8.403e-06,13.5581,0.901705,4.18097,0.901705,4.18097,0,10,7.1e-15
R500,recon_state,dG +0.4 eV,900,PAB,LOCAL,ISO_z8,SENSITIVITY,,0.102504,8.403e-06,13.5581,0.585053,6.44387,0.585053,6.44387,0,10,7.1e-15
R600,recon_state,dG +0.4 eV,900,PAB,LOCAL,BRI,SENSITIVITY,ABOVE_17PCT,0.221607,0.0001091,13.5581,3.00423,1.30483,3.00423,1.30483,0,9,-8.5e-14
R600,recon_state,dG +0.4 eV,900,PAB,LOCAL,ISO_z2,SENSITIVITY,ABOVE_17PCT,0.221607,0.0001091,13.5581,1.82025,2.15355,1.82025,2.15355,0,9,-8.5e-14
R600,recon_state,dG +0.4 eV,900,PAB,LOCAL,ISO_z4,SENSITIVITY,ABOVE_17PCT,0.221607,0.0001091,13.5581,1.10288,3.55432,1.10288,3.55432,0,9,-8.5e-14
R600,recon_state,dG +0.4 eV,900,PAB,LOCAL,ISO_z8,SENSITIVITY,ABOVE_17PCT,0.221607,0.0001091,13.5581,0.40488,9.68189,0.40488,9.68189,0,9,-8.5e-14
R800,recon_state,dG +0.4 eV,900,PAB,LOCAL,BRI,SENSITIVITY,ABOVE_17PCT,0.357821,0.0006823,13.5581,4.84805,0.4146,4.84805,0.4146,0,8,2.8e-14
R800,recon_state,dG +0.4 eV,900,PAB,LOCAL,ISO_z2,SENSITIVITY,ABOVE_17PCT,0.357821,0.0006823,13.5581,1.99931,1.00535,1.99931,1.00535,0,8,2.8e-14
R800,recon_state,dG +0.4 eV,900,PAB,LOCAL,ISO_z4,SENSITIVITY,ABOVE_17PCT,0.357821,0.0006823,13.5581,0.824501,2.43784,0.824501,2.43784,0,8,2.8e-14
R800,recon_state,dG +0.4 eV,900,PAB,LOCAL,ISO_z8,SENSITIVITY,ABOVE_17PCT,0.357821,0.0006823,13.5581,0.140222,14.3344,0.140222,14.3344,0,8,2.8e-14
R1000,recon_state,dG +0.4 eV,900,PAB,LOCAL,BRI,BOUNDARY,ABOVE_17PCT YUAN_STRONG_REDUCTION,0.619796,0.0205,13.5581,8.23095,0.00551577,8.23095,0.00551577,0,6,-5.3e-11
R1000,recon_state,dG +0.4 eV,900,PAB,LOCAL,ISO_z2,BOUNDARY,ABOVE_17PCT YUAN_STRONG_REDUCTION,0.619796,0.0205,13.5581,1.18983,0.0381568,1.18983,0.0381568,0,6,-5.3e-11
R1000,recon_state,dG +0.4 eV,900,PAB,LOCAL,ISO_z4,BOUNDARY,ABOVE_17PCT YUAN_STRONG_REDUCTION,0.619796,0.0205,13.5581,0.171995,0.26396,0.171995,0.26396,0,6,-5.3e-11
R1000,recon_state,dG +0.4 eV,900,PAB,LOCAL,ISO_z8,INVALID,ABOVE_17PCT YUAN_STRONG_REDUCTION,0.619796,0.0205,13.5581,0.00359405,12.632,0.00359405,,0,6,-5.3e-11
A600,recon_state,dG +0.4 eV,900,HAM,NEUTRAL,BRI,SENSITIVITY,ABOVE_17PCT,0.925042,0.0003405,13.5581,12.5375,0.180259,12.5375,0.180259,0,13,0.0e+00
A600,recon_state,dG +0.4 eV,900,HAM,NEUTRAL,ISO_z2,INVALID,ABOVE_17PCT,0.925042,0.0003405,13.5581,0.0704452,32.0817,0.0704452,,0,13,0.0e+00
A600,recon_state,dG +0.4 eV,900,HAM,NEUTRAL,ISO_z4,INVALID,ABOVE_17PCT,0.925042,0.0003405,13.5581,0.000395815,5709.74,0.000395815,,0,13,0.0e+00
A600,recon_state,dG +0.4 eV,900,HAM,NEUTRAL,ISO_z8,INVALID,ABOVE_17PCT,0.925042,0.0003405,13.5581,1.24961e-08,1.80857e+08,1.24961e-08,,0,13,0.0e+00
R500,recon_state,dG +0.4 eV,900,HAM,NEUTRAL,BRI,SENSITIVITY,ABOVE_17PCT,0.999739,1.28e-06,13.5581,13.5545,0.278136,13.5545,0.278136,0,12,7.8e-14
R500,recon_state,dG +0.4 eV,900,HAM,NEUTRAL,ISO_z2,INVALID,ABOVE_17PCT,0.999739,1.28e-06,13.5581,9.21592e-07,4.09075e+06,9.21592e-07,,0,12,7.8e-14
R500,recon_state,dG +0.4 eV,900,HAM,NEUTRAL,ISO_z4,INVALID,ABOVE_17PCT,0.999739,1.28e-06,13.5581,6.26605e-14,6.01655e+13,6.26605e-14,,0,12,7.8e-14
R500,recon_state,dG +0.4 eV,900,HAM,NEUTRAL,ISO_z8,INVALID,ABOVE_17PCT,0.999739,1.28e-06,13.5581,2.89671e-28,1.30148e+28,2.89671e-28,,0,12,7.8e-14
R600,recon_state,dG +0.4 eV,900,HAM,NEUTRAL,BRI,SENSITIVITY,ABOVE_17PCT,0.99996,1.971e-07,13.5581,13.5575,0.289139,13.5575,0.289139,0,10,4.3e-11
R600,recon_state,dG +0.4 eV,900,HAM,NEUTRAL,ISO_z2,INVALID,ABOVE_17PCT,0.99996,1.971e-07,13.5581,2.18373e-08,1.79509e+08,2.18373e-08,,0,10,4.3e-11
R600,recon_state,dG +0.4 eV,900,HAM,NEUTRAL,ISO_z4,INVALID,ABOVE_17PCT,0.99996,1.971e-07,13.5581,3.51736e-17,1.11447e+17,3.51736e-17,,0,10,4.3e-11
R600,recon_state,dG +0.4 eV,900,HAM,NEUTRAL,ISO_z8,INVALID,ABOVE_17PCT,0.99996,1.971e-07,13.5581,9.12545e-35,4.29568e+34,9.12545e-35,,0,10,4.3e-11
R800,recon_state,dG +0.4 eV,900,HAM,NEUTRAL,BRI,SENSITIVITY,ABOVE_17PCT,0.999984,7.897e-08,13.5581,13.5578,0.148254,13.5578,0.148254,0,10,8.5e-14
R800,recon_state,dG +0.4 eV,900,HAM,NEUTRAL,ISO_z2,INVALID,ABOVE_17PCT,0.999984,7.897e-08,13.5581,3.50536e-09,5.73408e+08,3.50536e-09,,0,10,8.5e-14
R800,recon_state,dG +0.4 eV,900,HAM,NEUTRAL,ISO_z4,INVALID,ABOVE_17PCT,0.999984,7.897e-08,13.5581,9.06304e-19,2.2178e+18,9.06304e-19,,0,10,8.5e-14
R800,recon_state,dG +0.4 eV,900,HAM,NEUTRAL,ISO_z8,INVALID,ABOVE_17PCT,0.999984,7.897e-08,13.5581,6.05839e-38,3.31771e+37,6.05839e-38,,0,10,8.5e-14
R1000,recon_state,dG +0.4 eV,900,HAM,NEUTRAL,BRI,BOUNDARY,ABOVE_17PCT YUAN_STRONG_REDUCTION,0.999997,1.679e-08,13.5581,13.558,0.00334857,13.558,0.00334857,0,8,-1.1e-13
R1000,recon_state,dG +0.4 eV,900,HAM,NEUTRAL,ISO_z2,INVALID,ABOVE_17PCT YUAN_STRONG_REDUCTION,0.999997,1.679e-08,13.5581,1.58413e-10,2.86593e+08,1.58413e-10,,0,8,-1.1e-13
R1000,recon_state,dG +0.4 eV,900,HAM,NEUTRAL,ISO_z4,INVALID,ABOVE_17PCT YUAN_STRONG_REDUCTION,0.999997,1.679e-08,13.5581,1.8509e-21,2.45286e+19,1.8509e-21,,0,8,-1.1e-13
R1000,recon_state,dG +0.4 eV,900,HAM,NEUTRAL,ISO_z8,INVALID,ABOVE_17PCT YUAN_STRONG_REDUCTION,0.999997,1.679e-08,13.5581,2.5268e-43,1.79674e+41,2.5268e-43,,0,8,-1.1e-13
A600,recon_state,dG +0.4 eV,900,HAM,LOCAL,BRI,SENSITIVITY,ABOVE_17PCT,0.187993,4.092e-05,13.5581,2.54872,0.886721,2.54872,0.886721,0,11,1.8e-15
A600,recon_state,dG +0.4 eV,900,HAM,LOCAL,ISO_z2,SENSITIVITY,ABOVE_17PCT,0.187993,4.092e-05,13.5581,1.68051,1.34483,1.68051,1.34483,0,11,1.8e-15
A600,recon_state,dG +0.4 eV,900,HAM,LOCAL,ISO_z4,SENSITIVITY,ABOVE_17PCT,0.187993,4.092e-05,13.5581,1.10805,2.03961,1.10805,2.03961,0,11,1.8e-15
A600,recon_state,dG +0.4 eV,900,HAM,LOCAL,ISO_z8,SENSITIVITY,ABOVE_17PCT,0.187993,4.092e-05,13.5581,0.481725,4.69147,0.481725,4.69147,0,11,1.8e-15
R500,recon_state,dG +0.4 eV,900,HAM,LOCAL,BRI,SENSITIVITY,ABOVE_17PCT,0.399861,0.0005394,13.5581,5.41841,0.695776,5.41841,0.695776,0,10,-2.1e-14
R500,recon_state,dG +0.4 eV,900,HAM,LOCAL,ISO_z2,SENSITIVITY,ABOVE_17PCT,0.399861,0.0005394,13.5581,1.95153,1.93181,1.95153,1.93181,0,10,-2.1e-14
R500,recon_state,dG +0.4 eV,900,HAM,LOCAL,ISO_z4,SENSITIVITY,ABOVE_17PCT,0.399861,0.0005394,13.5581,0.702879,5.36366,0.702879,5.36366,0,10,-2.1e-14
R500,recon_state,dG +0.4 eV,900,HAM,LOCAL,ISO_z8,INVALID,ABOVE_17PCT,0.399861,0.0005394,13.5581,0.0911777,41.3478,0.0911777,,0,10,-2.1e-14
R600,recon_state,dG +0.4 eV,900,HAM,LOCAL,BRI,SENSITIVITY,ABOVE_17PCT,0.642548,0.003889,13.5581,8.67783,0.451726,8.67783,0.451726,0,9,0.0e+00
R600,recon_state,dG +0.4 eV,900,HAM,LOCAL,ISO_z2,SENSITIVITY,ABOVE_17PCT,0.642548,0.003889,13.5581,1.10878,3.53541,1.10878,3.53541,0,9,0.0e+00
R600,recon_state,dG +0.4 eV,900,HAM,LOCAL,ISO_z4,SENSITIVITY,ABOVE_17PCT,0.642548,0.003889,13.5581,0.141671,27.6698,0.141671,27.6698,0,9,0.0e+00
R600,recon_state,dG +0.4 eV,900,HAM,LOCAL,ISO_z8,INVALID,ABOVE_17PCT,0.642548,0.003889,13.5581,0.00231286,1694.87,0.00231286,,0,9,0.0e+00
R800,recon_state,dG +0.4 eV,900,HAM,LOCAL,BRI,SENSITIVITY,ABOVE_17PCT,0.791941,0.01323,13.5581,10.5951,0.18971,10.5951,0.18971,0,8,0.0e+00
R800,recon_state,dG +0.4 eV,900,HAM,LOCAL,ISO_z2,SENSITIVITY,ABOVE_17PCT,0.791941,0.01323,13.5581,0.458646,4.38247,0.458646,4.38247,0,8,0.0e+00
R800,recon_state,dG +0.4 eV,900,HAM,LOCAL,ISO_z4,INVALID,ABOVE_17PCT,0.791941,0.01323,13.5581,0.0198541,101.239,0.0198541,,0,8,0.0e+00
R800,recon_state,dG +0.4 eV,900,HAM,LOCAL,ISO_z8,INVALID,ABOVE_17PCT,0.791941,0.01323,13.5581,3.72044e-05,54025.8,3.72044e-05,,0,8,0.0e+00
R1000,recon_state,dG +0.4 eV,900,HAM,LOCAL,BRI,BOUNDARY,ABOVE_17PCT YUAN_STRONG_REDUCTION,0.943571,0.08496,13.5581,11.7061,0.00387831,11.7061,0.00387831,0,6,-6.0e-11
R1000,recon_state,dG +0.4 eV,900,HAM,LOCAL,ISO_z2,INVALID,ABOVE_17PCT YUAN_STRONG_REDUCTION,0.943571,0.08496,13.5581,0.0372747,1.21798,0.0372747,,0,6,-6.0e-11
R1000,recon_state,dG +0.4 eV,900,HAM,LOCAL,ISO_z4,INVALID,ABOVE_17PCT YUAN_STRONG_REDUCTION,0.943571,0.08496,13.5581,0.00011869,382.508,0.00011869,,0,6,-6.0e-11
R1000,recon_state,dG +0.4 eV,900,HAM,LOCAL,ISO_z8,INVALID,ABOVE_17PCT YUAN_STRONG_REDUCTION,0.943571,0.08496,13.5581,1.20342e-09,3.77257e+07,1.20342e-09,,0,6,-6.0e-11
A600,recon_state,dG +0.4 eV,900,LI_SBR1,NEUTRAL,BRI,SENSITIVITY,ABOVE_17PCT,0.975016,0.0001196,13.5581,13.2177,0.170982,13.2177,0.170982,0,14,-4.2e-13
A600,recon_state,dG +0.4 eV,900,LI_SBR1,NEUTRAL,ISO_z2,INVALID,ABOVE_17PCT,0.975016,0.0001196,13.5581,0.00825076,273.914,0.00825076,,0,14,-4.2e-13
A600,recon_state,dG +0.4 eV,900,LI_SBR1,NEUTRAL,ISO_z4,INVALID,ABOVE_17PCT,0.975016,0.0001196,13.5581,5.15028e-06,438811,5.15028e-06,,0,14,-4.2e-13
A600,recon_state,dG +0.4 eV,900,LI_SBR1,NEUTRAL,ISO_z8,INVALID,ABOVE_17PCT,0.975016,0.0001196,13.5581,2.0068e-12,1.12617e+12,2.0068e-12,,0,14,-4.2e-13
R500,recon_state,dG +0.4 eV,900,LI_SBR1,NEUTRAL,BRI,SENSITIVITY,ABOVE_17PCT,0.99994,2.924e-07,13.5581,13.5573,0.27808,13.5573,0.27808,0,12,7.1e-15
R500,recon_state,dG +0.4 eV,900,LI_SBR1,NEUTRAL,ISO_z2,INVALID,ABOVE_17PCT,0.99994,2.924e-07,13.5581,4.80665e-08,7.84331e+07,4.80665e-08,,0,12,7.1e-15
R500,recon_state,dG +0.4 eV,900,LI_SBR1,NEUTRAL,ISO_z4,INVALID,ABOVE_17PCT,0.99994,2.924e-07,13.5581,1.70417e-16,2.21222e+16,1.70417e-16,,0,12,7.1e-15
R500,recon_state,dG +0.4 eV,900,LI_SBR1,NEUTRAL,ISO_z8,INVALID,ABOVE_17PCT,0.99994,2.924e-07,13.5581,2.14217e-33,1.7599e+33,2.14217e-33,,0,12,7.1e-15
R600,recon_state,dG +0.4 eV,900,LI_SBR1,NEUTRAL,BRI,SENSITIVITY,ABOVE_17PCT,0.99999,5.004e-08,13.5581,13.5579,0.28913,13.5579,0.28913,0,10,3.7e-11
R600,recon_state,dG +0.4 eV,900,LI_SBR1,NEUTRAL,ISO_z2,INVALID,ABOVE_17PCT,0.99999,5.004e-08,13.5581,1.40753e-09,2.78501e+09,1.40753e-09,,0,10,3.7e-11
R600,recon_state,dG +0.4 eV,900,LI_SBR1,NEUTRAL,ISO_z4,INVALID,ABOVE_17PCT,0.99999,5.004e-08,13.5581,1.46125e-19,2.68263e+19,1.46125e-19,,0,10,3.7e-11
R600,recon_state,dG +0.4 eV,900,LI_SBR1,NEUTRAL,ISO_z8,INVALID,ABOVE_17PCT,0.99999,5.004e-08,13.5581,1.57491e-39,2.48902e+39,1.57491e-39,,0,10,3.7e-11
R800,recon_state,dG +0.4 eV,900,LI_SBR1,NEUTRAL,BRI,SENSITIVITY,ABOVE_17PCT,0.999996,2.017e-08,13.5581,13.558,0.148252,13.558,0.148252,0,10,-2.8e-14
R800,recon_state,dG +0.4 eV,900,LI_SBR1,NEUTRAL,ISO_z2,INVALID,ABOVE_17PCT,0.999996,2.017e-08,13.5581,2.28742e-10,8.78719e+09,2.28742e-10,,0,10,-2.8e-14
R800,recon_state,dG +0.4 eV,900,LI_SBR1,NEUTRAL,ISO_z4,INVALID,ABOVE_17PCT,0.999996,2.017e-08,13.5581,3.85919e-21,5.20834e+20,3.85919e-21,,0,10,-2.8e-14
R800,recon_state,dG +0.4 eV,900,LI_SBR1,NEUTRAL,ISO_z8,INVALID,ABOVE_17PCT,0.999996,2.017e-08,13.5581,1.09849e-42,1.82978e+42,1.09849e-42,,0,10,-2.8e-14
R1000,recon_state,dG +0.4 eV,900,LI_SBR1,NEUTRAL,BRI,BOUNDARY,ABOVE_17PCT YUAN_STRONG_REDUCTION,0.999999,4.339e-09,13.5581,13.558,0.00334856,13.558,0.00334856,0,8,0.0e+00
R1000,recon_state,dG +0.4 eV,900,LI_SBR1,NEUTRAL,ISO_z2,INVALID,ABOVE_17PCT YUAN_STRONG_REDUCTION,0.999999,4.339e-09,13.5581,1.05828e-11,4.28996e+09,1.05828e-11,,0,8,0.0e+00
R1000,recon_state,dG +0.4 eV,900,LI_SBR1,NEUTRAL,ISO_z4,INVALID,ABOVE_17PCT YUAN_STRONG_REDUCTION,0.999999,4.339e-09,13.5581,8.26053e-24,5.49601e+21,8.26053e-24,,0,8,0.0e+00
R1000,recon_state,dG +0.4 eV,900,LI_SBR1,NEUTRAL,ISO_z8,INVALID,ABOVE_17PCT YUAN_STRONG_REDUCTION,0.999999,4.339e-09,13.5581,5.03291e-48,9.02063e+45,5.03291e-48,,0,8,0.0e+00
A600,recon_state,dG +0.4 eV,900,LI_SBR1,LOCAL,BRI,SENSITIVITY,ABOVE_17PCT,0.25133,0.0001044,13.5581,3.4072,0.663302,3.4072,0.663302,0,11,1.1e-14
A600,recon_state,dG +0.4 eV,900,LI_SBR1,LOCAL,ISO_z2,SENSITIVITY,ABOVE_17PCT,0.25133,0.0001044,13.5581,1.90976,1.1834,1.90976,1.1834,0,11,1.1e-14
A600,recon_state,dG +0.4 eV,900,LI_SBR1,LOCAL,ISO_z4,SENSITIVITY,ABOVE_17PCT,0.25133,0.0001044,13.5581,1.07043,2.1113,1.07043,2.1113,0,11,1.1e-14
A600,recon_state,dG +0.4 eV,900,LI_SBR1,LOCAL,ISO_z8,SENSITIVITY,ABOVE_17PCT,0.25133,0.0001044,13.5581,0.336294,6.72031,0.336294,6.72031,0,11,1.1e-14
R500,recon_state,dG +0.4 eV,900,LI_SBR1,LOCAL,BRI,SENSITIVITY,ABOVE_17PCT,0.501884,0.001246,13.5581,6.79611,0.554729,6.79611,0.554729,0,10,2.1e-14
R500,recon_state,dG +0.4 eV,900,LI_SBR1,LOCAL,ISO_z2,SENSITIVITY,ABOVE_17PCT,0.501884,0.001246,13.5581,1.68624,2.23574,1.68624,2.23574,0,10,2.1e-14
R500,recon_state,dG +0.4 eV,900,LI_SBR1,LOCAL,ISO_z4,SENSITIVITY,ABOVE_17PCT,0.501884,0.001246,13.5581,0.418389,9.01075,0.418389,9.01075,0,10,2.1e-14
R500,recon_state,dG +0.4 eV,900,LI_SBR1,LOCAL,ISO_z8,INVALID,ABOVE_17PCT,0.501884,0.001246,13.5581,0.0257573,146.366,0.0257573,,0,10,2.1e-14
R600,recon_state,dG +0.4 eV,900,LI_SBR1,LOCAL,BRI,SENSITIVITY,ABOVE_17PCT,0.741845,0.0074,13.5581,9.98355,0.392646,9.98355,0.392646,0,9,0.0e+00
R600,recon_state,dG +0.4 eV,900,LI_SBR1,LOCAL,ISO_z2,SENSITIVITY,ABOVE_17PCT,0.741845,0.0074,13.5581,0.665345,5.89168,0.665345,5.89168,0,9,0.0e+00
R600,recon_state,dG +0.4 eV,900,LI_SBR1,LOCAL,ISO_z4,INVALID,ABOVE_17PCT,0.741845,0.0074,13.5581,0.0443414,88.405,0.0443414,,0,9,0.0e+00
R600,recon_state,dG +0.4 eV,900,LI_SBR1,LOCAL,ISO_z8,INVALID,ABOVE_17PCT,0.741845,0.0074,13.5581,0.00019694,19904.6,0.00019694,,0,9,0.0e+00
R800,recon_state,dG +0.4 eV,900,LI_SBR1,LOCAL,BRI,SENSITIVITY,ABOVE_17PCT,0.870083,0.01935,13.5581,11.5684,0.17375,11.5684,0.17375,0,8,-2.8e-14
R800,recon_state,dG +0.4 eV,900,LI_SBR1,LOCAL,ISO_z2,SENSITIVITY,ABOVE_17PCT,0.870083,0.01935,13.5581,0.195256,10.2942,0.195256,10.2942,0,8,-2.8e-14
R800,recon_state,dG +0.4 eV,900,LI_SBR1,LOCAL,ISO_z4,INVALID,ABOVE_17PCT,0.870083,0.01935,13.5581,0.00329563,609.899,0.00329563,,0,8,-2.8e-14
R800,recon_state,dG +0.4 eV,900,LI_SBR1,LOCAL,ISO_z8,INVALID,ABOVE_17PCT,0.870083,0.01935,13.5581,9.38867e-07,2.14088e+06,9.38867e-07,,0,8,-2.8e-14
R1000,recon_state,dG +0.4 eV,900,LI_SBR1,LOCAL,BRI,BOUNDARY,ABOVE_17PCT YUAN_STRONG_REDUCTION,0.97971,0.04385,13.5581,12.7005,0.00357467,12.7005,0.00357467,0,6,-6.4e-11
R1000,recon_state,dG +0.4 eV,900,LI_SBR1,LOCAL,ISO_z2,INVALID,ABOVE_17PCT YUAN_STRONG_REDUCTION,0.97971,0.04385,13.5581,0.00522867,8.68289,0.00522867,,0,6,-6.4e-11
R1000,recon_state,dG +0.4 eV,900,LI_SBR1,LOCAL,ISO_z4,INVALID,ABOVE_17PCT YUAN_STRONG_REDUCTION,0.97971,0.04385,13.5581,2.1526e-06,21090.8,2.1526e-06,,0,6,-6.4e-11
R1000,recon_state,dG +0.4 eV,900,LI_SBR1,LOCAL,ISO_z8,INVALID,ABOVE_17PCT YUAN_STRONG_REDUCTION,0.97971,0.04385,13.5581,3.64843e-13,1.24437e+11,3.64843e-13,,0,6,-6.4e-11
A600,recon_state,dG +0.4 eV,900,LI_L2,NEUTRAL,BRI,SENSITIVITY,ABOVE_17PCT,0.956661,0.0002036,13.5581,12.9678,0.174277,12.9678,0.174277,0,13,-3.4e-14
A600,recon_state,dG +0.4 eV,900,LI_L2,NEUTRAL,ISO_z2,INVALID,ABOVE_17PCT,0.956661,0.0002036,13.5581,0.0243571,92.7862,0.0243571,,0,13,-3.4e-14
A600,recon_state,dG +0.4 eV,900,LI_L2,NEUTRAL,ISO_z4,INVALID,ABOVE_17PCT,0.956661,0.0002036,13.5581,4.57492e-05,49399.8,4.57492e-05,,0,13,-3.4e-14
A600,recon_state,dG +0.4 eV,900,LI_L2,NEUTRAL,ISO_z8,INVALID,ABOVE_17PCT,0.956661,0.0002036,13.5581,1.61398e-10,1.40026e+10,1.61398e-10,,0,13,-3.4e-14
R500,recon_state,dG +0.4 eV,900,LI_L2,NEUTRAL,BRI,SENSITIVITY,ABOVE_17PCT,0.99943,2.796e-06,13.5581,13.5503,0.278223,13.5503,0.278223,0,11,0.0e+00
R500,recon_state,dG +0.4 eV,900,LI_L2,NEUTRAL,ISO_z2,INVALID,ABOVE_17PCT,0.99943,2.796e-06,13.5581,4.39503e-06,857788,4.39503e-06,,0,11,0.0e+00
R500,recon_state,dG +0.4 eV,900,LI_L2,NEUTRAL,ISO_z4,INVALID,ABOVE_17PCT,0.99943,2.796e-06,13.5581,1.42552e-12,2.64464e+12,1.42552e-12,,0,11,0.0e+00
R500,recon_state,dG +0.4 eV,900,LI_L2,NEUTRAL,ISO_z8,INVALID,ABOVE_17PCT,0.99943,2.796e-06,13.5581,1.49968e-25,2.51387e+25,1.49968e-25,,0,11,0.0e+00
R600,recon_state,dG +0.4 eV,900,LI_L2,NEUTRAL,BRI,SENSITIVITY,ABOVE_17PCT,0.999977,1.146e-07,13.5581,13.5577,0.289134,13.5577,0.289134,0,11,2.8e-14
R600,recon_state,dG +0.4 eV,900,LI_L2,NEUTRAL,ISO_z2,INVALID,ABOVE_17PCT,0.999977,1.146e-07,13.5581,7.38499e-09,5.30806e+08,7.38499e-09,,0,11,2.8e-14
R600,recon_state,dG +0.4 eV,900,LI_L2,NEUTRAL,ISO_z4,INVALID,ABOVE_17PCT,0.999977,1.146e-07,13.5581,4.02266e-18,9.74481e+17,4.02266e-18,,0,11,2.8e-14
R600,recon_state,dG +0.4 eV,900,LI_L2,NEUTRAL,ISO_z8,INVALID,ABOVE_17PCT,0.999977,1.146e-07,13.5581,1.19354e-36,3.28434e+36,1.19354e-36,,0,11,2.8e-14
R800,recon_state,dG +0.4 eV,900,LI_L2,NEUTRAL,BRI,SENSITIVITY,ABOVE_17PCT,0.999995,2.657e-08,13.5581,13.558,0.148252,13.558,0.148252,0,10,-2.8e-14
R800,recon_state,dG +0.4 eV,900,LI_L2,NEUTRAL,ISO_z2,INVALID,ABOVE_17PCT,0.999995,2.657e-08,13.5581,3.96709e-10,5.06669e+09,3.96709e-10,,0,10,-2.8e-14
R800,recon_state,dG +0.4 eV,900,LI_L2,NEUTRAL,ISO_z4,INVALID,ABOVE_17PCT,0.999995,2.657e-08,13.5581,1.16078e-20,1.7316e+20,1.16078e-20,,0,10,-2.8e-14
R800,recon_state,dG +0.4 eV,900,LI_L2,NEUTRAL,ISO_z8,INVALID,ABOVE_17PCT,0.999995,2.657e-08,13.5581,9.93807e-42,2.02253e+41,9.93807e-42,,0,10,-2.8e-14
R1000,recon_state,dG +0.4 eV,900,LI_L2,NEUTRAL,BRI,BOUNDARY,ABOVE_17PCT YUAN_STRONG_REDUCTION,0.999999,4.585e-09,13.5581,13.558,0.00334856,13.558,0.00334856,0,8,2.3e-13
R1000,recon_state,dG +0.4 eV,900,LI_L2,NEUTRAL,ISO_z2,INVALID,ABOVE_17PCT YUAN_STRONG_REDUCTION,0.999999,4.585e-09,13.5581,1.18175e-11,3.84177e+09,1.18175e-11,,0,8,2.3e-13
R1000,recon_state,dG +0.4 eV,900,LI_L2,NEUTRAL,ISO_z4,INVALID,ABOVE_17PCT YUAN_STRONG_REDUCTION,0.999999,4.585e-09,13.5581,1.03003e-23,4.40762e+21,1.03003e-23,,0,8,2.3e-13
R1000,recon_state,dG +0.4 eV,900,LI_L2,NEUTRAL,ISO_z8,INVALID,ABOVE_17PCT YUAN_STRONG_REDUCTION,0.999999,4.585e-09,13.5581,7.82539e-48,5.80163e+45,7.82539e-48,,0,8,2.3e-13
A600,recon_state,dG +0.4 eV,900,LI_L2,LOCAL,BRI,SENSITIVITY,ABOVE_17PCT,0.244283,9.485e-05,13.5581,3.3117,0.68243,3.3117,0.68243,0,11,-1.1e-14
A600,recon_state,dG +0.4 eV,900,LI_L2,LOCAL,ISO_z2,SENSITIVITY,ABOVE_17PCT,0.244283,9.485e-05,13.5581,1.89133,1.19492,1.89133,1.19492,0,11,-1.1e-14
A600,recon_state,dG +0.4 eV,900,LI_L2,LOCAL,ISO_z4,SENSITIVITY,ABOVE_17PCT,0.244283,9.485e-05,13.5581,1.08016,2.09229,1.08016,2.09229,0,11,-1.1e-14
A600,recon_state,dG +0.4 eV,900,LI_L2,LOCAL,ISO_z8,SENSITIVITY,ABOVE_17PCT,0.244283,9.485e-05,13.5581,0.352308,6.41485,0.352308,6.41485,0,11,-1.1e-14
R500,recon_state,dG +0.4 eV,900,LI_L2,LOCAL,BRI,SENSITIVITY,ABOVE_17PCT,0.491889,0.001146,13.5581,6.66141,0.565946,6.66141,0.565946,0,10,3.6e-14
R500,recon_state,dG +0.4 eV,900,LI_L2,LOCAL,ISO_z2,SENSITIVITY,ABOVE_17PCT,0.491889,0.001146,13.5581,1.71982,2.19209,1.71982,2.19209,0,10,3.6e-14
R500,recon_state,dG +0.4 eV,900,LI_L2,LOCAL,ISO_z4,SENSITIVITY,ABOVE_17PCT,0.491889,0.001146,13.5581,0.444019,8.49064,0.444019,8.49064,0,10,3.6e-14
R500,recon_state,dG +0.4 eV,900,LI_L2,LOCAL,ISO_z8,INVALID,ABOVE_17PCT,0.491889,0.001146,13.5581,0.0295962,127.381,0.0295962,,0,10,3.6e-14
R600,recon_state,dG +0.4 eV,900,LI_L2,LOCAL,BRI,SENSITIVITY,ABOVE_17PCT,0.734791,0.006955,13.5581,9.89306,0.396237,9.89306,0.396237,0,9,-2.8e-14
R600,recon_state,dG +0.4 eV,900,LI_L2,LOCAL,ISO_z2,SENSITIVITY,ABOVE_17PCT,0.734791,0.006955,13.5581,0.695836,5.63351,0.695836,5.63351,0,9,-2.8e-14
R600,recon_state,dG +0.4 eV,900,LI_L2,LOCAL,ISO_z4,INVALID,ABOVE_17PCT,0.734791,0.006955,13.5581,0.0489422,80.0945,0.0489422,,0,9,-2.8e-14
R600,recon_state,dG +0.4 eV,900,LI_L2,LOCAL,ISO_z8,INVALID,ABOVE_17PCT,0.734791,0.006955,13.5581,0.000242123,16190.1,0.000242123,,0,9,-2.8e-14
R800,recon_state,dG +0.4 eV,900,LI_L2,LOCAL,BRI,SENSITIVITY,ABOVE_17PCT,0.86728,0.01835,13.5581,11.5429,0.174133,11.5429,0.174133,0,8,-8.5e-14
R800,recon_state,dG +0.4 eV,900,LI_L2,LOCAL,ISO_z2,SENSITIVITY,ABOVE_17PCT,0.86728,0.01835,13.5581,0.203324,9.88569,0.203324,9.88569,0,8,-8.5e-14
R800,recon_state,dG +0.4 eV,900,LI_L2,LOCAL,ISO_z4,INVALID,ABOVE_17PCT,0.86728,0.01835,13.5581,0.00358149,561.219,0.00358149,,0,8,-8.5e-14
R800,recon_state,dG +0.4 eV,900,LI_L2,LOCAL,ISO_z8,INVALID,ABOVE_17PCT,0.86728,0.01835,13.5581,1.11125e-06,1.80877e+06,1.11125e-06,,0,8,-8.5e-14
R1000,recon_state,dG +0.4 eV,900,LI_L2,LOCAL,BRI,BOUNDARY,ABOVE_17PCT YUAN_STRONG_REDUCTION,0.982452,0.03184,13.5581,12.896,0.00352047,12.896,0.00352047,0,6,-8.9e-11
R1000,recon_state,dG +0.4 eV,900,LI_L2,LOCAL,ISO_z2,INVALID,ABOVE_17PCT YUAN_STRONG_REDUCTION,0.982452,0.03184,13.5581,0.00397096,11.433,0.00397096,,0,6,-8.9e-11
R1000,recon_state,dG +0.4 eV,900,LI_L2,LOCAL,ISO_z4,INVALID,ABOVE_17PCT YUAN_STRONG_REDUCTION,0.982452,0.03184,13.5581,1.22274e-06,37129.6,1.22274e-06,,0,6,-8.9e-11
R1000,recon_state,dG +0.4 eV,900,LI_L2,LOCAL,ISO_z8,INVALID,ABOVE_17PCT YUAN_STRONG_REDUCTION,0.982452,0.03184,13.5581,1.15935e-13,3.91599e+11,1.15935e-13,,0,6,-8.9e-11
A600,aggregates,MC cutoff 1 nm,900,PAB,NEUTRAL,BRI,INVALID,,5.47955e-21,0,13.5581,7.42921e-20,3.04205e+19,7.42921e-20,,0,19,-3.9e-12
A600,aggregates,MC cutoff 1 nm,900,PAB,NEUTRAL,ISO_z2,INVALID,,5.47955e-21,0,13.5581,7.42921e-20,3.04205e+19,7.42921e-20,,0,19,-3.9e-12
A600,aggregates,MC cutoff 1 nm,900,PAB,NEUTRAL,ISO_z4,INVALID,,5.47955e-21,0,13.5581,7.42921e-20,3.04205e+19,7.42921e-20,,0,19,-3.9e-12
A600,aggregates,MC cutoff 1 nm,900,PAB,NEUTRAL,ISO_z8,INVALID,,5.47955e-21,0,13.5581,7.42921e-20,3.04205e+19,7.42921e-20,,0,19,-3.9e-12
R500,aggregates,MC cutoff 1 nm,900,PAB,NEUTRAL,BRI,INVALID,,5.51132e-21,0,13.5581,7.47228e-20,5.04531e+19,7.47228e-20,,0,22,-1.9e-11
R500,aggregates,MC cutoff 1 nm,900,PAB,NEUTRAL,ISO_z2,INVALID,,5.51132e-21,0,13.5581,7.47228e-20,5.04531e+19,7.47228e-20,,0,22,-1.9e-11
R500,aggregates,MC cutoff 1 nm,900,PAB,NEUTRAL,ISO_z4,INVALID,,5.51132e-21,0,13.5581,7.47228e-20,5.04531e+19,7.47228e-20,,0,22,-1.9e-11
R500,aggregates,MC cutoff 1 nm,900,PAB,NEUTRAL,ISO_z8,INVALID,,5.51132e-21,0,13.5581,7.47228e-20,5.04531e+19,7.47228e-20,,0,22,-1.9e-11
R600,aggregates,MC cutoff 1 nm,900,PAB,NEUTRAL,BRI,INVALID,,5.54119e-21,0,13.5581,7.51278e-20,5.21778e+19,7.51278e-20,,0,20,1.6e-11
R600,aggregates,MC cutoff 1 nm,900,PAB,NEUTRAL,ISO_z2,INVALID,,5.54119e-21,0,13.5581,7.51278e-20,5.21778e+19,7.51278e-20,,0,20,1.6e-11
R600,aggregates,MC cutoff 1 nm,900,PAB,NEUTRAL,ISO_z4,INVALID,,5.54119e-21,0,13.5581,7.51278e-20,5.21778e+19,7.51278e-20,,0,20,1.6e-11
R600,aggregates,MC cutoff 1 nm,900,PAB,NEUTRAL,ISO_z8,INVALID,,5.54119e-21,0,13.5581,7.51278e-20,5.21778e+19,7.51278e-20,,0,20,1.6e-11
R800,aggregates,MC cutoff 1 nm,900,PAB,NEUTRAL,BRI,INVALID,,5.56455e-21,0,13.5581,7.54445e-20,2.66421e+19,7.54445e-20,,0,21,-6.6e-11
R800,aggregates,MC cutoff 1 nm,900,PAB,NEUTRAL,ISO_z2,INVALID,,5.56455e-21,0,13.5581,7.54445e-20,2.66421e+19,7.54445e-20,,0,21,-6.6e-11
R800,aggregates,MC cutoff 1 nm,900,PAB,NEUTRAL,ISO_z4,INVALID,,5.56455e-21,0,13.5581,7.54445e-20,2.66421e+19,7.54445e-20,,0,21,-6.6e-11
R800,aggregates,MC cutoff 1 nm,900,PAB,NEUTRAL,ISO_z8,INVALID,,5.56455e-21,0,13.5581,7.54445e-20,2.66421e+19,7.54445e-20,,0,21,-6.6e-11
R1000,aggregates,MC cutoff 1 nm,900,PAB,NEUTRAL,BRI,INVALID,YUAN_STRONG_REDUCTION,5.61247e-21,0,13.5581,7.60942e-20,5.96629e+17,7.60942e-20,,0,21,3.8e-10
R1000,aggregates,MC cutoff 1 nm,900,PAB,NEUTRAL,ISO_z2,INVALID,YUAN_STRONG_REDUCTION,5.61247e-21,0,13.5581,7.60942e-20,5.96629e+17,7.60942e-20,,0,21,3.8e-10
R1000,aggregates,MC cutoff 1 nm,900,PAB,NEUTRAL,ISO_z4,INVALID,YUAN_STRONG_REDUCTION,5.61247e-21,0,13.5581,7.60942e-20,5.96629e+17,7.60942e-20,,0,21,3.8e-10
R1000,aggregates,MC cutoff 1 nm,900,PAB,NEUTRAL,ISO_z8,INVALID,YUAN_STRONG_REDUCTION,5.61247e-21,0,13.5581,7.60942e-20,5.96629e+17,7.60942e-20,,0,21,3.8e-10
A600,aggregates,MC cutoff 1 nm,900,PAB,LOCAL,BRI,INVALID,,2.6842e-09,0,13.5581,3.63925e-08,6.21007e+07,3.63925e-08,,0,14,-4.8e-12
A600,aggregates,MC cutoff 1 nm,900,PAB,LOCAL,ISO_z2,INVALID,,2.6842e-09,0,13.5581,3.63925e-08,6.21007e+07,3.63925e-08,,0,14,-4.8e-12
A600,aggregates,MC cutoff 1 nm,900,PAB,LOCAL,ISO_z4,INVALID,,2.6842e-09,0,13.5581,3.63925e-08,6.21007e+07,3.63925e-08,,0,14,-4.8e-12
A600,aggregates,MC cutoff 1 nm,900,PAB,LOCAL,ISO_z8,INVALID,,2.6842e-09,0,13.5581,3.63925e-08,6.21007e+07,3.63925e-08,,0,14,-4.8e-12
R500,aggregates,MC cutoff 1 nm,900,PAB,LOCAL,BRI,INVALID,,5.27907e-09,0,13.5581,7.1574e-08,5.26728e+07,7.1574e-08,,0,14,-2.0e-12
R500,aggregates,MC cutoff 1 nm,900,PAB,LOCAL,ISO_z2,INVALID,,5.27907e-09,0,13.5581,7.1574e-08,5.26728e+07,7.1574e-08,,0,14,-2.0e-12
R500,aggregates,MC cutoff 1 nm,900,PAB,LOCAL,ISO_z4,INVALID,,5.27907e-09,0,13.5581,7.1574e-08,5.26728e+07,7.1574e-08,,0,14,-2.0e-12
R500,aggregates,MC cutoff 1 nm,900,PAB,LOCAL,ISO_z8,INVALID,,5.27907e-09,0,13.5581,7.1574e-08,5.26728e+07,7.1574e-08,,0,14,-2.0e-12
R600,aggregates,MC cutoff 1 nm,900,PAB,LOCAL,BRI,INVALID,,9.93485e-09,0,13.5581,1.34697e-07,2.91023e+07,1.34697e-07,,0,12,3.9e-11
R600,aggregates,MC cutoff 1 nm,900,PAB,LOCAL,ISO_z2,INVALID,,9.93485e-09,0,13.5581,1.34697e-07,2.91023e+07,1.34697e-07,,0,12,3.9e-11
R600,aggregates,MC cutoff 1 nm,900,PAB,LOCAL,ISO_z4,INVALID,,9.93485e-09,0,13.5581,1.34697e-07,2.91023e+07,1.34697e-07,,0,12,3.9e-11
R600,aggregates,MC cutoff 1 nm,900,PAB,LOCAL,ISO_z8,INVALID,,9.93485e-09,0,13.5581,1.34697e-07,2.91023e+07,1.34697e-07,,0,12,3.9e-11
R800,aggregates,MC cutoff 1 nm,900,PAB,LOCAL,BRI,INVALID,,1.62532e-08,0,13.5581,2.20362e-07,9.12135e+06,2.20362e-07,,0,12,-9.4e-13
R800,aggregates,MC cutoff 1 nm,900,PAB,LOCAL,ISO_z2,INVALID,,1.62532e-08,0,13.5581,2.20362e-07,9.12135e+06,2.20362e-07,,0,12,-9.4e-13
R800,aggregates,MC cutoff 1 nm,900,PAB,LOCAL,ISO_z4,INVALID,,1.62532e-08,0,13.5581,2.20362e-07,9.12135e+06,2.20362e-07,,0,12,-9.4e-13
R800,aggregates,MC cutoff 1 nm,900,PAB,LOCAL,ISO_z8,INVALID,,1.62532e-08,0,13.5581,2.20362e-07,9.12136e+06,2.20362e-07,,0,12,-9.4e-13
R1000,aggregates,MC cutoff 1 nm,900,PAB,LOCAL,BRI,INVALID,YUAN_STRONG_REDUCTION,4.43233e-08,0,13.5581,6.00938e-07,75548.6,6.00938e-07,,0,11,-4.0e-10
R1000,aggregates,MC cutoff 1 nm,900,PAB,LOCAL,ISO_z2,INVALID,YUAN_STRONG_REDUCTION,4.43233e-08,0,13.5581,6.00938e-07,75548.6,6.00938e-07,,0,11,-4.0e-10
R1000,aggregates,MC cutoff 1 nm,900,PAB,LOCAL,ISO_z4,INVALID,YUAN_STRONG_REDUCTION,4.43233e-08,0,13.5581,6.00938e-07,75548.6,6.00938e-07,,0,11,-4.0e-10
R1000,aggregates,MC cutoff 1 nm,900,PAB,LOCAL,ISO_z8,INVALID,YUAN_STRONG_REDUCTION,4.43233e-08,0,13.5581,6.00937e-07,75548.6,6.00937e-07,,0,11,-4.0e-10
A600,aggregates,MC cutoff 1 nm,900,HAM,NEUTRAL,BRI,INVALID,,1.11564e-18,0,13.5581,1.5126e-17,1.49412e+17,1.5126e-17,,0,24,-3.9e-12
A600,aggregates,MC cutoff 1 nm,900,HAM,NEUTRAL,ISO_z2,INVALID,,1.11564e-18,0,13.5581,1.5126e-17,1.49412e+17,1.5126e-17,,0,24,-3.9e-12
A600,aggregates,MC cutoff 1 nm,900,HAM,NEUTRAL,ISO_z4,INVALID,,1.11564e-18,0,13.5581,1.5126e-17,1.49412e+17,1.5126e-17,,0,24,-3.9e-12
A600,aggregates,MC cutoff 1 nm,900,HAM,NEUTRAL,ISO_z8,INVALID,,1.11564e-18,0,13.5581,1.5126e-17,1.49412e+17,1.5126e-17,,0,24,-3.9e-12
R500,aggregates,MC cutoff 1 nm,900,HAM,NEUTRAL,BRI,INVALID,,1.12211e-18,0,13.5581,1.52136e-17,2.47804e+17,1.52136e-17,,0,19,-1.9e-11
R500,aggregates,MC cutoff 1 nm,900,HAM,NEUTRAL,ISO_z2,INVALID,,1.12211e-18,0,13.5581,1.52136e-17,2.47804e+17,1.52136e-17,,0,19,-1.9e-11
R500,aggregates,MC cutoff 1 nm,900,HAM,NEUTRAL,ISO_z4,INVALID,,1.12211e-18,0,13.5581,1.52136e-17,2.47804e+17,1.52136e-17,,0,19,-1.9e-11
R500,aggregates,MC cutoff 1 nm,900,HAM,NEUTRAL,ISO_z8,INVALID,,1.12211e-18,0,13.5581,1.52136e-17,2.47804e+17,1.52136e-17,,0,19,-1.9e-11
R600,aggregates,MC cutoff 1 nm,900,HAM,NEUTRAL,BRI,INVALID,,1.12819e-18,0,13.5581,1.52961e-17,2.56275e+17,1.52961e-17,,0,21,1.6e-11
R600,aggregates,MC cutoff 1 nm,900,HAM,NEUTRAL,ISO_z2,INVALID,,1.12819e-18,0,13.5581,1.52961e-17,2.56275e+17,1.52961e-17,,0,21,1.6e-11
R600,aggregates,MC cutoff 1 nm,900,HAM,NEUTRAL,ISO_z4,INVALID,,1.12819e-18,0,13.5581,1.52961e-17,2.56275e+17,1.52961e-17,,0,21,1.6e-11
R600,aggregates,MC cutoff 1 nm,900,HAM,NEUTRAL,ISO_z8,INVALID,,1.12819e-18,0,13.5581,1.52961e-17,2.56275e+17,1.52961e-17,,0,21,1.6e-11
R800,aggregates,MC cutoff 1 nm,900,HAM,NEUTRAL,BRI,INVALID,,1.13295e-18,0,13.5581,1.53606e-17,1.30854e+17,1.53606e-17,,0,14,-6.6e-11
R800,aggregates,MC cutoff 1 nm,900,HAM,NEUTRAL,ISO_z2,INVALID,,1.13295e-18,0,13.5581,1.53606e-17,1.30854e+17,1.53606e-17,,0,14,-6.6e-11
R800,aggregates,MC cutoff 1 nm,900,HAM,NEUTRAL,ISO_z4,INVALID,,1.13295e-18,0,13.5581,1.53606e-17,1.30854e+17,1.53606e-17,,0,14,-6.6e-11
R800,aggregates,MC cutoff 1 nm,900,HAM,NEUTRAL,ISO_z8,INVALID,,1.13295e-18,0,13.5581,1.53606e-17,1.30854e+17,1.53606e-17,,0,14,-6.6e-11
R1000,aggregates,MC cutoff 1 nm,900,HAM,NEUTRAL,BRI,INVALID,YUAN_STRONG_REDUCTION,1.1427e-18,0,13.5581,1.54929e-17,2.93038e+15,1.54929e-17,,0,18,3.8e-10
R1000,aggregates,MC cutoff 1 nm,900,HAM,NEUTRAL,ISO_z2,INVALID,YUAN_STRONG_REDUCTION,1.1427e-18,0,13.5581,1.54929e-17,2.93038e+15,1.54929e-17,,0,18,3.8e-10
R1000,aggregates,MC cutoff 1 nm,900,HAM,NEUTRAL,ISO_z4,INVALID,YUAN_STRONG_REDUCTION,1.1427e-18,0,13.5581,1.54929e-17,2.93038e+15,1.54929e-17,,0,18,3.8e-10
R1000,aggregates,MC cutoff 1 nm,900,HAM,NEUTRAL,ISO_z8,INVALID,YUAN_STRONG_REDUCTION,1.1427e-18,0,13.5581,1.54929e-17,2.93038e+15,1.54929e-17,,0,18,3.8e-10
A600,aggregates,MC cutoff 1 nm,900,HAM,LOCAL,BRI,INVALID,,1.73225e-08,0,13.5581,2.34859e-07,9.62278e+06,2.34859e-07,,0,14,2.8e-12
A600,aggregates,MC cutoff 1 nm,900,HAM,LOCAL,ISO_z2,INVALID,,1.73225e-08,0,13.5581,2.34859e-07,9.62278e+06,2.34859e-07,,0,14,2.8e-12
A600,aggregates,MC cutoff 1 nm,900,HAM,LOCAL,ISO_z4,INVALID,,1.73225e-08,0,13.5581,2.34859e-07,9.62278e+06,2.34859e-07,,0,14,2.8e-12
A600,aggregates,MC cutoff 1 nm,900,HAM,LOCAL,ISO_z8,INVALID,,1.73225e-08,0,13.5581,2.34859e-07,9.62278e+06,2.34859e-07,,0,14,2.8e-12
R500,aggregates,MC cutoff 1 nm,900,HAM,LOCAL,BRI,INVALID,,3.40685e-08,0,13.5581,4.61903e-07,8.16188e+06,4.61903e-07,,0,14,4.9e-12
R500,aggregates,MC cutoff 1 nm,900,HAM,LOCAL,ISO_z2,INVALID,,3.40685e-08,0,13.5581,4.61903e-07,8.16188e+06,4.61903e-07,,0,14,4.9e-12
R500,aggregates,MC cutoff 1 nm,900,HAM,LOCAL,ISO_z4,INVALID,,3.40685e-08,0,13.5581,4.61903e-07,8.16188e+06,4.61903e-07,,0,14,4.9e-12
R500,aggregates,MC cutoff 1 nm,900,HAM,LOCAL,ISO_z8,INVALID,,3.40685e-08,0,13.5581,4.61903e-07,8.16188e+06,4.61903e-07,,0,14,4.9e-12
R600,aggregates,MC cutoff 1 nm,900,HAM,LOCAL,BRI,INVALID,,6.41146e-08,0,13.5581,8.6927e-07,4.50953e+06,8.6927e-07,,0,12,4.8e-11
R600,aggregates,MC cutoff 1 nm,900,HAM,LOCAL,ISO_z2,INVALID,,6.41146e-08,0,13.5581,8.6927e-07,4.50953e+06,8.6927e-07,,0,12,4.8e-11
R600,aggregates,MC cutoff 1 nm,900,HAM,LOCAL,ISO_z4,INVALID,,6.41146e-08,0,13.5581,8.6927e-07,4.50953e+06,8.6927e-07,,0,12,4.8e-11
R600,aggregates,MC cutoff 1 nm,900,HAM,LOCAL,ISO_z8,INVALID,,6.41146e-08,0,13.5581,8.6927e-07,4.50953e+06,8.6927e-07,,0,12,4.8e-11
R800,aggregates,MC cutoff 1 nm,900,HAM,LOCAL,BRI,INVALID,,1.0489e-07,0,13.5581,1.42211e-06,1.41339e+06,1.42211e-06,,0,12,-2.6e-11
R800,aggregates,MC cutoff 1 nm,900,HAM,LOCAL,ISO_z2,INVALID,,1.0489e-07,0,13.5581,1.42211e-06,1.41339e+06,1.42211e-06,,0,12,-2.6e-11
R800,aggregates,MC cutoff 1 nm,900,HAM,LOCAL,ISO_z4,INVALID,,1.0489e-07,0,13.5581,1.42211e-06,1.41339e+06,1.42211e-06,,0,12,-2.6e-11
R800,aggregates,MC cutoff 1 nm,900,HAM,LOCAL,ISO_z8,INVALID,,1.0489e-07,0,13.5581,1.42211e-06,1.4134e+06,1.42211e-06,,0,12,-2.6e-11
R1000,aggregates,MC cutoff 1 nm,900,HAM,LOCAL,BRI,INVALID,YUAN_STRONG_REDUCTION,2.86041e-07,0,13.5581,3.87816e-06,11706.6,3.87816e-06,,0,13,5.4e-10
R1000,aggregates,MC cutoff 1 nm,900,HAM,LOCAL,ISO_z2,INVALID,YUAN_STRONG_REDUCTION,2.86041e-07,0,13.5581,3.87815e-06,11706.6,3.87815e-06,,0,13,5.4e-10
R1000,aggregates,MC cutoff 1 nm,900,HAM,LOCAL,ISO_z4,INVALID,YUAN_STRONG_REDUCTION,2.86041e-07,0,13.5581,3.87815e-06,11706.6,3.87815e-06,,0,13,5.4e-10
R1000,aggregates,MC cutoff 1 nm,900,HAM,LOCAL,ISO_z8,INVALID,YUAN_STRONG_REDUCTION,2.86041e-07,0,13.5581,3.87815e-06,11706.6,3.87815e-06,,0,13,5.4e-10
A600,aggregates,MC cutoff 1 nm,900,LI_SBR1,NEUTRAL,BRI,INVALID,,4.21425e-18,0,13.5581,5.7137e-17,3.9554e+16,5.7137e-17,,0,18,-3.9e-12
A600,aggregates,MC cutoff 1 nm,900,LI_SBR1,NEUTRAL,ISO_z2,INVALID,,4.21425e-18,0,13.5581,5.7137e-17,3.9554e+16,5.7137e-17,,0,18,-3.9e-12
A600,aggregates,MC cutoff 1 nm,900,LI_SBR1,NEUTRAL,ISO_z4,INVALID,,4.21425e-18,0,13.5581,5.7137e-17,3.9554e+16,5.7137e-17,,0,18,-3.9e-12
A600,aggregates,MC cutoff 1 nm,900,LI_SBR1,NEUTRAL,ISO_z8,INVALID,,4.21425e-18,0,13.5581,5.7137e-17,3.9554e+16,5.7137e-17,,0,18,-3.9e-12
R500,aggregates,MC cutoff 1 nm,900,LI_SBR1,NEUTRAL,BRI,INVALID,,4.23868e-18,0,13.5581,5.74683e-17,6.56014e+16,5.74683e-17,,0,19,-1.9e-11
R500,aggregates,MC cutoff 1 nm,900,LI_SBR1,NEUTRAL,ISO_z2,INVALID,,4.23868e-18,0,13.5581,5.74683e-17,6.56014e+16,5.74683e-17,,0,19,-1.9e-11
R500,aggregates,MC cutoff 1 nm,900,LI_SBR1,NEUTRAL,ISO_z4,INVALID,,4.23868e-18,0,13.5581,5.74683e-17,6.56014e+16,5.74683e-17,,0,19,-1.9e-11
R500,aggregates,MC cutoff 1 nm,900,LI_SBR1,NEUTRAL,ISO_z8,INVALID,,4.23868e-18,0,13.5581,5.74683e-17,6.56014e+16,5.74683e-17,,0,19,-1.9e-11
R600,aggregates,MC cutoff 1 nm,900,LI_SBR1,NEUTRAL,BRI,INVALID,,4.26165e-18,0,13.5581,5.77797e-17,6.78439e+16,5.77797e-17,,0,18,1.6e-11
R600,aggregates,MC cutoff 1 nm,900,LI_SBR1,NEUTRAL,ISO_z2,INVALID,,4.26165e-18,0,13.5581,5.77797e-17,6.78439e+16,5.77797e-17,,0,18,1.6e-11
R600,aggregates,MC cutoff 1 nm,900,LI_SBR1,NEUTRAL,ISO_z4,INVALID,,4.26165e-18,0,13.5581,5.77797e-17,6.78439e+16,5.77797e-17,,0,18,1.6e-11
R600,aggregates,MC cutoff 1 nm,900,LI_SBR1,NEUTRAL,ISO_z8,INVALID,,4.26165e-18,0,13.5581,5.77797e-17,6.78439e+16,5.77797e-17,,0,18,1.6e-11
R800,aggregates,MC cutoff 1 nm,900,LI_SBR1,NEUTRAL,BRI,INVALID,,4.27962e-18,0,13.5581,5.80233e-17,3.46412e+16,5.80233e-17,,0,21,-6.6e-11
R800,aggregates,MC cutoff 1 nm,900,LI_SBR1,NEUTRAL,ISO_z2,INVALID,,4.27962e-18,0,13.5581,5.80233e-17,3.46412e+16,5.80233e-17,,0,21,-6.6e-11
R800,aggregates,MC cutoff 1 nm,900,LI_SBR1,NEUTRAL,ISO_z4,INVALID,,4.27962e-18,0,13.5581,5.80233e-17,3.46412e+16,5.80233e-17,,0,21,-6.6e-11
R800,aggregates,MC cutoff 1 nm,900,LI_SBR1,NEUTRAL,ISO_z8,INVALID,,4.27962e-18,0,13.5581,5.80233e-17,3.46412e+16,5.80233e-17,,0,21,-6.6e-11
R1000,aggregates,MC cutoff 1 nm,900,LI_SBR1,NEUTRAL,BRI,INVALID,YUAN_STRONG_REDUCTION,4.31647e-18,0,13.5581,5.8523e-17,7.75764e+14,5.8523e-17,,0,18,3.8e-10
R1000,aggregates,MC cutoff 1 nm,900,LI_SBR1,NEUTRAL,ISO_z2,INVALID,YUAN_STRONG_REDUCTION,4.31647e-18,0,13.5581,5.8523e-17,7.75764e+14,5.8523e-17,,0,18,3.8e-10
R1000,aggregates,MC cutoff 1 nm,900,LI_SBR1,NEUTRAL,ISO_z4,INVALID,YUAN_STRONG_REDUCTION,4.31647e-18,0,13.5581,5.8523e-17,7.75764e+14,5.8523e-17,,0,18,3.8e-10
R1000,aggregates,MC cutoff 1 nm,900,LI_SBR1,NEUTRAL,ISO_z8,INVALID,YUAN_STRONG_REDUCTION,4.31647e-18,0,13.5581,5.8523e-17,7.75764e+14,5.8523e-17,,0,18,3.8e-10
A600,aggregates,MC cutoff 1 nm,900,LI_SBR1,LOCAL,BRI,INVALID,,2.70715e-08,0,13.5581,3.67038e-07,6.15741e+06,3.67038e-07,,0,14,1.1e-12
A600,aggregates,MC cutoff 1 nm,900,LI_SBR1,LOCAL,ISO_z2,INVALID,,2.70715e-08,0,13.5581,3.67037e-07,6.15741e+06,3.67037e-07,,0,14,1.1e-12
A600,aggregates,MC cutoff 1 nm,900,LI_SBR1,LOCAL,ISO_z4,INVALID,,2.70715e-08,0,13.5581,3.67037e-07,6.15741e+06,3.67037e-07,,0,14,1.1e-12
A600,aggregates,MC cutoff 1 nm,900,LI_SBR1,LOCAL,ISO_z8,INVALID,,2.70715e-08,0,13.5581,3.67037e-07,6.15741e+06,3.67037e-07,,0,14,1.1e-12
R500,aggregates,MC cutoff 1 nm,900,LI_SBR1,LOCAL,BRI,INVALID,,5.32422e-08,0,13.5581,7.21861e-07,5.22261e+06,7.21861e-07,,0,14,-7.5e-12
R500,aggregates,MC cutoff 1 nm,900,LI_SBR1,LOCAL,ISO_z2,INVALID,,5.32422e-08,0,13.5581,7.21861e-07,5.22261e+06,7.21861e-07,,0,14,-7.5e-12
R500,aggregates,MC cutoff 1 nm,900,LI_SBR1,LOCAL,ISO_z4,INVALID,,5.32422e-08,0,13.5581,7.21861e-07,5.22261e+06,7.21861e-07,,0,14,-7.5e-12
R500,aggregates,MC cutoff 1 nm,900,LI_SBR1,LOCAL,ISO_z8,INVALID,,5.32422e-08,0,13.5581,7.21861e-07,5.22262e+06,7.21861e-07,,0,14,-7.5e-12
R600,aggregates,MC cutoff 1 nm,900,LI_SBR1,LOCAL,BRI,INVALID,,1.00198e-07,0,13.5581,1.35849e-06,2.88555e+06,1.35849e-06,,0,12,2.1e-11
R600,aggregates,MC cutoff 1 nm,900,LI_SBR1,LOCAL,ISO_z2,INVALID,,1.00198e-07,0,13.5581,1.35849e-06,2.88555e+06,1.35849e-06,,0,12,2.1e-11
R600,aggregates,MC cutoff 1 nm,900,LI_SBR1,LOCAL,ISO_z4,INVALID,,1.00198e-07,0,13.5581,1.35849e-06,2.88555e+06,1.35849e-06,,0,12,2.1e-11
R600,aggregates,MC cutoff 1 nm,900,LI_SBR1,LOCAL,ISO_z8,INVALID,,1.00198e-07,0,13.5581,1.35849e-06,2.88555e+06,1.35849e-06,,0,12,2.1e-11
R800,aggregates,MC cutoff 1 nm,900,LI_SBR1,LOCAL,BRI,INVALID,,1.63922e-07,0,13.5581,2.22247e-06,904401,2.22247e-06,,0,12,3.7e-11
R800,aggregates,MC cutoff 1 nm,900,LI_SBR1,LOCAL,ISO_z2,INVALID,,1.63922e-07,0,13.5581,2.22247e-06,904401,2.22247e-06,,0,12,3.7e-11
R800,aggregates,MC cutoff 1 nm,900,LI_SBR1,LOCAL,ISO_z4,INVALID,,1.63922e-07,0,13.5581,2.22246e-06,904401,2.22246e-06,,0,12,3.7e-11
R800,aggregates,MC cutoff 1 nm,900,LI_SBR1,LOCAL,ISO_z8,INVALID,,1.63922e-07,0,13.5581,2.22246e-06,904402,2.22246e-06,,0,12,3.7e-11
R1000,aggregates,MC cutoff 1 nm,900,LI_SBR1,LOCAL,BRI,INVALID,YUAN_STRONG_REDUCTION,4.47023e-07,0,13.5581,6.06077e-06,7490.8,6.06077e-06,,0,11,-2.2e-10
R1000,aggregates,MC cutoff 1 nm,900,LI_SBR1,LOCAL,ISO_z2,INVALID,YUAN_STRONG_REDUCTION,4.47023e-07,0,13.5581,6.06076e-06,7490.81,6.06076e-06,,0,11,-2.2e-10
R1000,aggregates,MC cutoff 1 nm,900,LI_SBR1,LOCAL,ISO_z4,INVALID,YUAN_STRONG_REDUCTION,4.47023e-07,0,13.5581,6.06076e-06,7490.81,6.06076e-06,,0,11,-2.2e-10
R1000,aggregates,MC cutoff 1 nm,900,LI_SBR1,LOCAL,ISO_z8,INVALID,YUAN_STRONG_REDUCTION,4.47023e-07,0,13.5581,6.06075e-06,7490.83,6.06075e-06,,0,11,-2.2e-10
A600,aggregates,MC cutoff 1 nm,900,LI_L2,NEUTRAL,BRI,INVALID,,4.21425e-18,0,13.5581,5.7137e-17,3.9554e+16,5.7137e-17,,0,18,-3.9e-12
A600,aggregates,MC cutoff 1 nm,900,LI_L2,NEUTRAL,ISO_z2,INVALID,,4.21425e-18,0,13.5581,5.7137e-17,3.9554e+16,5.7137e-17,,0,18,-3.9e-12
A600,aggregates,MC cutoff 1 nm,900,LI_L2,NEUTRAL,ISO_z4,INVALID,,4.21425e-18,0,13.5581,5.7137e-17,3.9554e+16,5.7137e-17,,0,18,-3.9e-12
A600,aggregates,MC cutoff 1 nm,900,LI_L2,NEUTRAL,ISO_z8,INVALID,,4.21425e-18,0,13.5581,5.7137e-17,3.9554e+16,5.7137e-17,,0,18,-3.9e-12
R500,aggregates,MC cutoff 1 nm,900,LI_L2,NEUTRAL,BRI,INVALID,,4.23868e-18,0,13.5581,5.74683e-17,6.56014e+16,5.74683e-17,,0,20,-1.9e-11
R500,aggregates,MC cutoff 1 nm,900,LI_L2,NEUTRAL,ISO_z2,INVALID,,4.23868e-18,0,13.5581,5.74683e-17,6.56014e+16,5.74683e-17,,0,20,-1.9e-11
R500,aggregates,MC cutoff 1 nm,900,LI_L2,NEUTRAL,ISO_z4,INVALID,,4.23868e-18,0,13.5581,5.74683e-17,6.56014e+16,5.74683e-17,,0,20,-1.9e-11
R500,aggregates,MC cutoff 1 nm,900,LI_L2,NEUTRAL,ISO_z8,INVALID,,4.23868e-18,0,13.5581,5.74683e-17,6.56014e+16,5.74683e-17,,0,20,-1.9e-11
R600,aggregates,MC cutoff 1 nm,900,LI_L2,NEUTRAL,BRI,INVALID,,4.26165e-18,0,13.5581,5.77797e-17,6.78439e+16,5.77797e-17,,0,21,1.6e-11
R600,aggregates,MC cutoff 1 nm,900,LI_L2,NEUTRAL,ISO_z2,INVALID,,4.26165e-18,0,13.5581,5.77797e-17,6.78439e+16,5.77797e-17,,0,21,1.6e-11
R600,aggregates,MC cutoff 1 nm,900,LI_L2,NEUTRAL,ISO_z4,INVALID,,4.26165e-18,0,13.5581,5.77797e-17,6.78439e+16,5.77797e-17,,0,21,1.6e-11
R600,aggregates,MC cutoff 1 nm,900,LI_L2,NEUTRAL,ISO_z8,INVALID,,4.26165e-18,0,13.5581,5.77797e-17,6.78439e+16,5.77797e-17,,0,21,1.6e-11
R800,aggregates,MC cutoff 1 nm,900,LI_L2,NEUTRAL,BRI,INVALID,,4.27962e-18,0,13.5581,5.80233e-17,3.46412e+16,5.80233e-17,,0,20,-6.6e-11
R800,aggregates,MC cutoff 1 nm,900,LI_L2,NEUTRAL,ISO_z2,INVALID,,4.27962e-18,0,13.5581,5.80233e-17,3.46412e+16,5.80233e-17,,0,20,-6.6e-11
R800,aggregates,MC cutoff 1 nm,900,LI_L2,NEUTRAL,ISO_z4,INVALID,,4.27962e-18,0,13.5581,5.80233e-17,3.46412e+16,5.80233e-17,,0,20,-6.6e-11
R800,aggregates,MC cutoff 1 nm,900,LI_L2,NEUTRAL,ISO_z8,INVALID,,4.27962e-18,0,13.5581,5.80233e-17,3.46412e+16,5.80233e-17,,0,20,-6.6e-11
R1000,aggregates,MC cutoff 1 nm,900,LI_L2,NEUTRAL,BRI,INVALID,YUAN_STRONG_REDUCTION,4.31647e-18,0,13.5581,5.8523e-17,7.75764e+14,5.8523e-17,,0,20,3.8e-10
R1000,aggregates,MC cutoff 1 nm,900,LI_L2,NEUTRAL,ISO_z2,INVALID,YUAN_STRONG_REDUCTION,4.31647e-18,0,13.5581,5.8523e-17,7.75764e+14,5.8523e-17,,0,20,3.8e-10
R1000,aggregates,MC cutoff 1 nm,900,LI_L2,NEUTRAL,ISO_z4,INVALID,YUAN_STRONG_REDUCTION,4.31647e-18,0,13.5581,5.8523e-17,7.75764e+14,5.8523e-17,,0,20,3.8e-10
R1000,aggregates,MC cutoff 1 nm,900,LI_L2,NEUTRAL,ISO_z8,INVALID,YUAN_STRONG_REDUCTION,4.31647e-18,0,13.5581,5.8523e-17,7.75764e+14,5.8523e-17,,0,20,3.8e-10
A600,aggregates,MC cutoff 1 nm,900,LI_L2,LOCAL,BRI,INVALID,,2.70786e-08,0,13.5581,3.67134e-07,6.1558e+06,3.67134e-07,,0,14,-8.3e-12
A600,aggregates,MC cutoff 1 nm,900,LI_L2,LOCAL,ISO_z2,INVALID,,2.70786e-08,0,13.5581,3.67134e-07,6.1558e+06,3.67134e-07,,0,14,-8.3e-12
A600,aggregates,MC cutoff 1 nm,900,LI_L2,LOCAL,ISO_z4,INVALID,,2.70786e-08,0,13.5581,3.67134e-07,6.1558e+06,3.67134e-07,,0,14,-8.3e-12
A600,aggregates,MC cutoff 1 nm,900,LI_L2,LOCAL,ISO_z8,INVALID,,2.70786e-08,0,13.5581,3.67134e-07,6.1558e+06,3.67134e-07,,0,14,-8.3e-12
R500,aggregates,MC cutoff 1 nm,900,LI_L2,LOCAL,BRI,INVALID,,5.32561e-08,0,13.5581,7.2205e-07,5.22125e+06,7.2205e-07,,0,14,5.7e-14
R500,aggregates,MC cutoff 1 nm,900,LI_L2,LOCAL,ISO_z2,INVALID,,5.32561e-08,0,13.5581,7.2205e-07,5.22125e+06,7.2205e-07,,0,14,5.7e-14
R500,aggregates,MC cutoff 1 nm,900,LI_L2,LOCAL,ISO_z4,INVALID,,5.32561e-08,0,13.5581,7.2205e-07,5.22125e+06,7.2205e-07,,0,14,5.7e-14
R500,aggregates,MC cutoff 1 nm,900,LI_L2,LOCAL,ISO_z8,INVALID,,5.32561e-08,0,13.5581,7.2205e-07,5.22125e+06,7.2205e-07,,0,14,5.7e-14
R600,aggregates,MC cutoff 1 nm,900,LI_L2,LOCAL,BRI,INVALID,,1.00224e-07,0,13.5581,1.35885e-06,2.8848e+06,1.35885e-06,,0,12,3.5e-11
R600,aggregates,MC cutoff 1 nm,900,LI_L2,LOCAL,ISO_z2,INVALID,,1.00224e-07,0,13.5581,1.35885e-06,2.8848e+06,1.35885e-06,,0,12,3.5e-11
R600,aggregates,MC cutoff 1 nm,900,LI_L2,LOCAL,ISO_z4,INVALID,,1.00224e-07,0,13.5581,1.35885e-06,2.8848e+06,1.35885e-06,,0,12,3.5e-11
R600,aggregates,MC cutoff 1 nm,900,LI_L2,LOCAL,ISO_z8,INVALID,,1.00224e-07,0,13.5581,1.35885e-06,2.8848e+06,1.35885e-06,,0,12,3.5e-11
R800,aggregates,MC cutoff 1 nm,900,LI_L2,LOCAL,BRI,INVALID,,1.63965e-07,0,13.5581,2.22305e-06,904164,2.22305e-06,,0,12,-7.4e-11
R800,aggregates,MC cutoff 1 nm,900,LI_L2,LOCAL,ISO_z2,INVALID,,1.63965e-07,0,13.5581,2.22305e-06,904164,2.22305e-06,,0,12,-7.4e-11
R800,aggregates,MC cutoff 1 nm,900,LI_L2,LOCAL,ISO_z4,INVALID,,1.63965e-07,0,13.5581,2.22305e-06,904165,2.22305e-06,,0,12,-7.4e-11
R800,aggregates,MC cutoff 1 nm,900,LI_L2,LOCAL,ISO_z8,INVALID,,1.63965e-07,0,13.5581,2.22304e-06,904165,2.22304e-06,,0,12,-7.4e-11
R1000,aggregates,MC cutoff 1 nm,900,LI_L2,LOCAL,BRI,INVALID,YUAN_STRONG_REDUCTION,4.4714e-07,0,13.5581,6.06235e-06,7488.84,6.06235e-06,,0,11,-1.8e-10
R1000,aggregates,MC cutoff 1 nm,900,LI_L2,LOCAL,ISO_z2,INVALID,YUAN_STRONG_REDUCTION,4.4714e-07,0,13.5581,6.06235e-06,7488.85,6.06235e-06,,0,11,-1.8e-10
R1000,aggregates,MC cutoff 1 nm,900,LI_L2,LOCAL,ISO_z4,INVALID,YUAN_STRONG_REDUCTION,4.4714e-07,0,13.5581,6.06234e-06,7488.85,6.06234e-06,,0,11,-1.8e-10
R1000,aggregates,MC cutoff 1 nm,900,LI_L2,LOCAL,ISO_z8,INVALID,YUAN_STRONG_REDUCTION,4.4714e-07,0,13.5581,6.06233e-06,7488.87,6.06233e-06,,0,11,-1.8e-10
A600,aggregates,MC cutoff 1 nm,900,LI_CONT xi 0.5,NEUTRAL,BRI,INVALID,,2.22334e-18,0,13.5581,3.01442e-17,7.49729e+16,3.01442e-17,,0,13,2.0e-14
A600,aggregates,MC cutoff 1 nm,900,LI_CONT xi 0.5,NEUTRAL,ISO_z2,INVALID,,2.22334e-18,0,13.5581,3.01442e-17,7.49729e+16,3.01442e-17,,0,13,2.0e-14
A600,aggregates,MC cutoff 1 nm,900,LI_CONT xi 0.5,NEUTRAL,ISO_z4,INVALID,,2.22334e-18,0,13.5581,3.01442e-17,7.49729e+16,3.01442e-17,,0,13,2.0e-14
A600,aggregates,MC cutoff 1 nm,900,LI_CONT xi 0.5,NEUTRAL,ISO_z8,INVALID,,2.22334e-18,0,13.5581,3.01442e-17,7.49729e+16,3.01442e-17,,0,13,2.0e-14
R500,aggregates,MC cutoff 1 nm,900,LI_CONT xi 0.5,NEUTRAL,BRI,INVALID,,3.51048e-18,0,13.5581,4.75953e-17,7.92096e+16,4.75953e-17,,0,15,-3.0e-13
R500,aggregates,MC cutoff 1 nm,900,LI_CONT xi 0.5,NEUTRAL,ISO_z2,INVALID,,3.51048e-18,0,13.5581,4.75953e-17,7.92096e+16,4.75953e-17,,0,15,-3.0e-13
R500,aggregates,MC cutoff 1 nm,900,LI_CONT xi 0.5,NEUTRAL,ISO_z4,INVALID,,3.51048e-18,0,13.5581,4.75953e-17,7.92096e+16,4.75953e-17,,0,15,-3.0e-13
R500,aggregates,MC cutoff 1 nm,900,LI_CONT xi 0.5,NEUTRAL,ISO_z8,INVALID,,3.51048e-18,0,13.5581,4.75953e-17,7.92096e+16,4.75953e-17,,0,15,-3.0e-13
R600,aggregates,MC cutoff 1 nm,900,LI_CONT xi 0.5,NEUTRAL,BRI,INVALID,,4.22084e-18,0,13.5581,5.72264e-17,6.84998e+16,5.72264e-17,,0,14,4.1e-11
R600,aggregates,MC cutoff 1 nm,900,LI_CONT xi 0.5,NEUTRAL,ISO_z2,INVALID,,4.22084e-18,0,13.5581,5.72264e-17,6.84998e+16,5.72264e-17,,0,14,4.1e-11
R600,aggregates,MC cutoff 1 nm,900,LI_CONT xi 0.5,NEUTRAL,ISO_z4,INVALID,,4.22084e-18,0,13.5581,5.72264e-17,6.84998e+16,5.72264e-17,,0,14,4.1e-11
R600,aggregates,MC cutoff 1 nm,900,LI_CONT xi 0.5,NEUTRAL,ISO_z8,INVALID,,4.22084e-18,0,13.5581,5.72264e-17,6.84998e+16,5.72264e-17,,0,14,4.1e-11
R800,aggregates,MC cutoff 1 nm,900,LI_CONT xi 0.5,NEUTRAL,BRI,INVALID,,4.26543e-18,0,13.5581,5.7831e-17,3.47565e+16,5.7831e-17,,0,18,8.1e-11
R800,aggregates,MC cutoff 1 nm,900,LI_CONT xi 0.5,NEUTRAL,ISO_z2,INVALID,,4.26543e-18,0,13.5581,5.7831e-17,3.47565e+16,5.7831e-17,,0,18,8.1e-11
R800,aggregates,MC cutoff 1 nm,900,LI_CONT xi 0.5,NEUTRAL,ISO_z4,INVALID,,4.26543e-18,0,13.5581,5.7831e-17,3.47565e+16,5.7831e-17,,0,18,8.1e-11
R800,aggregates,MC cutoff 1 nm,900,LI_CONT xi 0.5,NEUTRAL,ISO_z8,INVALID,,4.26543e-18,0,13.5581,5.7831e-17,3.47565e+16,5.7831e-17,,0,18,8.1e-11
R1000,aggregates,MC cutoff 1 nm,900,LI_CONT xi 0.5,NEUTRAL,BRI,INVALID,YUAN_STRONG_REDUCTION,4.31315e-18,0,13.5581,5.8478e-17,7.7636e+14,5.8478e-17,,0,20,7.1e-10
R1000,aggregates,MC cutoff 1 nm,900,LI_CONT xi 0.5,NEUTRAL,ISO_z2,INVALID,YUAN_STRONG_REDUCTION,4.31315e-18,0,13.5581,5.8478e-17,7.7636e+14,5.8478e-17,,0,20,7.1e-10
R1000,aggregates,MC cutoff 1 nm,900,LI_CONT xi 0.5,NEUTRAL,ISO_z4,INVALID,YUAN_STRONG_REDUCTION,4.31315e-18,0,13.5581,5.8478e-17,7.7636e+14,5.8478e-17,,0,20,7.1e-10
R1000,aggregates,MC cutoff 1 nm,900,LI_CONT xi 0.5,NEUTRAL,ISO_z8,INVALID,YUAN_STRONG_REDUCTION,4.31315e-18,0,13.5581,5.8478e-17,7.7636e+14,5.8478e-17,,0,20,7.1e-10
A600,aggregates,MC cutoff 1 nm,900,LI_CONT xi 0.5,LOCAL,BRI,INVALID,,1.07321e-08,0,13.5581,1.45506e-07,1.5532e+07,1.45506e-07,,0,14,6.1e-12
A600,aggregates,MC cutoff 1 nm,900,LI_CONT xi 0.5,LOCAL,ISO_z2,INVALID,,1.07321e-08,0,13.5581,1.45506e-07,1.5532e+07,1.45506e-07,,0,14,6.1e-12
A600,aggregates,MC cutoff 1 nm,900,LI_CONT xi 0.5,LOCAL,ISO_z4,INVALID,,1.07321e-08,0,13.5581,1.45506e-07,1.5532e+07,1.45506e-07,,0,14,6.1e-12
A600,aggregates,MC cutoff 1 nm,900,LI_CONT xi 0.5,LOCAL,ISO_z8,INVALID,,1.07321e-08,0,13.5581,1.45506e-07,1.5532e+07,1.45506e-07,,0,14,6.1e-12
R500,aggregates,MC cutoff 1 nm,900,LI_CONT xi 0.5,LOCAL,BRI,INVALID,,2.1107e-08,0,13.5581,2.8617e-07,1.3174e+07,2.8617e-07,,0,14,-2.6e-12
R500,aggregates,MC cutoff 1 nm,900,LI_CONT xi 0.5,LOCAL,ISO_z2,INVALID,,2.1107e-08,0,13.5581,2.8617e-07,1.3174e+07,2.8617e-07,,0,14,-2.6e-12
R500,aggregates,MC cutoff 1 nm,900,LI_CONT xi 0.5,LOCAL,ISO_z4,INVALID,,2.1107e-08,0,13.5581,2.8617e-07,1.3174e+07,2.8617e-07,,0,14,-2.6e-12
R500,aggregates,MC cutoff 1 nm,900,LI_CONT xi 0.5,LOCAL,ISO_z8,INVALID,,2.1107e-08,0,13.5581,2.8617e-07,1.3174e+07,2.8617e-07,,0,14,-2.6e-12
R600,aggregates,MC cutoff 1 nm,900,LI_CONT xi 0.5,LOCAL,BRI,INVALID,,3.97222e-08,0,13.5581,5.38556e-07,7.27872e+06,5.38556e-07,,0,13,9.4e-12
R600,aggregates,MC cutoff 1 nm,900,LI_CONT xi 0.5,LOCAL,ISO_z2,INVALID,,3.97222e-08,0,13.5581,5.38556e-07,7.27872e+06,5.38556e-07,,0,13,9.4e-12
R600,aggregates,MC cutoff 1 nm,900,LI_CONT xi 0.5,LOCAL,ISO_z4,INVALID,,3.97222e-08,0,13.5581,5.38556e-07,7.27872e+06,5.38556e-07,,0,13,9.4e-12
R600,aggregates,MC cutoff 1 nm,900,LI_CONT xi 0.5,LOCAL,ISO_z8,INVALID,,3.97222e-08,0,13.5581,5.38556e-07,7.27872e+06,5.38556e-07,,0,13,9.4e-12
R800,aggregates,MC cutoff 1 nm,900,LI_CONT xi 0.5,LOCAL,BRI,INVALID,,6.49855e-08,0,13.5581,8.81077e-07,2.2813e+06,8.81077e-07,,0,12,2.5e-11
R800,aggregates,MC cutoff 1 nm,900,LI_CONT xi 0.5,LOCAL,ISO_z2,INVALID,,6.49855e-08,0,13.5581,8.81077e-07,2.2813e+06,8.81077e-07,,0,12,2.5e-11
R800,aggregates,MC cutoff 1 nm,900,LI_CONT xi 0.5,LOCAL,ISO_z4,INVALID,,6.49855e-08,0,13.5581,8.81077e-07,2.2813e+06,8.81077e-07,,0,12,2.5e-11
R800,aggregates,MC cutoff 1 nm,900,LI_CONT xi 0.5,LOCAL,ISO_z8,INVALID,,6.49855e-08,0,13.5581,8.81077e-07,2.2813e+06,8.81077e-07,,0,12,2.5e-11
R1000,aggregates,MC cutoff 1 nm,900,LI_CONT xi 0.5,LOCAL,BRI,INVALID,YUAN_STRONG_REDUCTION,1.7723e-07,0,13.5581,2.40289e-06,18893.9,2.40289e-06,,0,19,2.1e-08
R1000,aggregates,MC cutoff 1 nm,900,LI_CONT xi 0.5,LOCAL,ISO_z2,INVALID,YUAN_STRONG_REDUCTION,1.7723e-07,0,13.5581,2.40289e-06,18893.9,2.40289e-06,,0,19,2.1e-08
R1000,aggregates,MC cutoff 1 nm,900,LI_CONT xi 0.5,LOCAL,ISO_z4,INVALID,YUAN_STRONG_REDUCTION,1.7723e-07,0,13.5581,2.40289e-06,18893.9,2.40289e-06,,0,19,2.1e-08
R1000,aggregates,MC cutoff 1 nm,900,LI_CONT xi 0.5,LOCAL,ISO_z8,INVALID,YUAN_STRONG_REDUCTION,1.7723e-07,0,13.5581,2.40289e-06,18893.9,2.40289e-06,,0,19,2.1e-08
A600,aggregates,MC cutoff 0.6 nm,900,PAB,NEUTRAL,BRI,INVALID,,2.90771e-09,0,13.5581,3.94229e-08,5.73271e+07,3.94229e-08,,0,20,2.4e-12
A600,aggregates,MC cutoff 0.6 nm,900,PAB,NEUTRAL,ISO_z2,INVALID,,2.90771e-09,0,13.5581,3.94229e-08,5.73271e+07,3.94229e-08,,0,20,2.4e-12
A600,aggregates,MC cutoff 0.6 nm,900,PAB,NEUTRAL,ISO_z4,INVALID,,2.90771e-09,0,13.5581,3.94229e-08,5.73271e+07,3.94229e-08,,0,20,2.4e-12
A600,aggregates,MC cutoff 0.6 nm,900,PAB,NEUTRAL,ISO_z8,INVALID,,2.90771e-09,0,13.5581,3.94229e-08,5.73271e+07,3.94229e-08,,0,20,2.4e-12
R500,aggregates,MC cutoff 0.6 nm,900,PAB,NEUTRAL,BRI,INVALID,,2.92467e-09,0,13.5581,3.96528e-08,9.50753e+07,3.96528e-08,,0,19,-1.6e-11
R500,aggregates,MC cutoff 0.6 nm,900,PAB,NEUTRAL,ISO_z2,INVALID,,2.92467e-09,0,13.5581,3.96528e-08,9.50753e+07,3.96528e-08,,0,19,-1.6e-11
R500,aggregates,MC cutoff 0.6 nm,900,PAB,NEUTRAL,ISO_z4,INVALID,,2.92467e-09,0,13.5581,3.96528e-08,9.50753e+07,3.96528e-08,,0,19,-1.6e-11
R500,aggregates,MC cutoff 0.6 nm,900,PAB,NEUTRAL,ISO_z8,INVALID,,2.92467e-09,0,13.5581,3.96528e-08,9.50753e+07,3.96528e-08,,0,19,-1.6e-11
R600,aggregates,MC cutoff 0.6 nm,900,PAB,NEUTRAL,BRI,INVALID,,2.94061e-09,0,13.5581,3.98689e-08,9.83222e+07,3.98689e-08,,0,21,4.3e-11
R600,aggregates,MC cutoff 0.6 nm,900,PAB,NEUTRAL,ISO_z2,INVALID,,2.94061e-09,0,13.5581,3.98689e-08,9.83222e+07,3.98689e-08,,0,21,4.3e-11
R600,aggregates,MC cutoff 0.6 nm,900,PAB,NEUTRAL,ISO_z4,INVALID,,2.94061e-09,0,13.5581,3.98689e-08,9.83222e+07,3.98689e-08,,0,21,4.3e-11
R600,aggregates,MC cutoff 0.6 nm,900,PAB,NEUTRAL,ISO_z8,INVALID,,2.94061e-09,0,13.5581,3.98689e-08,9.83222e+07,3.98689e-08,,0,21,4.3e-11
R800,aggregates,MC cutoff 0.6 nm,900,PAB,NEUTRAL,BRI,INVALID,,2.95308e-09,0,13.5581,4.0038e-08,5.02023e+07,4.0038e-08,,0,22,-5.2e-11
R800,aggregates,MC cutoff 0.6 nm,900,PAB,NEUTRAL,ISO_z2,INVALID,,2.95308e-09,0,13.5581,4.0038e-08,5.02023e+07,4.0038e-08,,0,22,-5.2e-11
R800,aggregates,MC cutoff 0.6 nm,900,PAB,NEUTRAL,ISO_z4,INVALID,,2.95308e-09,0,13.5581,4.0038e-08,5.02023e+07,4.0038e-08,,0,22,-5.2e-11
R800,aggregates,MC cutoff 0.6 nm,900,PAB,NEUTRAL,ISO_z8,INVALID,,2.95308e-09,0,13.5581,4.0038e-08,5.02023e+07,4.0038e-08,,0,22,-5.2e-11
R1000,aggregates,MC cutoff 0.6 nm,900,PAB,NEUTRAL,BRI,INVALID,YUAN_STRONG_REDUCTION,2.97867e-09,0,13.5581,4.03849e-08,1.12418e+06,4.03849e-08,,0,20,-2.4e-10
R1000,aggregates,MC cutoff 0.6 nm,900,PAB,NEUTRAL,ISO_z2,INVALID,YUAN_STRONG_REDUCTION,2.97867e-09,0,13.5581,4.03849e-08,1.12418e+06,4.03849e-08,,0,20,-2.4e-10
R1000,aggregates,MC cutoff 0.6 nm,900,PAB,NEUTRAL,ISO_z4,INVALID,YUAN_STRONG_REDUCTION,2.97867e-09,0,13.5581,4.03849e-08,1.12418e+06,4.03849e-08,,0,20,-2.4e-10
R1000,aggregates,MC cutoff 0.6 nm,900,PAB,NEUTRAL,ISO_z8,INVALID,YUAN_STRONG_REDUCTION,2.97867e-09,0,13.5581,4.03849e-08,1.12418e+06,4.03849e-08,,0,20,-2.4e-10
A600,aggregates,MC cutoff 0.6 nm,900,PAB,LOCAL,BRI,INVALID,,2.17302e-05,0,13.5581,0.000294619,7670.93,0.000294619,,0,11,2.2e-12
A600,aggregates,MC cutoff 0.6 nm,900,PAB,LOCAL,ISO_z2,INVALID,,2.17302e-05,0,13.5581,0.000294606,7671.26,0.000294606,,0,11,2.2e-12
A600,aggregates,MC cutoff 0.6 nm,900,PAB,LOCAL,ISO_z4,INVALID,,2.17302e-05,0,13.5581,0.000294593,7671.59,0.000294593,,0,11,2.2e-12
A600,aggregates,MC cutoff 0.6 nm,900,PAB,LOCAL,ISO_z8,INVALID,,2.17302e-05,0,13.5581,0.000294568,7672.26,0.000294568,,0,11,2.2e-12
R500,aggregates,MC cutoff 0.6 nm,900,PAB,LOCAL,BRI,INVALID,,4.27369e-05,0,13.5581,0.000579429,6506.4,0.000579429,,0,10,1.1e-11
R500,aggregates,MC cutoff 0.6 nm,900,PAB,LOCAL,ISO_z2,INVALID,,4.27369e-05,0,13.5581,0.00057938,6506.96,0.00057938,,0,10,1.1e-11
R500,aggregates,MC cutoff 0.6 nm,900,PAB,LOCAL,ISO_z4,INVALID,,4.27369e-05,0,13.5581,0.00057933,6507.52,0.00057933,,0,10,1.1e-11
R500,aggregates,MC cutoff 0.6 nm,900,PAB,LOCAL,ISO_z8,INVALID,,4.27369e-05,0,13.5581,0.000579231,6508.63,0.000579231,,0,10,1.1e-11
R600,aggregates,MC cutoff 0.6 nm,900,PAB,LOCAL,BRI,INVALID,,8.04254e-05,0,13.5581,0.00109041,3594.97,0.00109041,,0,9,2.0e-11
R600,aggregates,MC cutoff 0.6 nm,900,PAB,LOCAL,ISO_z2,INVALID,,8.04254e-05,0,13.5581,0.00109024,3595.55,0.00109024,,0,9,2.0e-11
R600,aggregates,MC cutoff 0.6 nm,900,PAB,LOCAL,ISO_z4,INVALID,,8.04254e-05,0,13.5581,0.00109006,3596.13,0.00109006,,0,9,2.0e-11
R600,aggregates,MC cutoff 0.6 nm,900,PAB,LOCAL,ISO_z8,INVALID,,8.04254e-05,0,13.5581,0.00108971,3597.28,0.00108971,,0,9,2.0e-11
R800,aggregates,MC cutoff 0.6 nm,900,PAB,LOCAL,BRI,INVALID,,0.000131568,0,13.5581,0.0017838,1126.81,0.0017838,,0,9,-9.9e-12
R800,aggregates,MC cutoff 0.6 nm,900,PAB,LOCAL,ISO_z2,INVALID,,0.000131568,0,13.5581,0.00178333,1127.1,0.00178333,,0,9,-9.9e-12
R800,aggregates,MC cutoff 0.6 nm,900,PAB,LOCAL,ISO_z4,INVALID,,0.000131568,0,13.5581,0.00178287,1127.4,0.00178287,,0,9,-9.9e-12
R800,aggregates,MC cutoff 0.6 nm,900,PAB,LOCAL,ISO_z8,INVALID,,0.000131568,0,13.5581,0.00178193,1127.99,0.00178193,,0,9,-9.9e-12
R1000,aggregates,MC cutoff 0.6 nm,900,PAB,LOCAL,BRI,INVALID,YUAN_STRONG_REDUCTION,0.000358703,0,13.5581,0.00486331,9.3352,0.00486331,,0,10,1.8e-10
R1000,aggregates,MC cutoff 0.6 nm,900,PAB,LOCAL,ISO_z2,INVALID,YUAN_STRONG_REDUCTION,0.000358703,0,13.5581,0.00485982,9.3419,0.00485982,,0,10,1.8e-10
R1000,aggregates,MC cutoff 0.6 nm,900,PAB,LOCAL,ISO_z4,INVALID,YUAN_STRONG_REDUCTION,0.000358703,0,13.5581,0.00485634,9.34861,0.00485634,,0,10,1.8e-10
R1000,aggregates,MC cutoff 0.6 nm,900,PAB,LOCAL,ISO_z8,INVALID,YUAN_STRONG_REDUCTION,0.000358703,0,13.5581,0.00484937,9.36204,0.00484937,,0,10,1.8e-10
A600,aggregates,MC cutoff 0.6 nm,900,HAM,NEUTRAL,BRI,INVALID,,5.92012e-07,0,13.5581,8.02654e-06,281566,8.02654e-06,,0,18,1.0e-11
A600,aggregates,MC cutoff 0.6 nm,900,HAM,NEUTRAL,ISO_z2,INVALID,,5.92012e-07,0,13.5581,8.02653e-06,281566,8.02653e-06,,0,18,1.0e-11
A600,aggregates,MC cutoff 0.6 nm,900,HAM,NEUTRAL,ISO_z4,INVALID,,5.92012e-07,0,13.5581,8.02652e-06,281567,8.02652e-06,,0,18,1.0e-11
A600,aggregates,MC cutoff 0.6 nm,900,HAM,NEUTRAL,ISO_z8,INVALID,,5.92012e-07,0,13.5581,8.0265e-06,281567,8.0265e-06,,0,18,1.0e-11
R500,aggregates,MC cutoff 0.6 nm,900,HAM,NEUTRAL,BRI,INVALID,,5.95465e-07,0,13.5581,8.07335e-06,466969,8.07335e-06,,0,20,-2.1e-11
R500,aggregates,MC cutoff 0.6 nm,900,HAM,NEUTRAL,ISO_z2,INVALID,,5.95465e-07,0,13.5581,8.07334e-06,466969,8.07334e-06,,0,20,-2.1e-11
R500,aggregates,MC cutoff 0.6 nm,900,HAM,NEUTRAL,ISO_z4,INVALID,,5.95465e-07,0,13.5581,8.07333e-06,466970,8.07333e-06,,0,20,-2.1e-11
R500,aggregates,MC cutoff 0.6 nm,900,HAM,NEUTRAL,ISO_z8,INVALID,,5.95465e-07,0,13.5581,8.07331e-06,466971,8.07331e-06,,0,20,-2.1e-11
R600,aggregates,MC cutoff 0.6 nm,900,HAM,NEUTRAL,BRI,INVALID,,5.9871e-07,0,13.5581,8.11735e-06,482916,8.11735e-06,,0,19,7.3e-11
R600,aggregates,MC cutoff 0.6 nm,900,HAM,NEUTRAL,ISO_z2,INVALID,,5.9871e-07,0,13.5581,8.11734e-06,482917,8.11734e-06,,0,19,7.3e-11
R600,aggregates,MC cutoff 0.6 nm,900,HAM,NEUTRAL,ISO_z4,INVALID,,5.9871e-07,0,13.5581,8.11733e-06,482917,8.11733e-06,,0,19,7.3e-11
R600,aggregates,MC cutoff 0.6 nm,900,HAM,NEUTRAL,ISO_z8,INVALID,,5.9871e-07,0,13.5581,8.11731e-06,482919,8.11731e-06,,0,19,7.3e-11
R800,aggregates,MC cutoff 0.6 nm,900,HAM,NEUTRAL,BRI,INVALID,,6.01249e-07,0,13.5581,8.15178e-06,246572,8.15178e-06,,0,20,9.9e-11
R800,aggregates,MC cutoff 0.6 nm,900,HAM,NEUTRAL,ISO_z2,INVALID,,6.01249e-07,0,13.5581,8.15177e-06,246572,8.15177e-06,,0,20,9.9e-11
R800,aggregates,MC cutoff 0.6 nm,900,HAM,NEUTRAL,ISO_z4,INVALID,,6.01249e-07,0,13.5581,8.15176e-06,246573,8.15176e-06,,0,20,9.9e-11
R800,aggregates,MC cutoff 0.6 nm,900,HAM,NEUTRAL,ISO_z8,INVALID,,6.01249e-07,0,13.5581,8.15174e-06,246573,8.15174e-06,,0,20,9.9e-11
R1000,aggregates,MC cutoff 0.6 nm,900,HAM,NEUTRAL,BRI,INVALID,YUAN_STRONG_REDUCTION,6.06459e-07,0,13.5581,8.22241e-06,5521.5,8.22241e-06,,0,19,1.3e-11
R1000,aggregates,MC cutoff 0.6 nm,900,HAM,NEUTRAL,ISO_z2,INVALID,YUAN_STRONG_REDUCTION,6.06459e-07,0,13.5581,8.2224e-06,5521.5,8.2224e-06,,0,19,1.3e-11
R1000,aggregates,MC cutoff 0.6 nm,900,HAM,NEUTRAL,ISO_z4,INVALID,YUAN_STRONG_REDUCTION,6.06459e-07,0,13.5581,8.22239e-06,5521.51,8.22239e-06,,0,19,1.3e-11
R1000,aggregates,MC cutoff 0.6 nm,900,HAM,NEUTRAL,ISO_z8,INVALID,YUAN_STRONG_REDUCTION,6.06459e-07,0,13.5581,8.22237e-06,5521.52,8.22237e-06,,0,19,1.3e-11
A600,aggregates,MC cutoff 0.6 nm,900,HAM,LOCAL,BRI,INVALID,,0.000140209,0,13.5581,0.00190096,1188.87,0.00190096,,0,11,3.2e-12
A600,aggregates,MC cutoff 0.6 nm,900,HAM,LOCAL,ISO_z2,INVALID,,0.000140209,0,13.5581,0.00190042,1189.21,0.00190042,,0,11,3.2e-12
A600,aggregates,MC cutoff 0.6 nm,900,HAM,LOCAL,ISO_z4,INVALID,,0.000140209,0,13.5581,0.00189989,1189.54,0.00189989,,0,11,3.2e-12
A600,aggregates,MC cutoff 0.6 nm,900,HAM,LOCAL,ISO_z8,INVALID,,0.000140209,0,13.5581,0.00189883,1190.21,0.00189883,,0,11,3.2e-12
R500,aggregates,MC cutoff 0.6 nm,900,HAM,LOCAL,BRI,INVALID,,0.000275725,0,13.5581,0.00373829,1008.48,0.00373829,,0,10,9.7e-12
R500,aggregates,MC cutoff 0.6 nm,900,HAM,LOCAL,ISO_z2,INVALID,,0.000275725,0,13.5581,0.00373623,1009.04,0.00373623,,0,10,9.7e-12
R500,aggregates,MC cutoff 0.6 nm,900,HAM,LOCAL,ISO_z4,INVALID,,0.000275725,0,13.5581,0.00373417,1009.6,0.00373417,,0,10,9.7e-12
R500,aggregates,MC cutoff 0.6 nm,900,HAM,LOCAL,ISO_z8,INVALID,,0.000275725,0,13.5581,0.00373005,1010.71,0.00373005,,0,10,9.7e-12
R600,aggregates,MC cutoff 0.6 nm,900,HAM,LOCAL,BRI,INVALID,,0.000518782,0,13.5581,0.00703368,557.318,0.00703368,,0,10,-1.4e-11
R600,aggregates,MC cutoff 0.6 nm,900,HAM,LOCAL,ISO_z2,INVALID,,0.000518782,0,13.5581,0.00702639,557.897,0.00702639,,0,10,-1.4e-11
R600,aggregates,MC cutoff 0.6 nm,900,HAM,LOCAL,ISO_z4,INVALID,,0.000518782,0,13.5581,0.0070191,558.476,0.0070191,,0,10,-1.4e-11
R600,aggregates,MC cutoff 0.6 nm,900,HAM,LOCAL,ISO_z8,INVALID,,0.000518782,0,13.5581,0.00700454,559.637,0.00700454,,0,10,-1.4e-11
R800,aggregates,MC cutoff 0.6 nm,900,HAM,LOCAL,BRI,INVALID,,0.000848451,0,13.5581,0.0115033,174.732,0.0115033,,0,8,7.6e-11
R800,aggregates,MC cutoff 0.6 nm,900,HAM,LOCAL,ISO_z2,INVALID,,0.000848451,0,13.5581,0.0114838,175.029,0.0114838,,0,8,7.6e-11
R800,aggregates,MC cutoff 0.6 nm,900,HAM,LOCAL,ISO_z4,INVALID,,0.000848451,0,13.5581,0.0114644,175.326,0.0114644,,0,8,7.6e-11
R800,aggregates,MC cutoff 0.6 nm,900,HAM,LOCAL,ISO_z8,INVALID,,0.000848451,0,13.5581,0.0114255,175.922,0.0114255,,0,8,7.6e-11
R1000,aggregates,MC cutoff 0.6 nm,900,HAM,LOCAL,BRI,INVALID,YUAN_STRONG_REDUCTION,0.00231042,0,13.5581,0.0313248,1.44933,0.0313248,,0,10,1.3e-10
R1000,aggregates,MC cutoff 0.6 nm,900,HAM,LOCAL,ISO_z2,INVALID,YUAN_STRONG_REDUCTION,0.00231042,0,13.5581,0.0311802,1.45605,0.0311802,,0,10,1.3e-10
R1000,aggregates,MC cutoff 0.6 nm,900,HAM,LOCAL,ISO_z4,INVALID,YUAN_STRONG_REDUCTION,0.00231042,0,13.5581,0.0310363,1.4628,0.0310363,,0,10,1.3e-10
R1000,aggregates,MC cutoff 0.6 nm,900,HAM,LOCAL,ISO_z8,INVALID,YUAN_STRONG_REDUCTION,0.00231042,0,13.5581,0.0307505,1.4764,0.0307505,,0,10,1.3e-10
A600,aggregates,MC cutoff 0.6 nm,900,LI_SBR1,NEUTRAL,BRI,INVALID,,2.23627e-06,0,13.5581,3.03195e-05,74539.4,3.03195e-05,,0,22,-2.2e-12
A600,aggregates,MC cutoff 0.6 nm,900,LI_SBR1,NEUTRAL,ISO_z2,INVALID,,2.23627e-06,0,13.5581,3.03194e-05,74539.7,3.03194e-05,,0,22,-2.2e-12
A600,aggregates,MC cutoff 0.6 nm,900,LI_SBR1,NEUTRAL,ISO_z4,INVALID,,2.23627e-06,0,13.5581,3.03193e-05,74540,3.03193e-05,,0,22,-2.2e-12
A600,aggregates,MC cutoff 0.6 nm,900,LI_SBR1,NEUTRAL,ISO_z8,INVALID,,2.23627e-06,0,13.5581,3.0319e-05,74540.7,3.0319e-05,,0,22,-2.2e-12
R500,aggregates,MC cutoff 0.6 nm,900,LI_SBR1,NEUTRAL,BRI,INVALID,,2.24931e-06,0,13.5581,3.04963e-05,123621,3.04963e-05,,0,18,1.3e-11
R500,aggregates,MC cutoff 0.6 nm,900,LI_SBR1,NEUTRAL,ISO_z2,INVALID,,2.24931e-06,0,13.5581,3.04962e-05,123622,3.04962e-05,,0,18,1.3e-11
R500,aggregates,MC cutoff 0.6 nm,900,LI_SBR1,NEUTRAL,ISO_z4,INVALID,,2.24931e-06,0,13.5581,3.04961e-05,123622,3.04961e-05,,0,18,1.3e-11
R500,aggregates,MC cutoff 0.6 nm,900,LI_SBR1,NEUTRAL,ISO_z8,INVALID,,2.24931e-06,0,13.5581,3.04958e-05,123624,3.04958e-05,,0,18,1.3e-11
R600,aggregates,MC cutoff 0.6 nm,900,LI_SBR1,NEUTRAL,BRI,INVALID,,2.26157e-06,0,13.5581,3.06626e-05,127843,3.06626e-05,,0,21,1.6e-11
R600,aggregates,MC cutoff 0.6 nm,900,LI_SBR1,NEUTRAL,ISO_z2,INVALID,,2.26157e-06,0,13.5581,3.06624e-05,127844,3.06624e-05,,0,21,1.6e-11
R600,aggregates,MC cutoff 0.6 nm,900,LI_SBR1,NEUTRAL,ISO_z4,INVALID,,2.26157e-06,0,13.5581,3.06623e-05,127844,3.06623e-05,,0,21,1.6e-11
R600,aggregates,MC cutoff 0.6 nm,900,LI_SBR1,NEUTRAL,ISO_z8,INVALID,,2.26157e-06,0,13.5581,3.0662e-05,127845,3.0662e-05,,0,21,1.6e-11
R800,aggregates,MC cutoff 0.6 nm,900,LI_SBR1,NEUTRAL,BRI,INVALID,,2.27117e-06,0,13.5581,3.07926e-05,65275.4,3.07926e-05,,0,17,3.7e-11
R800,aggregates,MC cutoff 0.6 nm,900,LI_SBR1,NEUTRAL,ISO_z2,INVALID,,2.27117e-06,0,13.5581,3.07925e-05,65275.7,3.07925e-05,,0,17,3.7e-11
R800,aggregates,MC cutoff 0.6 nm,900,LI_SBR1,NEUTRAL,ISO_z4,INVALID,,2.27117e-06,0,13.5581,3.07923e-05,65276,3.07923e-05,,0,17,3.7e-11
R800,aggregates,MC cutoff 0.6 nm,900,LI_SBR1,NEUTRAL,ISO_z8,INVALID,,2.27117e-06,0,13.5581,3.0792e-05,65276.6,3.0792e-05,,0,17,3.7e-11
R1000,aggregates,MC cutoff 0.6 nm,900,LI_SBR1,NEUTRAL,BRI,INVALID,YUAN_STRONG_REDUCTION,2.29085e-06,0,13.5581,3.10594e-05,1461.71,3.10594e-05,,0,19,2.9e-11
R1000,aggregates,MC cutoff 0.6 nm,900,LI_SBR1,NEUTRAL,ISO_z2,INVALID,YUAN_STRONG_REDUCTION,2.29085e-06,0,13.5581,3.10593e-05,1461.72,3.10593e-05,,0,19,2.9e-11
R1000,aggregates,MC cutoff 0.6 nm,900,LI_SBR1,NEUTRAL,ISO_z4,INVALID,YUAN_STRONG_REDUCTION,2.29085e-06,0,13.5581,3.10591e-05,1461.73,3.10591e-05,,0,19,2.9e-11
R1000,aggregates,MC cutoff 0.6 nm,900,LI_SBR1,NEUTRAL,ISO_z8,INVALID,YUAN_STRONG_REDUCTION,2.29085e-06,0,13.5581,3.10589e-05,1461.74,3.10589e-05,,0,19,2.9e-11
A600,aggregates,MC cutoff 0.6 nm,900,LI_SBR1,LOCAL,BRI,INVALID,,0.000219089,0,13.5581,0.00297043,760.834,0.00297043,,0,11,3.0e-12
A600,aggregates,MC cutoff 0.6 nm,900,LI_SBR1,LOCAL,ISO_z2,INVALID,,0.000219089,0,13.5581,0.00296912,761.167,0.00296912,,0,11,3.0e-12
A600,aggregates,MC cutoff 0.6 nm,900,LI_SBR1,LOCAL,ISO_z4,INVALID,,0.000219089,0,13.5581,0.00296782,761.501,0.00296782,,0,11,3.0e-12
A600,aggregates,MC cutoff 0.6 nm,900,LI_SBR1,LOCAL,ISO_z8,INVALID,,0.000219089,0,13.5581,0.00296522,762.169,0.00296522,,0,11,3.0e-12
R500,aggregates,MC cutoff 0.6 nm,900,LI_SBR1,LOCAL,BRI,INVALID,,0.000430819,0,13.5581,0.00584107,645.429,0.00584107,,0,10,2.7e-11
R500,aggregates,MC cutoff 0.6 nm,900,LI_SBR1,LOCAL,ISO_z2,INVALID,,0.000430819,0,13.5581,0.00583604,645.986,0.00583604,,0,10,2.7e-11
R500,aggregates,MC cutoff 0.6 nm,900,LI_SBR1,LOCAL,ISO_z4,INVALID,,0.000430819,0,13.5581,0.00583101,646.543,0.00583101,,0,10,2.7e-11
R500,aggregates,MC cutoff 0.6 nm,900,LI_SBR1,LOCAL,ISO_z8,INVALID,,0.000430819,0,13.5581,0.00582097,647.658,0.00582097,,0,10,2.7e-11
R600,aggregates,MC cutoff 0.6 nm,900,LI_SBR1,LOCAL,BRI,INVALID,,0.000810495,0,13.5581,0.0109887,356.729,0.0109887,,0,10,-3.6e-11
R600,aggregates,MC cutoff 0.6 nm,900,LI_SBR1,LOCAL,ISO_z2,INVALID,,0.000810495,0,13.5581,0.0109709,357.308,0.0109709,,0,10,-3.6e-11
R600,aggregates,MC cutoff 0.6 nm,900,LI_SBR1,LOCAL,ISO_z4,INVALID,,0.000810495,0,13.5581,0.0109532,357.888,0.0109532,,0,10,-3.6e-11
R600,aggregates,MC cutoff 0.6 nm,900,LI_SBR1,LOCAL,ISO_z8,INVALID,,0.000810495,0,13.5581,0.0109177,359.05,0.0109177,,0,10,-3.6e-11
R800,aggregates,MC cutoff 0.6 nm,900,LI_SBR1,LOCAL,BRI,INVALID,,0.0013253,0,13.5581,0.0179685,111.862,0.0179685,,0,8,-4.2e-11
R800,aggregates,MC cutoff 0.6 nm,900,LI_SBR1,LOCAL,ISO_z2,INVALID,,0.0013253,0,13.5581,0.0179209,112.159,0.0179209,,0,8,-4.2e-11
R800,aggregates,MC cutoff 0.6 nm,900,LI_SBR1,LOCAL,ISO_z4,INVALID,,0.0013253,0,13.5581,0.0178734,112.457,0.0178734,,0,8,-4.2e-11
R800,aggregates,MC cutoff 0.6 nm,900,LI_SBR1,LOCAL,ISO_z8,INVALID,,0.0013253,0,13.5581,0.0177789,113.055,0.0177789,,0,8,-4.2e-11
R1000,aggregates,MC cutoff 0.6 nm,900,LI_SBR1,LOCAL,BRI,INVALID,YUAN_STRONG_REDUCTION,0.00360602,0,13.5581,0.0488906,0.928603,0.0488906,,0,10,3.5e-10
R1000,aggregates,MC cutoff 0.6 nm,900,LI_SBR1,LOCAL,ISO_z2,INVALID,YUAN_STRONG_REDUCTION,0.00360602,0,13.5581,0.0485387,0.935337,0.0485387,,0,10,3.5e-10
R1000,aggregates,MC cutoff 0.6 nm,900,LI_SBR1,LOCAL,ISO_z4,INVALID,YUAN_STRONG_REDUCTION,0.00360602,0,13.5581,0.0481892,0.942119,0.0481892,,0,10,3.5e-10
R1000,aggregates,MC cutoff 0.6 nm,900,LI_SBR1,LOCAL,ISO_z8,INVALID,YUAN_STRONG_REDUCTION,0.00360602,0,13.5581,0.0474979,0.955831,0.0474979,,0,10,3.5e-10
A600,aggregates,MC cutoff 0.6 nm,900,LI_L2,NEUTRAL,BRI,INVALID,,2.23627e-06,0,13.5581,3.03195e-05,74539.4,3.03195e-05,,0,22,7.4e-12
A600,aggregates,MC cutoff 0.6 nm,900,LI_L2,NEUTRAL,ISO_z2,INVALID,,2.23627e-06,0,13.5581,3.03194e-05,74539.7,3.03194e-05,,0,22,7.4e-12
A600,aggregates,MC cutoff 0.6 nm,900,LI_L2,NEUTRAL,ISO_z4,INVALID,,2.23627e-06,0,13.5581,3.03193e-05,74540,3.03193e-05,,0,22,7.4e-12
A600,aggregates,MC cutoff 0.6 nm,900,LI_L2,NEUTRAL,ISO_z8,INVALID,,2.23627e-06,0,13.5581,3.0319e-05,74540.7,3.0319e-05,,0,22,7.4e-12
R500,aggregates,MC cutoff 0.6 nm,900,LI_L2,NEUTRAL,BRI,INVALID,,2.24931e-06,0,13.5581,3.04963e-05,123621,3.04963e-05,,0,21,-1.6e-11
R500,aggregates,MC cutoff 0.6 nm,900,LI_L2,NEUTRAL,ISO_z2,INVALID,,2.24931e-06,0,13.5581,3.04962e-05,123622,3.04962e-05,,0,21,-1.6e-11
R500,aggregates,MC cutoff 0.6 nm,900,LI_L2,NEUTRAL,ISO_z4,INVALID,,2.24931e-06,0,13.5581,3.04961e-05,123622,3.04961e-05,,0,21,-1.6e-11
R500,aggregates,MC cutoff 0.6 nm,900,LI_L2,NEUTRAL,ISO_z8,INVALID,,2.24931e-06,0,13.5581,3.04958e-05,123624,3.04958e-05,,0,21,-1.6e-11
R600,aggregates,MC cutoff 0.6 nm,900,LI_L2,NEUTRAL,BRI,INVALID,,2.26157e-06,0,13.5581,3.06626e-05,127843,3.06626e-05,,0,18,-2.2e-11
R600,aggregates,MC cutoff 0.6 nm,900,LI_L2,NEUTRAL,ISO_z2,INVALID,,2.26157e-06,0,13.5581,3.06624e-05,127844,3.06624e-05,,0,18,-2.2e-11
R600,aggregates,MC cutoff 0.6 nm,900,LI_L2,NEUTRAL,ISO_z4,INVALID,,2.26157e-06,0,13.5581,3.06623e-05,127844,3.06623e-05,,0,18,-2.2e-11
R600,aggregates,MC cutoff 0.6 nm,900,LI_L2,NEUTRAL,ISO_z8,INVALID,,2.26157e-06,0,13.5581,3.0662e-05,127845,3.0662e-05,,0,18,-2.2e-11
R800,aggregates,MC cutoff 0.6 nm,900,LI_L2,NEUTRAL,BRI,INVALID,,2.27117e-06,0,13.5581,3.07926e-05,65275.4,3.07926e-05,,0,19,3.2e-11
R800,aggregates,MC cutoff 0.6 nm,900,LI_L2,NEUTRAL,ISO_z2,INVALID,,2.27117e-06,0,13.5581,3.07925e-05,65275.7,3.07925e-05,,0,19,3.2e-11
R800,aggregates,MC cutoff 0.6 nm,900,LI_L2,NEUTRAL,ISO_z4,INVALID,,2.27117e-06,0,13.5581,3.07923e-05,65276,3.07923e-05,,0,19,3.2e-11
R800,aggregates,MC cutoff 0.6 nm,900,LI_L2,NEUTRAL,ISO_z8,INVALID,,2.27117e-06,0,13.5581,3.0792e-05,65276.6,3.0792e-05,,0,19,3.2e-11
R1000,aggregates,MC cutoff 0.6 nm,900,LI_L2,NEUTRAL,BRI,INVALID,YUAN_STRONG_REDUCTION,2.29085e-06,0,13.5581,3.10594e-05,1461.71,3.10594e-05,,0,19,-3.8e-11
R1000,aggregates,MC cutoff 0.6 nm,900,LI_L2,NEUTRAL,ISO_z2,INVALID,YUAN_STRONG_REDUCTION,2.29085e-06,0,13.5581,3.10593e-05,1461.72,3.10593e-05,,0,19,-3.8e-11
R1000,aggregates,MC cutoff 0.6 nm,900,LI_L2,NEUTRAL,ISO_z4,INVALID,YUAN_STRONG_REDUCTION,2.29085e-06,0,13.5581,3.10591e-05,1461.73,3.10591e-05,,0,19,-3.8e-11
R1000,aggregates,MC cutoff 0.6 nm,900,LI_L2,NEUTRAL,ISO_z8,INVALID,YUAN_STRONG_REDUCTION,2.29085e-06,0,13.5581,3.10589e-05,1461.74,3.10589e-05,,0,19,-3.8e-11
A600,aggregates,MC cutoff 0.6 nm,900,LI_L2,LOCAL,BRI,INVALID,,0.000219143,0,13.5581,0.00297115,760.647,0.00297115,,0,11,6.8e-12
A600,aggregates,MC cutoff 0.6 nm,900,LI_L2,LOCAL,ISO_z2,INVALID,,0.000219143,0,13.5581,0.00296985,760.981,0.00296985,,0,11,6.8e-12
A600,aggregates,MC cutoff 0.6 nm,900,LI_L2,LOCAL,ISO_z4,INVALID,,0.000219143,0,13.5581,0.00296855,761.314,0.00296855,,0,11,6.8e-12
A600,aggregates,MC cutoff 0.6 nm,900,LI_L2,LOCAL,ISO_z8,INVALID,,0.000219143,0,13.5581,0.00296595,761.982,0.00296595,,0,11,6.8e-12
R500,aggregates,MC cutoff 0.6 nm,900,LI_L2,LOCAL,BRI,INVALID,,0.000430927,0,13.5581,0.00584253,645.268,0.00584253,,0,10,2.9e-12
R500,aggregates,MC cutoff 0.6 nm,900,LI_L2,LOCAL,ISO_z2,INVALID,,0.000430927,0,13.5581,0.0058375,645.824,0.0058375,,0,10,2.9e-12
R500,aggregates,MC cutoff 0.6 nm,900,LI_L2,LOCAL,ISO_z4,INVALID,,0.000430927,0,13.5581,0.00583247,646.381,0.00583247,,0,10,2.9e-12
R500,aggregates,MC cutoff 0.6 nm,900,LI_L2,LOCAL,ISO_z8,INVALID,,0.000430927,0,13.5581,0.00582242,647.497,0.00582242,,0,10,2.9e-12
R600,aggregates,MC cutoff 0.6 nm,900,LI_L2,LOCAL,BRI,INVALID,,0.0008107,0,13.5581,0.0109915,356.639,0.0109915,,0,9,4.9e-11
R600,aggregates,MC cutoff 0.6 nm,900,LI_L2,LOCAL,ISO_z2,INVALID,,0.0008107,0,13.5581,0.0109737,357.217,0.0109737,,0,9,4.9e-11
R600,aggregates,MC cutoff 0.6 nm,900,LI_L2,LOCAL,ISO_z4,INVALID,,0.0008107,0,13.5581,0.0109559,357.797,0.0109559,,0,9,4.9e-11
R600,aggregates,MC cutoff 0.6 nm,900,LI_L2,LOCAL,ISO_z8,INVALID,,0.0008107,0,13.5581,0.0109204,358.96,0.0109204,,0,9,4.9e-11
R800,aggregates,MC cutoff 0.6 nm,900,LI_L2,LOCAL,BRI,INVALID,,0.00132564,0,13.5581,0.0179731,111.834,0.0179731,,0,8,5.6e-11
R800,aggregates,MC cutoff 0.6 nm,900,LI_L2,LOCAL,ISO_z2,INVALID,,0.00132564,0,13.5581,0.0179255,112.131,0.0179255,,0,8,5.6e-11
R800,aggregates,MC cutoff 0.6 nm,900,LI_L2,LOCAL,ISO_z4,INVALID,,0.00132564,0,13.5581,0.017878,112.429,0.017878,,0,8,5.6e-11
R800,aggregates,MC cutoff 0.6 nm,900,LI_L2,LOCAL,ISO_z8,INVALID,,0.00132564,0,13.5581,0.0177834,113.027,0.0177834,,0,8,5.6e-11
R1000,aggregates,MC cutoff 0.6 nm,900,LI_L2,LOCAL,BRI,INVALID,YUAN_STRONG_REDUCTION,0.00360695,0,13.5581,0.0489032,0.928364,0.0489032,,0,10,2.8e-10
R1000,aggregates,MC cutoff 0.6 nm,900,LI_L2,LOCAL,ISO_z2,INVALID,YUAN_STRONG_REDUCTION,0.00360695,0,13.5581,0.0485511,0.935098,0.0485511,,0,10,2.8e-10
R1000,aggregates,MC cutoff 0.6 nm,900,LI_L2,LOCAL,ISO_z4,INVALID,YUAN_STRONG_REDUCTION,0.00360695,0,13.5581,0.0482015,0.94188,0.0482015,,0,10,2.8e-10
R1000,aggregates,MC cutoff 0.6 nm,900,LI_L2,LOCAL,ISO_z8,INVALID,YUAN_STRONG_REDUCTION,0.00360695,0,13.5581,0.0475098,0.955593,0.0475098,,0,10,2.8e-10
A600,aggregates,MC cutoff 0.6 nm,900,LI_CONT xi 0.5,NEUTRAL,BRI,INVALID,,1.18313e-06,0,13.5581,1.6041e-05,140889,1.6041e-05,,0,15,3.4e-14
A600,aggregates,MC cutoff 0.6 nm,900,LI_CONT xi 0.5,NEUTRAL,ISO_z2,INVALID,,1.18313e-06,0,13.5581,1.6041e-05,140889,1.6041e-05,,0,15,3.4e-14
A600,aggregates,MC cutoff 0.6 nm,900,LI_CONT xi 0.5,NEUTRAL,ISO_z4,INVALID,,1.18313e-06,0,13.5581,1.60409e-05,140890,1.60409e-05,,0,15,3.4e-14
A600,aggregates,MC cutoff 0.6 nm,900,LI_CONT xi 0.5,NEUTRAL,ISO_z8,INVALID,,1.18313e-06,0,13.5581,1.60409e-05,140890,1.60409e-05,,0,15,3.4e-14
R500,aggregates,MC cutoff 0.6 nm,900,LI_CONT xi 0.5,NEUTRAL,BRI,INVALID,,1.86727e-06,0,13.5581,2.53166e-05,148914,2.53166e-05,,0,13,2.1e-13
R500,aggregates,MC cutoff 0.6 nm,900,LI_CONT xi 0.5,NEUTRAL,ISO_z2,INVALID,,1.86727e-06,0,13.5581,2.53165e-05,148915,2.53165e-05,,0,13,2.1e-13
R500,aggregates,MC cutoff 0.6 nm,900,LI_CONT xi 0.5,NEUTRAL,ISO_z4,INVALID,,1.86727e-06,0,13.5581,2.53164e-05,148915,2.53164e-05,,0,13,2.1e-13
R500,aggregates,MC cutoff 0.6 nm,900,LI_CONT xi 0.5,NEUTRAL,ISO_z8,INVALID,,1.86727e-06,0,13.5581,2.53162e-05,148916,2.53162e-05,,0,13,2.1e-13
R600,aggregates,MC cutoff 0.6 nm,900,LI_CONT xi 0.5,NEUTRAL,BRI,INVALID,,2.24011e-06,0,13.5581,3.03716e-05,129068,3.03716e-05,,0,18,2.5e-11
R600,aggregates,MC cutoff 0.6 nm,900,LI_CONT xi 0.5,NEUTRAL,ISO_z2,INVALID,,2.24011e-06,0,13.5581,3.03714e-05,129069,3.03714e-05,,0,18,2.5e-11
R600,aggregates,MC cutoff 0.6 nm,900,LI_CONT xi 0.5,NEUTRAL,ISO_z4,INVALID,,2.24011e-06,0,13.5581,3.03713e-05,129069,3.03713e-05,,0,18,2.5e-11
R600,aggregates,MC cutoff 0.6 nm,900,LI_CONT xi 0.5,NEUTRAL,ISO_z8,INVALID,,2.24011e-06,0,13.5581,3.0371e-05,129070,3.0371e-05,,0,18,2.5e-11
R800,aggregates,MC cutoff 0.6 nm,900,LI_CONT xi 0.5,NEUTRAL,BRI,INVALID,,2.26366e-06,0,13.5581,3.06908e-05,65491.9,3.06908e-05,,0,18,8.3e-11
R800,aggregates,MC cutoff 0.6 nm,900,LI_CONT xi 0.5,NEUTRAL,ISO_z2,INVALID,,2.26366e-06,0,13.5581,3.06907e-05,65492.2,3.06907e-05,,0,18,8.3e-11
R800,aggregates,MC cutoff 0.6 nm,900,LI_CONT xi 0.5,NEUTRAL,ISO_z4,INVALID,,2.26366e-06,0,13.5581,3.06905e-05,65492.5,3.06905e-05,,0,18,8.3e-11
R800,aggregates,MC cutoff 0.6 nm,900,LI_CONT xi 0.5,NEUTRAL,ISO_z8,INVALID,,2.26366e-06,0,13.5581,3.06903e-05,65493.1,3.06903e-05,,0,18,8.3e-11
R1000,aggregates,MC cutoff 0.6 nm,900,LI_CONT xi 0.5,NEUTRAL,BRI,INVALID,YUAN_STRONG_REDUCTION,2.28909e-06,0,13.5581,3.10356e-05,1462.84,3.10356e-05,,0,17,3.2e-10
R1000,aggregates,MC cutoff 0.6 nm,900,LI_CONT xi 0.5,NEUTRAL,ISO_z2,INVALID,YUAN_STRONG_REDUCTION,2.28909e-06,0,13.5581,3.10354e-05,1462.84,3.10354e-05,,0,17,3.2e-10
R1000,aggregates,MC cutoff 0.6 nm,900,LI_CONT xi 0.5,NEUTRAL,ISO_z4,INVALID,YUAN_STRONG_REDUCTION,2.28909e-06,0,13.5581,3.10353e-05,1462.85,3.10353e-05,,0,17,3.2e-10
R1000,aggregates,MC cutoff 0.6 nm,900,LI_CONT xi 0.5,NEUTRAL,ISO_z8,INVALID,YUAN_STRONG_REDUCTION,2.28909e-06,0,13.5581,3.1035e-05,1462.86,3.1035e-05,,0,17,3.2e-10
A600,aggregates,MC cutoff 0.6 nm,900,LI_CONT xi 0.5,LOCAL,BRI,INVALID,,8.68567e-05,0,13.5581,0.00117761,1919.14,0.00117761,,0,12,-3.4e-12
A600,aggregates,MC cutoff 0.6 nm,900,LI_CONT xi 0.5,LOCAL,ISO_z2,INVALID,,8.68567e-05,0,13.5581,0.0011774,1919.48,0.0011774,,0,12,-3.4e-12
A600,aggregates,MC cutoff 0.6 nm,900,LI_CONT xi 0.5,LOCAL,ISO_z4,INVALID,,8.68567e-05,0,13.5581,0.0011772,1919.81,0.0011772,,0,12,-3.4e-12
A600,aggregates,MC cutoff 0.6 nm,900,LI_CONT xi 0.5,LOCAL,ISO_z8,INVALID,,8.68567e-05,0,13.5581,0.00117679,1920.48,0.00117679,,0,12,-3.4e-12
R500,aggregates,MC cutoff 0.6 nm,900,LI_CONT xi 0.5,LOCAL,BRI,INVALID,,0.000170786,0,13.5581,0.00231553,1628.14,0.00231553,,0,12,7.1e-15
R500,aggregates,MC cutoff 0.6 nm,900,LI_CONT xi 0.5,LOCAL,ISO_z2,INVALID,,0.000170786,0,13.5581,0.00231474,1628.69,0.00231474,,0,12,7.1e-15
R500,aggregates,MC cutoff 0.6 nm,900,LI_CONT xi 0.5,LOCAL,ISO_z4,INVALID,,0.000170786,0,13.5581,0.00231395,1629.25,0.00231395,,0,12,7.1e-15
R500,aggregates,MC cutoff 0.6 nm,900,LI_CONT xi 0.5,LOCAL,ISO_z8,INVALID,,0.000170786,0,13.5581,0.00231237,1630.36,0.00231237,,0,12,7.1e-15
R600,aggregates,MC cutoff 0.6 nm,900,LI_CONT xi 0.5,LOCAL,BRI,INVALID,,0.000321273,0,13.5581,0.00435584,899.942,0.00435584,,0,10,-4.3e-12
R600,aggregates,MC cutoff 0.6 nm,900,LI_CONT xi 0.5,LOCAL,ISO_z2,INVALID,,0.000321273,0,13.5581,0.00435304,900.52,0.00435304,,0,10,-4.3e-12
R600,aggregates,MC cutoff 0.6 nm,900,LI_CONT xi 0.5,LOCAL,ISO_z4,INVALID,,0.000321273,0,13.5581,0.00435024,901.099,0.00435024,,0,10,-4.3e-12
R600,aggregates,MC cutoff 0.6 nm,900,LI_CONT xi 0.5,LOCAL,ISO_z8,INVALID,,0.000321273,0,13.5581,0.00434466,902.258,0.00434466,,0,10,-4.3e-12
R800,aggregates,MC cutoff 0.6 nm,900,LI_CONT xi 0.5,LOCAL,BRI,INVALID,,0.000525289,0,13.5581,0.00712189,282.228,0.00712189,,0,9,-3.7e-11
R800,aggregates,MC cutoff 0.6 nm,900,LI_CONT xi 0.5,LOCAL,ISO_z2,INVALID,,0.000525289,0,13.5581,0.00711441,282.525,0.00711441,,0,9,-3.7e-11
R800,aggregates,MC cutoff 0.6 nm,900,LI_CONT xi 0.5,LOCAL,ISO_z4,INVALID,,0.000525289,0,13.5581,0.00710694,282.822,0.00710694,,0,9,-3.7e-11
R800,aggregates,MC cutoff 0.6 nm,900,LI_CONT xi 0.5,LOCAL,ISO_z8,INVALID,,0.000525289,0,13.5581,0.00709202,283.417,0.00709202,,0,9,-3.7e-11
R1000,aggregates,MC cutoff 0.6 nm,900,LI_CONT xi 0.5,LOCAL,BRI,INVALID,YUAN_STRONG_REDUCTION,0.00142872,0,13.5581,0.0193707,2.34374,0.0193707,,0,11,7.5e-11
R1000,aggregates,MC cutoff 0.6 nm,900,LI_CONT xi 0.5,LOCAL,ISO_z2,INVALID,YUAN_STRONG_REDUCTION,0.00142872,0,13.5581,0.0193154,2.35045,0.0193154,,0,11,7.5e-11
R1000,aggregates,MC cutoff 0.6 nm,900,LI_CONT xi 0.5,LOCAL,ISO_z4,INVALID,YUAN_STRONG_REDUCTION,0.00142872,0,13.5581,0.0192603,2.35718,0.0192603,,0,11,7.5e-11
R1000,aggregates,MC cutoff 0.6 nm,900,LI_CONT xi 0.5,LOCAL,ISO_z8,INVALID,YUAN_STRONG_REDUCTION,0.00142872,0,13.5581,0.0191504,2.3707,0.0191504,,0,11,7.5e-11
A600,decay_length,xi 0.25 nm,900,LI_CONT xi 0.25,NEUTRAL,BRI,SENSITIVITY,RECON_CAP,0.990386,0,13.5581,2.30487,0.980532,13.4277,0.168309,0,13,0.0e+00
A600,decay_length,xi 0.25 nm,900,LI_CONT xi 0.25,NEUTRAL,ISO_z2,SENSITIVITY,RECON_CAP,0.990386,0,13.5581,1.58783,1.42333,0.00124118,,0,13,0.0e+00
A600,decay_length,xi 0.25 nm,900,LI_CONT xi 0.25,NEUTRAL,ISO_z4,SENSITIVITY,RECON_CAP,0.990386,0,13.5581,1.09385,2.06609,1.14727e-07,,0,13,0.0e+00
A600,decay_length,xi 0.25 nm,900,LI_CONT xi 0.25,NEUTRAL,ISO_z8,SENSITIVITY,RECON_CAP,0.990386,0,13.5581,0.519124,4.35349,9.80234e-16,,0,13,0.0e+00
R500,decay_length,xi 0.25 nm,900,LI_CONT xi 0.25,NEUTRAL,BRI,SENSITIVITY,RECON_CAP,0.999875,0,13.5581,2.30487,1.63567,13.5564,0.278098,0,12,7.1e-15
R500,decay_length,xi 0.25 nm,900,LI_CONT xi 0.25,NEUTRAL,ISO_z2,SENSITIVITY,RECON_CAP,0.999875,0,13.5581,1.58783,2.37432,2.12213e-07,,0,12,7.1e-15
R500,decay_length,xi 0.25 nm,900,LI_CONT xi 0.25,NEUTRAL,ISO_z4,SENSITIVITY,RECON_CAP,0.999875,0,13.5581,1.09385,3.44653,3.32201e-15,,0,12,7.1e-15
R500,decay_length,xi 0.25 nm,900,LI_CONT xi 0.25,NEUTRAL,ISO_z8,SENSITIVITY,RECON_CAP,0.999875,0,13.5581,0.519124,7.26223,8.14066e-31,,0,12,7.1e-15
R600,decay_length,xi 0.25 nm,900,LI_CONT xi 0.25,NEUTRAL,BRI,SENSITIVITY,RECON_CAP,0.999986,0,13.5581,2.30487,1.70075,13.5579,0.289131,0,11,-1.4e-14
R600,decay_length,xi 0.25 nm,900,LI_CONT xi 0.25,NEUTRAL,ISO_z2,SENSITIVITY,RECON_CAP,0.999986,0,13.5581,1.58783,2.46879,2.63667e-09,,0,11,-1.4e-14
R600,decay_length,xi 0.25 nm,900,LI_CONT xi 0.25,NEUTRAL,ISO_z4,SENSITIVITY,RECON_CAP,0.999986,0,13.5581,1.09385,3.58366,5.12768e-19,,0,11,-1.4e-14
R600,decay_length,xi 0.25 nm,900,LI_CONT xi 0.25,NEUTRAL,ISO_z8,SENSITIVITY,RECON_CAP,0.999986,0,13.5581,0.519124,7.55118,1.93933e-38,,0,11,-1.4e-14
R800,decay_length,xi 0.25 nm,900,LI_CONT xi 0.25,NEUTRAL,BRI,SENSITIVITY,RECON_CAP,0.999995,0,13.5581,2.30487,0.872066,13.558,0.148252,0,10,5.7e-14
R800,decay_length,xi 0.25 nm,900,LI_CONT xi 0.25,NEUTRAL,ISO_z2,SENSITIVITY,RECON_CAP,0.999995,0,13.5581,1.58783,1.26588,3.23223e-10,,0,10,5.7e-14
R800,decay_length,xi 0.25 nm,900,LI_CONT xi 0.25,NEUTRAL,ISO_z4,SENSITIVITY,RECON_CAP,0.999995,0,13.5581,1.09385,1.83754,7.70565e-21,,0,10,5.7e-14
R800,decay_length,xi 0.25 nm,900,LI_CONT xi 0.25,NEUTRAL,ISO_z8,SENSITIVITY,RECON_CAP,0.999995,0,13.5581,0.519124,3.87191,4.37948e-42,,0,10,5.7e-14
R1000,decay_length,xi 0.25 nm,900,LI_CONT xi 0.25,NEUTRAL,BRI,BOUNDARY,RECON_CAP YUAN_STRONG_REDUCTION,0.999999,0,13.5581,2.30487,0.0196974,13.558,0.00334856,0,8,1.1e-13
R1000,decay_length,xi 0.25 nm,900,LI_CONT xi 0.25,NEUTRAL,ISO_z2,BOUNDARY,RECON_CAP YUAN_STRONG_REDUCTION,0.999999,0,13.5581,1.58783,0.0285926,1.19277e-11,,0,8,1.1e-13
R1000,decay_length,xi 0.25 nm,900,LI_CONT xi 0.25,NEUTRAL,ISO_z4,BOUNDARY,RECON_CAP YUAN_STRONG_REDUCTION,0.999999,0,13.5581,1.09385,0.0415047,1.04935e-23,,0,8,1.1e-13
R1000,decay_length,xi 0.25 nm,900,LI_CONT xi 0.25,NEUTRAL,ISO_z8,BOUNDARY,RECON_CAP YUAN_STRONG_REDUCTION,0.999999,0,13.5581,0.519124,0.087455,8.1216e-48,,0,8,1.1e-13
A600,decay_length,xi 0.25 nm,900,LI_CONT xi 0.25,LOCAL,BRI,SENSITIVITY,,0.107415,0,13.5581,1.45634,1.55183,1.45634,1.55183,0,18,-1.1e-11
A600,decay_length,xi 0.25 nm,900,LI_CONT xi 0.25,LOCAL,ISO_z2,SENSITIVITY,,0.107415,0,13.5581,1.16028,1.94781,1.16028,1.94781,0,18,-1.1e-11
A600,decay_length,xi 0.25 nm,900,LI_CONT xi 0.25,LOCAL,ISO_z4,SENSITIVITY,,0.107415,0,13.5581,0.924403,2.44482,0.924403,2.44482,0,18,-1.1e-11
A600,decay_length,xi 0.25 nm,900,LI_CONT xi 0.25,LOCAL,ISO_z8,SENSITIVITY,,0.107415,0,13.5581,0.586758,3.85167,0.586758,3.85167,0,18,-1.1e-11
R500,decay_length,xi 0.25 nm,900,LI_CONT xi 0.25,LOCAL,BRI,SENSITIVITY,RECON_CAP,0.180702,0,13.5581,2.30487,1.63567,2.44997,1.53879,0,17,-2.2e-11
R500,decay_length,xi 0.25 nm,900,LI_CONT xi 0.25,LOCAL,ISO_z2,SENSITIVITY,RECON_CAP,0.180702,0,13.5581,1.58783,2.37432,1.64454,2.29243,0,17,-2.2e-11
R500,decay_length,xi 0.25 nm,900,LI_CONT xi 0.25,LOCAL,ISO_z4,SENSITIVITY,RECON_CAP,0.180702,0,13.5581,1.09385,3.44653,1.1039,3.41518,0,17,-2.2e-11
R500,decay_length,xi 0.25 nm,900,LI_CONT xi 0.25,LOCAL,ISO_z8,SENSITIVITY,RECON_CAP,0.180702,0,13.5581,0.519124,7.26223,0.497388,7.57959,0,17,-2.2e-11
R600,decay_length,xi 0.25 nm,900,LI_CONT xi 0.25,LOCAL,BRI,SENSITIVITY,RECON_CAP,0.226492,0,13.5581,2.30487,1.70075,3.07079,1.27654,0,9,1.4e-14
R600,decay_length,xi 0.25 nm,900,LI_CONT xi 0.25,LOCAL,ISO_z2,SENSITIVITY,RECON_CAP,0.226492,0,13.5581,1.58783,2.46879,1.8373,2.13357,0,9,1.4e-14
R600,decay_length,xi 0.25 nm,900,LI_CONT xi 0.25,LOCAL,ISO_z4,SENSITIVITY,RECON_CAP,0.226492,0,13.5581,1.09385,3.58366,1.09928,3.56596,0,9,1.4e-14
R600,decay_length,xi 0.25 nm,900,LI_CONT xi 0.25,LOCAL,ISO_z8,SENSITIVITY,RECON_CAP,0.226492,0,13.5581,0.519124,7.55118,0.393522,9.96132,0,9,1.4e-14
R800,decay_length,xi 0.25 nm,900,LI_CONT xi 0.25,LOCAL,BRI,SENSITIVITY,RECON_CAP,0.241488,0,13.5581,2.30487,0.872066,3.27411,0.613907,0,8,-2.8e-14
R800,decay_length,xi 0.25 nm,900,LI_CONT xi 0.25,LOCAL,ISO_z2,SENSITIVITY,RECON_CAP,0.241488,0,13.5581,1.58783,1.26588,1.88373,1.06703,0,8,-2.8e-14
R800,decay_length,xi 0.25 nm,900,LI_CONT xi 0.25,LOCAL,ISO_z4,SENSITIVITY,RECON_CAP,0.241488,0,13.5581,1.09385,1.83754,1.08378,1.85461,0,8,-2.8e-14
R800,decay_length,xi 0.25 nm,900,LI_CONT xi 0.25,LOCAL,ISO_z8,SENSITIVITY,RECON_CAP,0.241488,0,13.5581,0.519124,3.87191,0.35875,5.60278,0,8,-2.8e-14
R1000,decay_length,xi 0.25 nm,900,LI_CONT xi 0.25,LOCAL,BRI,BOUNDARY,RECON_CAP YUAN_STRONG_REDUCTION,0.249048,0,13.5581,2.30487,0.0196974,3.37661,0.0134454,0,6,-5.6e-11
R1000,decay_length,xi 0.25 nm,900,LI_CONT xi 0.25,LOCAL,ISO_z2,BOUNDARY,RECON_CAP YUAN_STRONG_REDUCTION,0.249048,0,13.5581,1.58783,0.0285926,1.90417,0.0238424,0,6,-5.6e-11
R1000,decay_length,xi 0.25 nm,900,LI_CONT xi 0.25,LOCAL,ISO_z4,BOUNDARY,RECON_CAP YUAN_STRONG_REDUCTION,0.249048,0,13.5581,1.09385,0.0415047,1.07381,0.0422792,0,6,-5.6e-11
R1000,decay_length,xi 0.25 nm,900,LI_CONT xi 0.25,LOCAL,ISO_z8,BOUNDARY,RECON_CAP YUAN_STRONG_REDUCTION,0.249048,0,13.5581,0.519124,0.087455,0.34149,0.132947,0,6,-5.6e-11
A600,decay_length,xi 1 nm,900,LI_CONT xi 1,NEUTRAL,BRI,SENSITIVITY,RECON_CAP,0.723303,0,13.5581,2.30487,0.980532,9.80659,0.230457,0,12,-1.1e-14
A600,decay_length,xi 1 nm,900,LI_CONT xi 1,NEUTRAL,ISO_z2,SENSITIVITY,RECON_CAP,0.723303,0,13.5581,1.58783,1.42333,0.750803,3.01011,0,12,-1.1e-14
A600,decay_length,xi 1 nm,900,LI_CONT xi 1,NEUTRAL,ISO_z4,SENSITIVITY,RECON_CAP,0.723303,0,13.5581,1.09385,2.06609,0.0574822,,0,12,-1.1e-14
A600,decay_length,xi 1 nm,900,LI_CONT xi 1,NEUTRAL,ISO_z8,SENSITIVITY,RECON_CAP,0.723303,0,13.5581,0.519124,4.35349,0.000336937,,0,12,-1.1e-14
R500,decay_length,xi 1 nm,900,LI_CONT xi 1,NEUTRAL,BRI,SENSITIVITY,RECON_CAP,0.964454,0,13.5581,2.30487,1.63567,13.0761,0.288312,0,11,3.6e-14
R500,decay_length,xi 1 nm,900,LI_CONT xi 1,NEUTRAL,ISO_z2,SENSITIVITY,RECON_CAP,0.964454,0,13.5581,1.58783,2.37432,0.0165218,,0,11,3.6e-14
R500,decay_length,xi 1 nm,900,LI_CONT xi 1,NEUTRAL,ISO_z4,SENSITIVITY,RECON_CAP,0.964454,0,13.5581,1.09385,3.44653,2.08755e-05,,0,11,3.6e-14
R500,decay_length,xi 1 nm,900,LI_CONT xi 1,NEUTRAL,ISO_z8,SENSITIVITY,RECON_CAP,0.964454,0,13.5581,0.519124,7.26223,3.3327e-11,,0,11,3.6e-14
R600,decay_length,xi 1 nm,900,LI_CONT xi 1,NEUTRAL,BRI,SENSITIVITY,RECON_CAP,0.999305,0,13.5581,2.30487,1.70075,13.5486,0.289328,0,11,2.8e-14
R600,decay_length,xi 1 nm,900,LI_CONT xi 1,NEUTRAL,ISO_z2,SENSITIVITY,RECON_CAP,0.999305,0,13.5581,1.58783,2.46879,6.54956e-06,,0,11,2.8e-14
R600,decay_length,xi 1 nm,900,LI_CONT xi 1,NEUTRAL,ISO_z4,SENSITIVITY,RECON_CAP,0.999305,0,13.5581,1.09385,3.58366,3.16613e-12,,0,11,2.8e-14
R600,decay_length,xi 1 nm,900,LI_CONT xi 1,NEUTRAL,ISO_z8,SENSITIVITY,RECON_CAP,0.999305,0,13.5581,0.519124,7.55118,7.3988e-25,,0,11,2.8e-14
R800,decay_length,xi 1 nm,900,LI_CONT xi 1,NEUTRAL,BRI,SENSITIVITY,RECON_CAP,0.999976,0,13.5581,2.30487,0.872066,13.5577,0.148255,0,10,3.5e-11
R800,decay_length,xi 1 nm,900,LI_CONT xi 1,NEUTRAL,ISO_z2,SENSITIVITY,RECON_CAP,0.999976,0,13.5581,1.58783,1.26588,7.63253e-09,,0,10,3.5e-11
R800,decay_length,xi 1 nm,900,LI_CONT xi 1,NEUTRAL,ISO_z4,SENSITIVITY,RECON_CAP,0.999976,0,13.5581,1.09385,1.83754,4.29684e-18,,0,10,3.5e-11
R800,decay_length,xi 1 nm,900,LI_CONT xi 1,NEUTRAL,ISO_z8,SENSITIVITY,RECON_CAP,0.999976,0,13.5581,0.519124,3.87191,1.36179e-36,,0,10,3.5e-11
R1000,decay_length,xi 1 nm,900,LI_CONT xi 1,NEUTRAL,BRI,BOUNDARY,RECON_CAP YUAN_STRONG_REDUCTION,0.999999,0,13.5581,2.30487,0.0196974,13.558,0.00334857,0,8,5.9e-12
R1000,decay_length,xi 1 nm,900,LI_CONT xi 1,NEUTRAL,ISO_z2,BOUNDARY,RECON_CAP YUAN_STRONG_REDUCTION,0.999999,0,13.5581,1.58783,0.0285926,2.27558e-11,,0,8,5.9e-12
R1000,decay_length,xi 1 nm,900,LI_CONT xi 1,NEUTRAL,ISO_z4,BOUNDARY,RECON_CAP YUAN_STRONG_REDUCTION,0.999999,0,13.5581,1.09385,0.0415047,3.81934e-23,,0,8,5.9e-12
R1000,decay_length,xi 1 nm,900,LI_CONT xi 1,NEUTRAL,ISO_z8,BOUNDARY,RECON_CAP YUAN_STRONG_REDUCTION,0.999999,0,13.5581,0.519124,0.087455,1.07592e-46,,0,8,5.9e-12
A600,decay_length,xi 1 nm,900,LI_CONT xi 1,LOCAL,BRI,SENSITIVITY,,0.0906682,0,13.5581,1.22928,1.83847,1.22928,1.83847,0,16,9.9e-12
A600,decay_length,xi 1 nm,900,LI_CONT xi 1,LOCAL,ISO_z2,SENSITIVITY,,0.0906682,0,13.5581,1.01648,2.22337,1.01648,2.22337,0,16,9.9e-12
A600,decay_length,xi 1 nm,900,LI_CONT xi 1,LOCAL,ISO_z4,SENSITIVITY,,0.0906682,0,13.5581,0.840508,2.68885,0.840508,2.68885,0,16,9.9e-12
A600,decay_length,xi 1 nm,900,LI_CONT xi 1,LOCAL,ISO_z8,SENSITIVITY,,0.0906682,0,13.5581,0.574687,3.93257,0.574687,3.93257,0,16,9.9e-12
R500,decay_length,xi 1 nm,900,LI_CONT xi 1,LOCAL,BRI,SENSITIVITY,,0.166473,0,13.5581,2.25705,1.67032,2.25705,1.67032,0,11,-7.1e-15
R500,decay_length,xi 1 nm,900,LI_CONT xi 1,LOCAL,ISO_z2,SENSITIVITY,,0.166473,0,13.5581,1.56812,2.40415,1.56812,2.40415,0,11,-7.1e-15
R500,decay_length,xi 1 nm,900,LI_CONT xi 1,LOCAL,ISO_z4,SENSITIVITY,,0.166473,0,13.5581,1.08948,3.46036,1.08948,3.46036,0,11,-7.1e-15
R500,decay_length,xi 1 nm,900,LI_CONT xi 1,LOCAL,ISO_z8,SENSITIVITY,,0.166473,0,13.5581,0.525895,7.16873,0.525895,7.16873,0,11,-7.1e-15
R600,decay_length,xi 1 nm,900,LI_CONT xi 1,LOCAL,BRI,SENSITIVITY,RECON_CAP,0.221354,0,13.5581,2.30487,1.70075,3.00114,1.30617,0,9,4.3e-14
R600,decay_length,xi 1 nm,900,LI_CONT xi 1,LOCAL,ISO_z2,SENSITIVITY,RECON_CAP,0.221354,0,13.5581,1.58783,2.46879,1.81956,2.15437,0,9,4.3e-14
R600,decay_length,xi 1 nm,900,LI_CONT xi 1,LOCAL,ISO_z4,SENSITIVITY,RECON_CAP,0.221354,0,13.5581,1.09385,3.58366,1.10318,3.55337,0,9,4.3e-14
R600,decay_length,xi 1 nm,900,LI_CONT xi 1,LOCAL,ISO_z8,SENSITIVITY,RECON_CAP,0.221354,0,13.5581,0.519124,7.55118,0.405512,9.66678,0,9,4.3e-14
R800,decay_length,xi 1 nm,900,LI_CONT xi 1,LOCAL,BRI,SENSITIVITY,RECON_CAP,0.24003,0,13.5581,2.30487,0.872066,3.25434,0.617637,0,8,0.0e+00
R800,decay_length,xi 1 nm,900,LI_CONT xi 1,LOCAL,ISO_z2,SENSITIVITY,RECON_CAP,0.24003,0,13.5581,1.58783,1.26588,1.87956,1.0694,0,8,0.0e+00
R800,decay_length,xi 1 nm,900,LI_CONT xi 1,LOCAL,ISO_z4,SENSITIVITY,RECON_CAP,0.24003,0,13.5581,1.09385,1.83754,1.08555,1.8516,0,8,0.0e+00
R800,decay_length,xi 1 nm,900,LI_CONT xi 1,LOCAL,ISO_z8,SENSITIVITY,RECON_CAP,0.24003,0,13.5581,0.519124,3.87191,0.362105,5.55087,0,8,0.0e+00
R1000,decay_length,xi 1 nm,900,LI_CONT xi 1,LOCAL,BRI,BOUNDARY,RECON_CAP YUAN_STRONG_REDUCTION,0.248976,0,13.5581,2.30487,0.0196974,3.37563,0.0134494,0,6,-1.2e-10
R1000,decay_length,xi 1 nm,900,LI_CONT xi 1,LOCAL,ISO_z2,BOUNDARY,RECON_CAP YUAN_STRONG_REDUCTION,0.248976,0,13.5581,1.58783,0.0285926,1.90398,0.0238448,0,6,-1.2e-10
R1000,decay_length,xi 1 nm,900,LI_CONT xi 1,LOCAL,ISO_z4,BOUNDARY,RECON_CAP YUAN_STRONG_REDUCTION,0.248976,0,13.5581,1.09385,0.0415047,1.07392,0.0422752,0,6,-1.2e-10
R1000,decay_length,xi 1 nm,900,LI_CONT xi 1,LOCAL,ISO_z8,BOUNDARY,RECON_CAP YUAN_STRONG_REDUCTION,0.248976,0,13.5581,0.519124,0.087455,0.341654,0.132883,0,6,-1.2e-10
A600,global,eps 64 (a_axis),900,PAB,GLOBAL eps 64,BRI,SENSITIVITY,,0.0448051,0,13.5581,0.60747,3.72035,0.60747,3.72035,0,7,7.6e-13
A600,global,eps 64 (a_axis),900,PAB,GLOBAL eps 64,ISO_z2,SENSITIVITY,,0.0448051,0,13.5581,0.554254,4.07755,0.554254,4.07755,0,7,7.6e-13
A600,global,eps 64 (a_axis),900,PAB,GLOBAL eps 64,ISO_z4,SENSITIVITY,,0.0448051,0,13.5581,0.5057,4.46905,0.5057,4.46905,0,7,7.6e-13
A600,global,eps 64 (a_axis),900,PAB,GLOBAL eps 64,ISO_z8,SENSITIVITY,,0.0448051,0,13.5581,0.420979,5.36843,0.420979,5.36843,0,7,7.6e-13
R500,global,eps 64 (a_axis),900,PAB,GLOBAL eps 64,BRI,SENSITIVITY,,0.0669575,0,13.5581,0.907814,4.15284,0.907814,4.15284,0,7,-2.8e-14
R500,global,eps 64 (a_axis),900,PAB,GLOBAL eps 64,ISO_z2,SENSITIVITY,,0.0669575,0,13.5581,0.790314,4.77026,0.790314,4.77026,0,7,-2.8e-14
R500,global,eps 64 (a_axis),900,PAB,GLOBAL eps 64,ISO_z4,SENSITIVITY,,0.0669575,0,13.5581,0.688022,5.47947,0.688022,5.47947,0,7,-2.8e-14
R500,global,eps 64 (a_axis),900,PAB,GLOBAL eps 64,ISO_z8,SENSITIVITY,,0.0669575,0,13.5581,0.521445,7.22991,0.521445,7.22991,0,7,-2.8e-14
R600,global,eps 64 (a_axis),900,PAB,GLOBAL eps 64,BRI,SENSITIVITY,,0.0934427,0,13.5581,1.2669,3.09416,1.2669,3.09416,0,6,5.7e-14
R600,global,eps 64 (a_axis),900,PAB,GLOBAL eps 64,ISO_z2,SENSITIVITY,,0.0934427,0,13.5581,1.0412,3.76489,1.0412,3.76489,0,6,5.7e-14
R600,global,eps 64 (a_axis),900,PAB,GLOBAL eps 64,ISO_z4,SENSITIVITY,,0.0934427,0,13.5581,0.855705,4.58102,0.855705,4.58102,0,6,5.7e-14
R600,global,eps 64 (a_axis),900,PAB,GLOBAL eps 64,ISO_z8,SENSITIVITY,,0.0934427,0,13.5581,0.57797,6.78236,0.57797,6.78236,0,6,5.7e-14
R800,global,eps 64 (a_axis),900,PAB,GLOBAL eps 64,BRI,SENSITIVITY,,0.121394,0,13.5581,1.64586,1.22124,1.64586,1.22124,0,6,2.8e-13
R800,global,eps 64 (a_axis),900,PAB,GLOBAL eps 64,ISO_z2,SENSITIVITY,,0.121394,0,13.5581,1.27052,1.58203,1.27052,1.58203,0,6,2.8e-13
R800,global,eps 64 (a_axis),900,PAB,GLOBAL eps 64,ISO_z4,SENSITIVITY,,0.121394,0,13.5581,0.980779,2.04939,0.980779,2.04939,0,6,2.8e-13
R800,global,eps 64 (a_axis),900,PAB,GLOBAL eps 64,ISO_z8,SENSITIVITY,,0.121394,0,13.5581,0.584451,3.43912,0.584451,3.43912,0,6,2.8e-13
R1000,global,eps 64 (a_axis),900,PAB,GLOBAL eps 64,BRI,BOUNDARY,RECON_CAP YUAN_STRONG_REDUCTION,0.21267,0,13.5581,2.30487,0.0196974,2.88339,0.0157454,0,6,-5.7e-13
R1000,global,eps 64 (a_axis),900,PAB,GLOBAL eps 64,ISO_z2,BOUNDARY,RECON_CAP YUAN_STRONG_REDUCTION,0.21267,0,13.5581,1.58783,0.0285926,1.78738,0.0254003,0,6,-5.7e-13
R1000,global,eps 64 (a_axis),900,PAB,GLOBAL eps 64,ISO_z4,BOUNDARY,RECON_CAP YUAN_STRONG_REDUCTION,0.21267,0,13.5581,1.09385,0.0415047,1.10798,0.0409755,0,6,-5.7e-13
R1000,global,eps 64 (a_axis),900,PAB,GLOBAL eps 64,ISO_z8,BOUNDARY,RECON_CAP YUAN_STRONG_REDUCTION,0.21267,0,13.5581,0.519124,0.087455,0.425754,0.106634,0,6,-5.7e-13
A600,global,eps 64 (a_axis),900,HAM,GLOBAL eps 64,BRI,SENSITIVITY,,0.118672,0,13.5581,1.60896,1.40463,1.60896,1.40463,0,6,0.0e+00
A600,global,eps 64 (a_axis),900,HAM,GLOBAL eps 64,ISO_z2,SENSITIVITY,,0.118672,0,13.5581,1.24974,1.80837,1.24974,1.80837,0,6,0.0e+00
A600,global,eps 64 (a_axis),900,HAM,GLOBAL eps 64,ISO_z4,SENSITIVITY,,0.118672,0,13.5581,0.970724,2.32816,0.970724,2.32816,0,6,0.0e+00
A600,global,eps 64 (a_axis),900,HAM,GLOBAL eps 64,ISO_z8,SENSITIVITY,,0.118672,0,13.5581,0.585661,3.85889,0.585661,3.85889,0,6,0.0e+00
R500,global,eps 64 (a_axis),900,HAM,GLOBAL eps 64,BRI,SENSITIVITY,RECON_CAP,0.173849,0,13.5581,2.30487,1.63567,2.35705,1.59945,0,6,0.0e+00
R500,global,eps 64 (a_axis),900,HAM,GLOBAL eps 64,ISO_z2,SENSITIVITY,RECON_CAP,0.173849,0,13.5581,1.58783,2.37432,1.60875,2.34343,0,6,0.0e+00
R500,global,eps 64 (a_axis),900,HAM,GLOBAL eps 64,ISO_z4,SENSITIVITY,RECON_CAP,0.173849,0,13.5581,1.09385,3.44653,1.09801,3.43347,0,6,0.0e+00
R500,global,eps 64 (a_axis),900,HAM,GLOBAL eps 64,ISO_z8,SENSITIVITY,RECON_CAP,0.173849,0,13.5581,0.519124,7.26223,0.5115,7.37048,0,6,0.0e+00
R600,global,eps 64 (a_axis),900,HAM,GLOBAL eps 64,BRI,SENSITIVITY,RECON_CAP,0.236882,0,13.5581,2.30487,1.70075,3.21166,1.22055,0,6,1.3e-13
R600,global,eps 64 (a_axis),900,HAM,GLOBAL eps 64,ISO_z2,SENSITIVITY,RECON_CAP,0.236882,0,13.5581,1.58783,2.46879,1.87031,2.09591,0,6,1.3e-13
R600,global,eps 64 (a_axis),900,HAM,GLOBAL eps 64,ISO_z4,SENSITIVITY,RECON_CAP,0.236882,0,13.5581,1.09385,3.58366,1.08917,3.59906,0,6,1.3e-13
R600,global,eps 64 (a_axis),900,HAM,GLOBAL eps 64,ISO_z8,SENSITIVITY,RECON_CAP,0.236882,0,13.5581,0.519124,7.55118,0.369372,10.6126,0,6,1.3e-13
R800,global,eps 64 (a_axis),900,HAM,GLOBAL eps 64,BRI,SENSITIVITY,RECON_CAP,0.295683,0,13.5581,2.30487,0.872066,4.00888,0.501386,0,6,4.1e-12
R800,global,eps 64 (a_axis),900,HAM,GLOBAL eps 64,ISO_z2,SENSITIVITY,RECON_CAP,0.295683,0,13.5581,1.58783,1.26588,1.98866,1.01073,0,6,4.1e-12
R800,global,eps 64 (a_axis),900,HAM,GLOBAL eps 64,ISO_z4,SENSITIVITY,RECON_CAP,0.295683,0,13.5581,1.09385,1.83754,0.9865,2.03751,0,6,4.1e-12
R800,global,eps 64 (a_axis),900,HAM,GLOBAL eps 64,ISO_z8,SENSITIVITY,RECON_CAP,0.295683,0,13.5581,0.519124,3.87191,0.242756,8.27991,0,6,4.1e-12
R1000,global,eps 64 (a_axis),900,HAM,GLOBAL eps 64,BRI,BOUNDARY,RECON_CAP YUAN_STRONG_REDUCTION,0.440367,0,13.5581,2.30487,0.0196974,5.97052,0.00760403,0,7,1.0e-12
R1000,global,eps 64 (a_axis),900,HAM,GLOBAL eps 64,ISO_z2,BOUNDARY,RECON_CAP YUAN_STRONG_REDUCTION,0.440367,0,13.5581,1.58783,0.0285926,1.8699,0.0242793,0,7,1.0e-12
R1000,global,eps 64 (a_axis),900,HAM,GLOBAL eps 64,ISO_z4,BOUNDARY,RECON_CAP YUAN_STRONG_REDUCTION,0.440367,0,13.5581,1.09385,0.0415047,0.585634,0.0775228,0,7,1.0e-12
R1000,global,eps 64 (a_axis),900,HAM,GLOBAL eps 64,ISO_z8,BOUNDARY,RECON_CAP YUAN_STRONG_REDUCTION,0.440367,0,13.5581,0.519124,0.087455,0.0574435,,0,7,1.0e-12
A600,global,eps 64 (a_axis),900,LI_SBR1,GLOBAL eps 64,BRI,SENSITIVITY,,0.144878,0,13.5581,1.96427,1.15055,1.96427,1.15055,0,7,-1.8e-14
A600,global,eps 64 (a_axis),900,LI_SBR1,GLOBAL eps 64,ISO_z2,SENSITIVITY,,0.144878,0,13.5581,1.43634,1.57344,1.43634,1.57344,0,7,-1.8e-14
A600,global,eps 64 (a_axis),900,LI_SBR1,GLOBAL eps 64,ISO_z4,SENSITIVITY,,0.144878,0,13.5581,1.0503,2.15177,1.0503,2.15177,0,7,-1.8e-14
A600,global,eps 64 (a_axis),900,LI_SBR1,GLOBAL eps 64,ISO_z8,SENSITIVITY,,0.144878,0,13.5581,0.561596,4.02424,0.561596,4.02424,0,7,-1.8e-14
R500,global,eps 64 (a_axis),900,LI_SBR1,GLOBAL eps 64,BRI,SENSITIVITY,RECON_CAP,0.216893,0,13.5581,2.30487,1.63567,2.94065,1.28203,0,6,-2.1e-14
R500,global,eps 64 (a_axis),900,LI_SBR1,GLOBAL eps 64,ISO_z2,SENSITIVITY,RECON_CAP,0.216893,0,13.5581,1.58783,2.37432,1.80337,2.09053,0,6,-2.1e-14
R500,global,eps 64 (a_axis),900,LI_SBR1,GLOBAL eps 64,ISO_z4,SENSITIVITY,RECON_CAP,0.216893,0,13.5581,1.09385,3.44653,1.10593,3.4089,0,6,-2.1e-14
R500,global,eps 64 (a_axis),900,LI_SBR1,GLOBAL eps 64,ISO_z8,SENSITIVITY,RECON_CAP,0.216893,0,13.5581,0.519124,7.26223,0.415922,9.06419,0,6,-2.1e-14
R600,global,eps 64 (a_axis),900,LI_SBR1,GLOBAL eps 64,BRI,SENSITIVITY,RECON_CAP,0.301377,0,13.5581,2.30487,1.70075,4.08609,0.959353,0,6,-1.8e-13
R600,global,eps 64 (a_axis),900,LI_SBR1,GLOBAL eps 64,ISO_z2,SENSITIVITY,RECON_CAP,0.301377,0,13.5581,1.58783,2.46879,1.99431,1.96559,0,6,-1.8e-13
R600,global,eps 64 (a_axis),900,LI_SBR1,GLOBAL eps 64,ISO_z4,SENSITIVITY,RECON_CAP,0.301377,0,13.5581,1.09385,3.58366,0.973373,4.02723,0,6,-1.8e-13
R600,global,eps 64 (a_axis),900,LI_SBR1,GLOBAL eps 64,ISO_z8,SENSITIVITY,RECON_CAP,0.301377,0,13.5581,0.519124,7.55118,0.231873,16.9058,0,6,-1.8e-13
R800,global,eps 64 (a_axis),900,LI_SBR1,GLOBAL eps 64,BRI,SENSITIVITY,RECON_CAP,0.374775,0,13.5581,2.30487,0.872066,5.08122,0.395574,0,6,4.0e-13
R800,global,eps 64 (a_axis),900,LI_SBR1,GLOBAL eps 64,ISO_z2,SENSITIVITY,RECON_CAP,0.374775,0,13.5581,1.58783,1.26588,1.98628,1.01194,0,6,4.0e-13
R800,global,eps 64 (a_axis),900,LI_SBR1,GLOBAL eps 64,ISO_z4,SENSITIVITY,RECON_CAP,0.374775,0,13.5581,1.09385,1.83754,0.77645,2.58871,0,6,4.0e-13
R800,global,eps 64 (a_axis),900,LI_SBR1,GLOBAL eps 64,ISO_z8,SENSITIVITY,RECON_CAP,0.374775,0,13.5581,0.519124,3.87191,0.118647,,0,6,4.0e-13
R1000,global,eps 64 (a_axis),900,LI_SBR1,GLOBAL eps 64,BRI,BOUNDARY,RECON_CAP YUAN_STRONG_REDUCTION,0.532994,0,13.5581,2.30487,0.0196974,7.22637,0.00628254,0,7,1.1e-10
R1000,global,eps 64 (a_axis),900,LI_SBR1,GLOBAL eps 64,ISO_z2,BOUNDARY,RECON_CAP YUAN_STRONG_REDUCTION,0.532994,0,13.5581,1.58783,0.0285926,1.57603,0.0288066,0,7,1.1e-10
R1000,global,eps 64 (a_axis),900,LI_SBR1,GLOBAL eps 64,ISO_z4,BOUNDARY,RECON_CAP YUAN_STRONG_REDUCTION,0.532994,0,13.5581,1.09385,0.0415047,0.343723,0.132083,0,7,1.1e-10
R1000,global,eps 64 (a_axis),900,LI_SBR1,GLOBAL eps 64,ISO_z8,BOUNDARY,RECON_CAP YUAN_STRONG_REDUCTION,0.532994,0,13.5581,0.519124,0.087455,0.0163492,,0,7,1.1e-10
A600,global,eps 64 (a_axis),900,LI_L2,GLOBAL eps 64,BRI,SENSITIVITY,,0.138214,0,13.5581,1.87391,1.20603,1.87391,1.20603,0,6,8.9e-15
A600,global,eps 64 (a_axis),900,LI_L2,GLOBAL eps 64,ISO_z2,SENSITIVITY,,0.138214,0,13.5581,1.39171,1.6239,1.39171,1.6239,0,6,8.9e-15
A600,global,eps 64 (a_axis),900,LI_L2,GLOBAL eps 64,ISO_z4,SENSITIVITY,,0.138214,0,13.5581,1.03359,2.18656,1.03359,2.18656,0,6,8.9e-15
A600,global,eps 64 (a_axis),900,LI_L2,GLOBAL eps 64,ISO_z8,SENSITIVITY,,0.138214,0,13.5581,0.570092,3.96427,0.570092,3.96427,0,6,8.9e-15
R500,global,eps 64 (a_axis),900,LI_L2,GLOBAL eps 64,BRI,SENSITIVITY,RECON_CAP,0.197373,0,13.5581,2.30487,1.63567,2.67599,1.40882,0,5,9.6e-13
R500,global,eps 64 (a_axis),900,LI_L2,GLOBAL eps 64,ISO_z2,SENSITIVITY,RECON_CAP,0.197373,0,13.5581,1.58783,2.37432,1.7239,2.1869,0,5,9.6e-13
R500,global,eps 64 (a_axis),900,LI_L2,GLOBAL eps 64,ISO_z4,SENSITIVITY,RECON_CAP,0.197373,0,13.5581,1.09385,3.44653,1.11056,3.3947,0,5,9.6e-13
R500,global,eps 64 (a_axis),900,LI_L2,GLOBAL eps 64,ISO_z8,SENSITIVITY,RECON_CAP,0.197373,0,13.5581,0.519124,7.26223,0.460888,8.17985,0,5,9.6e-13
R600,global,eps 64 (a_axis),900,LI_L2,GLOBAL eps 64,BRI,SENSITIVITY,RECON_CAP,0.269653,0,13.5581,2.30487,1.70075,3.65598,1.07222,0,5,1.6e-12
R600,global,eps 64 (a_axis),900,LI_L2,GLOBAL eps 64,ISO_z2,SENSITIVITY,RECON_CAP,0.269653,0,13.5581,1.58783,2.46879,1.95012,2.01013,0,5,1.6e-12
R600,global,eps 64 (a_axis),900,LI_L2,GLOBAL eps 64,ISO_z4,SENSITIVITY,RECON_CAP,0.269653,0,13.5581,1.09385,3.58366,1.04021,3.76848,0,5,1.6e-12
R600,global,eps 64 (a_axis),900,LI_L2,GLOBAL eps 64,ISO_z8,SENSITIVITY,RECON_CAP,0.269653,0,13.5581,0.519124,7.55118,0.295962,13.245,0,5,1.6e-12
R800,global,eps 64 (a_axis),900,LI_L2,GLOBAL eps 64,BRI,SENSITIVITY,RECON_CAP,0.339601,0,13.5581,2.30487,0.872066,4.60433,0.436546,0,5,3.4e-11
R800,global,eps 64 (a_axis),900,LI_L2,GLOBAL eps 64,ISO_z2,SENSITIVITY,RECON_CAP,0.339601,0,13.5581,1.58783,1.26588,2.00807,1.00096,0,5,3.4e-11
R800,global,eps 64 (a_axis),900,LI_L2,GLOBAL eps 64,ISO_z4,SENSITIVITY,RECON_CAP,0.339601,0,13.5581,1.09385,1.83754,0.875775,2.29511,0,5,3.4e-11
R800,global,eps 64 (a_axis),900,LI_L2,GLOBAL eps 64,ISO_z8,SENSITIVITY,RECON_CAP,0.339601,0,13.5581,0.519124,3.87191,0.166578,12.0664,0,5,3.4e-11
R1000,global,eps 64 (a_axis),900,LI_L2,GLOBAL eps 64,BRI,BOUNDARY,RECON_CAP YUAN_STRONG_REDUCTION,0.503475,0,13.5581,2.30487,0.0196974,6.82614,0.0066509,0,5,4.3e-10
R1000,global,eps 64 (a_axis),900,LI_L2,GLOBAL eps 64,ISO_z2,BOUNDARY,RECON_CAP YUAN_STRONG_REDUCTION,0.503475,0,13.5581,1.58783,0.0285926,1.6829,0.0269773,0,5,4.3e-10
R1000,global,eps 64 (a_axis),900,LI_L2,GLOBAL eps 64,ISO_z4,BOUNDARY,RECON_CAP YUAN_STRONG_REDUCTION,0.503475,0,13.5581,1.09385,0.0415047,0.414897,0.109425,0,5,4.3e-10
R1000,global,eps 64 (a_axis),900,LI_L2,GLOBAL eps 64,ISO_z8,BOUNDARY,RECON_CAP YUAN_STRONG_REDUCTION,0.503475,0,13.5581,0.519124,0.087455,0.0252177,,0,5,4.3e-10
A600,global,eps 64 (a_axis),900,LI_CONT xi 0.5,GLOBAL eps 64,BRI,SENSITIVITY,RECON_CAP,0.260207,0,13.5581,2.30487,0.980532,3.5279,0.640607,0,7,-2.3e-14
A600,global,eps 64 (a_axis),900,LI_CONT xi 0.5,GLOBAL eps 64,ISO_z2,SENSITIVITY,RECON_CAP,0.260207,0,13.5581,1.58783,1.42333,1.9308,1.1705,0,7,-2.3e-14
A600,global,eps 64 (a_axis),900,LI_CONT xi 0.5,GLOBAL eps 64,ISO_z4,SENSITIVITY,RECON_CAP,0.260207,0,13.5581,1.09385,2.06609,1.05671,2.13871,0,7,-2.3e-14
A600,global,eps 64 (a_axis),900,LI_CONT xi 0.5,GLOBAL eps 64,ISO_z8,SENSITIVITY,RECON_CAP,0.260207,0,13.5581,0.519124,4.35349,0.316518,7.1402,0,7,-2.3e-14
R500,global,eps 64 (a_axis),900,LI_CONT xi 0.5,GLOBAL eps 64,BRI,SENSITIVITY,RECON_CAP,0.353832,0,13.5581,2.30487,1.63567,4.79728,0.785862,0,6,9.9e-14
R500,global,eps 64 (a_axis),900,LI_CONT xi 0.5,GLOBAL eps 64,ISO_z2,SENSITIVITY,RECON_CAP,0.353832,0,13.5581,1.58783,2.37432,2.00302,1.88216,0,6,9.9e-14
R500,global,eps 64 (a_axis),900,LI_CONT xi 0.5,GLOBAL eps 64,ISO_z4,SENSITIVITY,RECON_CAP,0.353832,0,13.5581,1.09385,3.44653,0.836327,4.50781,0,6,9.9e-14
R500,global,eps 64 (a_axis),900,LI_CONT xi 0.5,GLOBAL eps 64,ISO_z8,SENSITIVITY,RECON_CAP,0.353832,0,13.5581,0.519124,7.26223,0.1458,25.8574,0,6,9.9e-14
R600,global,eps 64 (a_axis),900,LI_CONT xi 0.5,GLOBAL eps 64,BRI,SENSITIVITY,RECON_CAP,0.457292,0,13.5581,2.30487,1.70075,6.2,0.632258,0,6,-8.5e-14
R600,global,eps 64 (a_axis),900,LI_CONT xi 0.5,GLOBAL eps 64,ISO_z2,SENSITIVITY,RECON_CAP,0.457292,0,13.5581,1.58783,2.46879,1.82609,2.14666,0,6,-8.5e-14
R600,global,eps 64 (a_axis),900,LI_CONT xi 0.5,GLOBAL eps 64,ISO_z4,SENSITIVITY,RECON_CAP,0.457292,0,13.5581,1.09385,3.58366,0.537842,7.28838,0,6,-8.5e-14
R600,global,eps 64 (a_axis),900,LI_CONT xi 0.5,GLOBAL eps 64,ISO_z8,SENSITIVITY,RECON_CAP,0.457292,0,13.5581,0.519124,7.55118,0.0466572,,0,6,-8.5e-14
R800,global,eps 64 (a_axis),900,LI_CONT xi 0.5,GLOBAL eps 64,BRI,SENSITIVITY,RECON_CAP,0.545669,0,13.5581,2.30487,0.872066,7.39821,0.271687,0,5,1.1e-11
R800,global,eps 64 (a_axis),900,LI_CONT xi 0.5,GLOBAL eps 64,ISO_z2,SENSITIVITY,RECON_CAP,0.545669,0,13.5581,1.58783,1.26588,1.52712,1.31621,0,5,1.1e-11
R800,global,eps 64 (a_axis),900,LI_CONT xi 0.5,GLOBAL eps 64,ISO_z4,SENSITIVITY,RECON_CAP,0.545669,0,13.5581,1.09385,1.83754,0.315223,6.37645,0,5,1.1e-11
R800,global,eps 64 (a_axis),900,LI_CONT xi 0.5,GLOBAL eps 64,ISO_z8,SENSITIVITY,RECON_CAP,0.545669,0,13.5581,0.519124,3.87191,0.013431,,0,5,1.1e-11
R1000,global,eps 64 (a_axis),900,LI_CONT xi 0.5,GLOBAL eps 64,BRI,BOUNDARY,RECON_CAP YUAN_STRONG_REDUCTION,0.677688,0,13.5581,2.30487,0.0196974,9.18814,0.00494115,0,5,-9.1e-13
R1000,global,eps 64 (a_axis),900,LI_CONT xi 0.5,GLOBAL eps 64,ISO_z2,BOUNDARY,RECON_CAP YUAN_STRONG_REDUCTION,0.677688,0,13.5581,1.58783,0.0285926,0.954508,0.0475638,0,5,-9.1e-13
R1000,global,eps 64 (a_axis),900,LI_CONT xi 0.5,GLOBAL eps 64,ISO_z4,BOUNDARY,RECON_CAP YUAN_STRONG_REDUCTION,0.677688,0,13.5581,1.09385,0.0415047,0.0991589,,0,5,-9.1e-13
R1000,global,eps 64 (a_axis),900,LI_CONT xi 0.5,GLOBAL eps 64,ISO_z8,BOUNDARY,RECON_CAP YUAN_STRONG_REDUCTION,0.677688,0,13.5581,0.519124,0.087455,0.00107013,,0,5,-9.1e-13
A600,global,eps 107 (c_axis),900,PAB,GLOBAL eps 107,BRI,SENSITIVITY,,0.0588782,0,13.5581,0.798274,2.83111,0.798274,2.83111,0,8,1.1e-14
A600,global,eps 107 (c_axis),900,PAB,GLOBAL eps 107,ISO_z2,SENSITIVITY,,0.0588782,0,13.5581,0.707039,3.19643,0.707039,3.19643,0,8,1.1e-14
A600,global,eps 107 (c_axis),900,PAB,GLOBAL eps 107,ISO_z4,SENSITIVITY,,0.0588782,0,13.5581,0.626232,3.60889,0.626232,3.60889,0,8,1.1e-14
A600,global,eps 107 (c_axis),900,PAB,GLOBAL eps 107,ISO_z8,SENSITIVITY,,0.0588782,0,13.5581,0.491268,4.60034,0.491268,4.60034,0,8,1.1e-14
R500,global,eps 107 (c_axis),900,PAB,GLOBAL eps 107,BRI,SENSITIVITY,,0.0909021,0,13.5581,1.23246,3.05893,1.23246,3.05893,0,7,-2.1e-14
R500,global,eps 107 (c_axis),900,PAB,GLOBAL eps 107,ISO_z2,SENSITIVITY,,0.0909021,0,13.5581,1.01858,3.70125,1.01858,3.70125,0,7,-2.1e-14
R500,global,eps 107 (c_axis),900,PAB,GLOBAL eps 107,ISO_z4,SENSITIVITY,,0.0909021,0,13.5581,0.84181,4.47844,0.84181,4.47844,0,7,-2.1e-14
R500,global,eps 107 (c_axis),900,PAB,GLOBAL eps 107,ISO_z8,SENSITIVITY,,0.0909021,0,13.5581,0.574985,6.55669,0.574985,6.55669,0,7,-2.1e-14
R600,global,eps 107 (c_axis),900,PAB,GLOBAL eps 107,BRI,SENSITIVITY,,0.128361,0,13.5581,1.74032,2.25246,1.74032,2.25246,0,6,1.0e-12
R600,global,eps 107 (c_axis),900,PAB,GLOBAL eps 107,ISO_z2,SENSITIVITY,,0.128361,0,13.5581,1.32222,2.96471,1.32222,2.96471,0,6,1.0e-12
R600,global,eps 107 (c_axis),900,PAB,GLOBAL eps 107,ISO_z4,SENSITIVITY,,0.128361,0,13.5581,1.00456,3.9022,1.00456,3.9022,0,6,1.0e-12
R600,global,eps 107 (c_axis),900,PAB,GLOBAL eps 107,ISO_z8,SENSITIVITY,,0.128361,0,13.5581,0.579861,6.76024,0.579861,6.76024,0,6,1.0e-12
R800,global,eps 107 (c_axis),900,PAB,GLOBAL eps 107,BRI,SENSITIVITY,,0.165074,0,13.5581,2.23808,0.898092,2.23808,0.898092,0,6,-1.1e-13
R800,global,eps 107 (c_axis),900,PAB,GLOBAL eps 107,ISO_z2,SENSITIVITY,,0.165074,0,13.5581,1.56017,1.28832,1.56017,1.28832,0,6,-1.1e-13
R800,global,eps 107 (c_axis),900,PAB,GLOBAL eps 107,ISO_z4,SENSITIVITY,,0.165074,0,13.5581,1.0876,1.84811,1.0876,1.84811,0,6,-1.1e-13
R800,global,eps 107 (c_axis),900,PAB,GLOBAL eps 107,ISO_z8,SENSITIVITY,,0.165074,0,13.5581,0.528519,3.80308,0.528519,3.80308,0,6,-1.1e-13
R1000,global,eps 107 (c_axis),900,PAB,GLOBAL eps 107,BRI,BOUNDARY,RECON_CAP YUAN_STRONG_REDUCTION,0.279008,0,13.5581,2.30487,0.0196974,3.78281,0.0120017,0,6,8.0e-13
R1000,global,eps 107 (c_axis),900,PAB,GLOBAL eps 107,ISO_z2,BOUNDARY,RECON_CAP YUAN_STRONG_REDUCTION,0.279008,0,13.5581,1.58783,0.0285926,1.96641,0.0230877,0,6,8.0e-13
R1000,global,eps 107 (c_axis),900,PAB,GLOBAL eps 107,ISO_z4,BOUNDARY,RECON_CAP YUAN_STRONG_REDUCTION,0.279008,0,13.5581,1.09385,0.0415047,1.0222,0.044414,0,6,8.0e-13
R1000,global,eps 107 (c_axis),900,PAB,GLOBAL eps 107,ISO_z8,BOUNDARY,RECON_CAP YUAN_STRONG_REDUCTION,0.279008,0,13.5581,0.519124,0.087455,0.276222,0.164361,0,6,8.0e-13
A600,global,eps 107 (c_axis),900,HAM,GLOBAL eps 107,BRI,SENSITIVITY,,0.156787,0,13.5581,2.12573,1.06316,2.12573,1.06316,0,6,1.8e-14
A600,global,eps 107 (c_axis),900,HAM,GLOBAL eps 107,ISO_z2,SENSITIVITY,,0.156787,0,13.5581,1.51141,1.49529,1.51141,1.49529,0,6,1.8e-14
A600,global,eps 107 (c_axis),900,HAM,GLOBAL eps 107,ISO_z4,SENSITIVITY,,0.156787,0,13.5581,1.07463,2.10306,1.07463,2.10306,0,6,1.8e-14
A600,global,eps 107 (c_axis),900,HAM,GLOBAL eps 107,ISO_z8,SENSITIVITY,,0.156787,0,13.5581,0.543257,4.16009,0.543257,4.16009,0,6,1.8e-14
R500,global,eps 107 (c_axis),900,HAM,GLOBAL eps 107,BRI,SENSITIVITY,RECON_CAP,0.235475,0,13.5581,2.30487,1.63567,3.19258,1.18086,0,6,0.0e+00
R500,global,eps 107 (c_axis),900,HAM,GLOBAL eps 107,ISO_z2,SENSITIVITY,RECON_CAP,0.235475,0,13.5581,1.58783,2.37432,1.86606,2.0203,0,6,0.0e+00
R500,global,eps 107 (c_axis),900,HAM,GLOBAL eps 107,ISO_z4,SENSITIVITY,RECON_CAP,0.235475,0,13.5581,1.09385,3.44653,1.09071,3.45646,0,6,0.0e+00
R500,global,eps 107 (c_axis),900,HAM,GLOBAL eps 107,ISO_z8,SENSITIVITY,RECON_CAP,0.235475,0,13.5581,0.519124,7.26223,0.372629,10.1173,0,6,0.0e+00
R600,global,eps 107 (c_axis),900,HAM,GLOBAL eps 107,BRI,SENSITIVITY,RECON_CAP,0.323679,0,13.5581,2.30487,1.70075,4.38846,0.893253,0,5,1.0e-12
R600,global,eps 107 (c_axis),900,HAM,GLOBAL eps 107,ISO_z2,SENSITIVITY,RECON_CAP,0.323679,0,13.5581,1.58783,2.46879,2.00733,1.95285,0,5,1.0e-12
R600,global,eps 107 (c_axis),900,HAM,GLOBAL eps 107,ISO_z4,SENSITIVITY,RECON_CAP,0.323679,0,13.5581,1.09385,3.58366,0.918172,4.26935,0,5,1.0e-12
R600,global,eps 107 (c_axis),900,HAM,GLOBAL eps 107,ISO_z8,SENSITIVITY,RECON_CAP,0.323679,0,13.5581,0.519124,7.55118,0.192104,20.4056,0,5,1.0e-12
R800,global,eps 107 (c_axis),900,HAM,GLOBAL eps 107,BRI,SENSITIVITY,RECON_CAP,0.402115,0,13.5581,2.30487,0.872066,5.45191,0.368678,0,6,-1.1e-13
R800,global,eps 107 (c_axis),900,HAM,GLOBAL eps 107,ISO_z2,SENSITIVITY,RECON_CAP,0.402115,0,13.5581,1.58783,1.26588,1.94887,1.03137,0,6,-1.1e-13
R800,global,eps 107 (c_axis),900,HAM,GLOBAL eps 107,ISO_z4,SENSITIVITY,RECON_CAP,0.402115,0,13.5581,1.09385,1.83754,0.696655,2.88522,0,6,-1.1e-13
R800,global,eps 107 (c_axis),900,HAM,GLOBAL eps 107,ISO_z8,SENSITIVITY,RECON_CAP,0.402115,0,13.5581,0.519124,3.87191,0.0890199,,0,6,-1.1e-13
R1000,global,eps 107 (c_axis),900,HAM,GLOBAL eps 107,BRI,BOUNDARY,RECON_CAP YUAN_STRONG_REDUCTION,0.584461,0,13.5581,2.30487,0.0196974,7.92416,0.00572931,0,7,1.1e-13
R1000,global,eps 107 (c_axis),900,HAM,GLOBAL eps 107,ISO_z2,BOUNDARY,RECON_CAP YUAN_STRONG_REDUCTION,0.584461,0,13.5581,1.58783,0.0285926,1.36828,0.0331803,0,7,1.1e-13
R1000,global,eps 107 (c_axis),900,HAM,GLOBAL eps 107,ISO_z4,BOUNDARY,RECON_CAP YUAN_STRONG_REDUCTION,0.584461,0,13.5581,1.09385,0.0415047,0.236265,0.192157,0,7,1.1e-13
R1000,global,eps 107 (c_axis),900,HAM,GLOBAL eps 107,ISO_z8,BOUNDARY,RECON_CAP YUAN_STRONG_REDUCTION,0.584461,0,13.5581,0.519124,0.087455,0.00704441,,0,7,1.1e-13
A600,global,eps 107 (c_axis),900,LI_SBR1,GLOBAL eps 107,BRI,SENSITIVITY,RECON_CAP,0.190075,0,13.5581,2.30487,0.980532,2.57704,0.876974,0,7,7.1e-15
A600,global,eps 107 (c_axis),900,LI_SBR1,GLOBAL eps 107,ISO_z2,SENSITIVITY,RECON_CAP,0.190075,0,13.5581,1.58783,1.42333,1.69049,1.33689,0,7,7.1e-15
A600,global,eps 107 (c_axis),900,LI_SBR1,GLOBAL eps 107,ISO_z4,SENSITIVITY,RECON_CAP,0.190075,0,13.5581,1.09385,2.06609,1.10892,2.03801,0,7,7.1e-15
A600,global,eps 107 (c_axis),900,LI_SBR1,GLOBAL eps 107,ISO_z8,SENSITIVITY,RECON_CAP,0.190075,0,13.5581,0.519124,4.35349,0.477179,4.73616,0,7,7.1e-15
R500,global,eps 107 (c_axis),900,LI_SBR1,GLOBAL eps 107,BRI,SENSITIVITY,RECON_CAP,0.28928,0,13.5581,2.30487,1.63567,3.92208,0.961225,0,6,2.1e-14
R500,global,eps 107 (c_axis),900,LI_SBR1,GLOBAL eps 107,ISO_z2,SENSITIVITY,RECON_CAP,0.28928,0,13.5581,1.58783,2.37432,1.98113,1.90295,0,6,2.1e-14
R500,global,eps 107 (c_axis),900,LI_SBR1,GLOBAL eps 107,ISO_z4,SENSITIVITY,RECON_CAP,0.28928,0,13.5581,1.09385,3.44653,1.00071,3.76731,0,6,2.1e-14
R500,global,eps 107 (c_axis),900,LI_SBR1,GLOBAL eps 107,ISO_z8,SENSITIVITY,RECON_CAP,0.28928,0,13.5581,0.519124,7.26223,0.255331,14.7652,0,6,2.1e-14
R600,global,eps 107 (c_axis),900,LI_SBR1,GLOBAL eps 107,BRI,SENSITIVITY,RECON_CAP,0.405899,0,13.5581,2.30487,1.70075,5.5032,0.712312,0,6,-4.3e-14
R600,global,eps 107 (c_axis),900,LI_SBR1,GLOBAL eps 107,ISO_z2,SENSITIVITY,RECON_CAP,0.405899,0,13.5581,1.58783,2.46879,1.94239,2.01813,0,6,-4.3e-14
R600,global,eps 107 (c_axis),900,LI_SBR1,GLOBAL eps 107,ISO_z4,SENSITIVITY,RECON_CAP,0.405899,0,13.5581,1.09385,3.58366,0.685578,5.7178,0,6,-4.3e-14
R600,global,eps 107 (c_axis),900,LI_SBR1,GLOBAL eps 107,ISO_z8,SENSITIVITY,RECON_CAP,0.405899,0,13.5581,0.519124,7.55118,0.0854079,,0,6,-4.3e-14
R800,global,eps 107 (c_axis),900,LI_SBR1,GLOBAL eps 107,BRI,SENSITIVITY,RECON_CAP,0.507359,0,13.5581,2.30487,0.872066,6.8788,0.292202,0,5,1.3e-11
R800,global,eps 107 (c_axis),900,LI_SBR1,GLOBAL eps 107,ISO_z2,SENSITIVITY,RECON_CAP,0.507359,0,13.5581,1.58783,1.26588,1.66945,1.20399,0,5,1.3e-11
R800,global,eps 107 (c_axis),900,LI_SBR1,GLOBAL eps 107,ISO_z4,SENSITIVITY,RECON_CAP,0.507359,0,13.5581,1.09385,1.83754,0.405169,4.9609,0,5,1.3e-11
R800,global,eps 107 (c_axis),900,LI_SBR1,GLOBAL eps 107,ISO_z8,SENSITIVITY,RECON_CAP,0.507359,0,13.5581,0.519124,3.87191,0.0238649,,0,5,1.3e-11
R1000,global,eps 107 (c_axis),900,LI_SBR1,GLOBAL eps 107,BRI,BOUNDARY,RECON_CAP YUAN_STRONG_REDUCTION,0.710185,0,13.5581,2.30487,0.0196974,9.62873,0.00471505,0,7,1.1e-13
R1000,global,eps 107 (c_axis),900,LI_SBR1,GLOBAL eps 107,ISO_z2,BOUNDARY,RECON_CAP YUAN_STRONG_REDUCTION,0.710185,0,13.5581,1.58783,0.0285926,0.808743,0.0561365,0,7,1.1e-13
R1000,global,eps 107 (c_axis),900,LI_SBR1,GLOBAL eps 107,ISO_z4,BOUNDARY,RECON_CAP YUAN_STRONG_REDUCTION,0.710185,0,13.5581,1.09385,0.0415047,0.0679284,,0,7,1.1e-13
R1000,global,eps 107 (c_axis),900,LI_SBR1,GLOBAL eps 107,ISO_z8,BOUNDARY,RECON_CAP YUAN_STRONG_REDUCTION,0.710185,0,13.5581,0.519124,0.087455,0.000479219,,0,7,1.1e-13
A600,global,eps 107 (c_axis),900,LI_L2,GLOBAL eps 107,BRI,SENSITIVITY,RECON_CAP,0.184752,0,13.5581,2.30487,0.980532,2.50487,0.902241,0,6,2.1e-14
A600,global,eps 107 (c_axis),900,LI_L2,GLOBAL eps 107,ISO_z2,SENSITIVITY,RECON_CAP,0.184752,0,13.5581,1.58783,1.42333,1.66481,1.35751,0,6,2.1e-14
A600,global,eps 107 (c_axis),900,LI_L2,GLOBAL eps 107,ISO_z4,SENSITIVITY,RECON_CAP,0.184752,0,13.5581,1.09385,2.06609,1.10649,2.0425,0,6,2.1e-14
A600,global,eps 107 (c_axis),900,LI_L2,GLOBAL eps 107,ISO_z8,SENSITIVITY,RECON_CAP,0.184752,0,13.5581,0.519124,4.35349,0.488771,4.62384,0,6,2.1e-14
R500,global,eps 107 (c_axis),900,LI_L2,GLOBAL eps 107,BRI,SENSITIVITY,RECON_CAP,0.269116,0,13.5581,2.30487,1.63567,3.64869,1.03325,0,5,5.5e-12
R500,global,eps 107 (c_axis),900,LI_L2,GLOBAL eps 107,ISO_z2,SENSITIVITY,RECON_CAP,0.269116,0,13.5581,1.58783,2.37432,1.9491,1.93423,0,5,5.5e-12
R500,global,eps 107 (c_axis),900,LI_L2,GLOBAL eps 107,ISO_z4,SENSITIVITY,RECON_CAP,0.269116,0,13.5581,1.09385,3.44653,1.04119,3.62085,0,5,5.5e-12
R500,global,eps 107 (c_axis),900,LI_L2,GLOBAL eps 107,ISO_z8,SENSITIVITY,RECON_CAP,0.269116,0,13.5581,0.519124,7.26223,0.297115,12.6887,0,5,5.5e-12
R600,global,eps 107 (c_axis),900,LI_L2,GLOBAL eps 107,BRI,SENSITIVITY,RECON_CAP,0.363823,0,13.5581,2.30487,1.70075,4.93274,0.79469,0,5,2.7e-13
R600,global,eps 107 (c_axis),900,LI_L2,GLOBAL eps 107,ISO_z2,SENSITIVITY,RECON_CAP,0.363823,0,13.5581,1.58783,2.46879,1.99638,1.96355,0,5,2.7e-13
R600,global,eps 107 (c_axis),900,LI_L2,GLOBAL eps 107,ISO_z4,SENSITIVITY,RECON_CAP,0.363823,0,13.5581,1.09385,3.58366,0.807977,4.85162,0,5,2.7e-13
R600,global,eps 107 (c_axis),900,LI_L2,GLOBAL eps 107,ISO_z8,SENSITIVITY,RECON_CAP,0.363823,0,13.5581,0.519124,7.55118,0.132346,,0,5,2.7e-13
R800,global,eps 107 (c_axis),900,LI_L2,GLOBAL eps 107,BRI,SENSITIVITY,RECON_CAP,0.452537,0,13.5581,2.30487,0.872066,6.13552,0.327601,0,5,1.4e-11
R800,global,eps 107 (c_axis),900,LI_L2,GLOBAL eps 107,ISO_z2,SENSITIVITY,RECON_CAP,0.452537,0,13.5581,1.58783,1.26588,1.83891,1.09304,0,5,1.4e-11
R800,global,eps 107 (c_axis),900,LI_L2,GLOBAL eps 107,ISO_z4,SENSITIVITY,RECON_CAP,0.452537,0,13.5581,1.09385,1.83754,0.551153,3.6469,0,5,1.4e-11
R800,global,eps 107 (c_axis),900,LI_L2,GLOBAL eps 107,ISO_z8,SENSITIVITY,RECON_CAP,0.452537,0,13.5581,0.519124,3.87191,0.04951,,0,5,1.4e-11
R1000,global,eps 107 (c_axis),900,LI_L2,GLOBAL eps 107,BRI,BOUNDARY,RECON_CAP YUAN_STRONG_REDUCTION,0.651868,0,13.5581,2.30487,0.0196974,8.83807,0.00513687,0,5,1.5e-10
R1000,global,eps 107 (c_axis),900,LI_L2,GLOBAL eps 107,ISO_z2,BOUNDARY,RECON_CAP YUAN_STRONG_REDUCTION,0.651868,0,13.5581,1.58783,0.0285926,1.07114,0.0423849,0,5,1.5e-10
R1000,global,eps 107 (c_axis),900,LI_L2,GLOBAL eps 107,ISO_z4,BOUNDARY,RECON_CAP YUAN_STRONG_REDUCTION,0.651868,0,13.5581,1.09385,0.0415047,0.129817,,0,5,1.5e-10
R1000,global,eps 107 (c_axis),900,LI_L2,GLOBAL eps 107,ISO_z8,BOUNDARY,RECON_CAP YUAN_STRONG_REDUCTION,0.651868,0,13.5581,0.519124,0.087455,0.00190681,,0,5,1.5e-10
A600,global,eps 107 (c_axis),900,LI_CONT xi 0.5,GLOBAL eps 107,BRI,SENSITIVITY,RECON_CAP,0.3316,0,13.5581,2.30487,0.980532,4.49585,0.502685,0,7,-1.8e-14
A600,global,eps 107 (c_axis),900,LI_CONT xi 0.5,GLOBAL eps 107,ISO_z2,SENSITIVITY,RECON_CAP,0.3316,0,13.5581,1.58783,1.42333,2.00856,1.12518,0,7,-1.8e-14
A600,global,eps 107 (c_axis),900,LI_CONT xi 0.5,GLOBAL eps 107,ISO_z4,SENSITIVITY,RECON_CAP,0.3316,0,13.5581,1.09385,2.06609,0.897342,2.51855,0,7,-1.8e-14
A600,global,eps 107 (c_axis),900,LI_CONT xi 0.5,GLOBAL eps 107,ISO_z8,SENSITIVITY,RECON_CAP,0.3316,0,13.5581,0.519124,4.35349,0.179103,12.6184,0,7,-1.8e-14
R500,global,eps 107 (c_axis),900,LI_CONT xi 0.5,GLOBAL eps 107,BRI,SENSITIVITY,RECON_CAP,0.446847,0,13.5581,2.30487,1.63567,6.05838,0.622279,0,6,2.4e-12
R500,global,eps 107 (c_axis),900,LI_CONT xi 0.5,GLOBAL eps 107,ISO_z2,SENSITIVITY,RECON_CAP,0.446847,0,13.5581,1.58783,2.37432,1.85373,2.03374,0,6,2.4e-12
R500,global,eps 107 (c_axis),900,LI_CONT xi 0.5,GLOBAL eps 107,ISO_z4,SENSITIVITY,RECON_CAP,0.446847,0,13.5581,1.09385,3.44653,0.567202,6.64667,0,6,2.4e-12
R500,global,eps 107 (c_axis),900,LI_CONT xi 0.5,GLOBAL eps 107,ISO_z8,SENSITIVITY,RECON_CAP,0.446847,0,13.5581,0.519124,7.26223,0.0531029,,0,6,2.4e-12
R600,global,eps 107 (c_axis),900,LI_CONT xi 0.5,GLOBAL eps 107,BRI,SENSITIVITY,RECON_CAP,0.557716,0,13.5581,2.30487,1.70075,7.56155,0.518412,0,6,-4.3e-14
R600,global,eps 107 (c_axis),900,LI_CONT xi 0.5,GLOBAL eps 107,ISO_z2,SENSITIVITY,RECON_CAP,0.557716,0,13.5581,1.58783,2.46879,1.47915,2.65016,0,6,-4.3e-14
R600,global,eps 107 (c_axis),900,LI_CONT xi 0.5,GLOBAL eps 107,ISO_z4,SENSITIVITY,RECON_CAP,0.557716,0,13.5581,1.09385,3.58366,0.289345,13.5478,0,6,-4.3e-14
R600,global,eps 107 (c_axis),900,LI_CONT xi 0.5,GLOBAL eps 107,ISO_z8,SENSITIVITY,RECON_CAP,0.557716,0,13.5581,0.519124,7.55118,0.0110719,,0,6,-4.3e-14
R800,global,eps 107 (c_axis),900,LI_CONT xi 0.5,GLOBAL eps 107,BRI,SENSITIVITY,RECON_CAP,0.643008,0,13.5581,2.30487,0.872066,8.71795,0.230559,0,6,2.0e-13
R800,global,eps 107 (c_axis),900,LI_CONT xi 0.5,GLOBAL eps 107,ISO_z2,SENSITIVITY,RECON_CAP,0.643008,0,13.5581,1.58783,1.26588,1.11104,1.80911,0,6,2.0e-13
R800,global,eps 107 (c_axis),900,LI_CONT xi 0.5,GLOBAL eps 107,ISO_z4,SENSITIVITY,RECON_CAP,0.643008,0,13.5581,1.09385,1.83754,0.141594,14.1955,0,6,2.0e-13
R800,global,eps 107 (c_axis),900,LI_CONT xi 0.5,GLOBAL eps 107,ISO_z8,SENSITIVITY,RECON_CAP,0.643008,0,13.5581,0.519124,3.87191,0.00229974,,0,6,2.0e-13
R1000,global,eps 107 (c_axis),900,LI_CONT xi 0.5,GLOBAL eps 107,BRI,BOUNDARY,RECON_CAP YUAN_STRONG_REDUCTION,0.767958,0,13.5581,2.30487,0.0196974,10.412,0.00436035,0,5,-1.1e-12
R1000,global,eps 107 (c_axis),900,LI_CONT xi 0.5,GLOBAL eps 107,ISO_z2,BOUNDARY,RECON_CAP YUAN_STRONG_REDUCTION,0.767958,0,13.5581,1.58783,0.0285926,0.560621,0.0809816,0,5,-1.1e-12
R1000,global,eps 107 (c_axis),900,LI_CONT xi 0.5,GLOBAL eps 107,ISO_z4,BOUNDARY,RECON_CAP YUAN_STRONG_REDUCTION,0.767958,0,13.5581,1.09385,0.0415047,0.0301859,,0,5,-1.1e-12
R1000,global,eps 107 (c_axis),900,LI_CONT xi 0.5,GLOBAL eps 107,ISO_z8,BOUNDARY,RECON_CAP YUAN_STRONG_REDUCTION,0.767958,0,13.5581,0.519124,0.087455,8.75131e-05,,0,5,-1.1e-12
A600,pairs_eq,ZHA2017 at 600 C,900,PAB,NEUTRAL,BRI,SENSITIVITY,RECON_CAP,0.653112,0,13.5581,2.30487,0.980532,8.85493,0.255225,0.3303,6,0.0e+00
A600,pairs_eq,ZHA2017 at 600 C,900,PAB,NEUTRAL,ISO_z2,SENSITIVITY,RECON_CAP,0.653112,0,13.5581,1.58783,1.42333,1.06553,2.12102,0.3303,6,0.0e+00
A600,pairs_eq,ZHA2017 at 600 C,900,PAB,NEUTRAL,ISO_z4,SENSITIVITY,RECON_CAP,0.653112,0,13.5581,1.09385,2.06609,0.128216,,0.3303,6,0.0e+00
A600,pairs_eq,ZHA2017 at 600 C,900,PAB,NEUTRAL,ISO_z8,SENSITIVITY,RECON_CAP,0.653112,0,13.5581,0.519124,4.35349,0.00185652,,0.3303,6,0.0e+00
R500,pairs_eq,ZHA2017 at 600 C,900,PAB,NEUTRAL,BRI,BOUNDARY,RECON_CAP PAIRS_BEYOND_DILUTE,0.901812,0,13.5581,2.30487,1.63567,12.2268,0.308338,0.7064,10,7.1e-15
R500,pairs_eq,ZHA2017 at 600 C,900,PAB,NEUTRAL,ISO_z2,BOUNDARY,RECON_CAP PAIRS_BEYOND_DILUTE,0.901812,0,13.5581,1.58783,2.37432,0.117877,,0.7064,10,7.1e-15
R500,pairs_eq,ZHA2017 at 600 C,900,PAB,NEUTRAL,ISO_z4,BOUNDARY,RECON_CAP PAIRS_BEYOND_DILUTE,0.901812,0,13.5581,1.09385,3.44653,0.00113644,,0.7064,10,7.1e-15
R500,pairs_eq,ZHA2017 at 600 C,900,PAB,NEUTRAL,ISO_z8,BOUNDARY,RECON_CAP PAIRS_BEYOND_DILUTE,0.901812,0,13.5581,0.519124,7.26223,1.05627e-07,,0.7064,10,7.1e-15
R600,pairs_eq,ZHA2017 at 600 C,900,PAB,NEUTRAL,BRI,BOUNDARY,RECON_CAP PAIRS_BEYOND_DILUTE,0.95409,0,13.5581,2.30487,1.70075,12.9356,0.303039,0.8447,14,-2.8e-14
R600,pairs_eq,ZHA2017 at 600 C,900,PAB,NEUTRAL,ISO_z2,BOUNDARY,RECON_CAP PAIRS_BEYOND_DILUTE,0.95409,0,13.5581,1.58783,2.46879,0.0272649,,0.8447,14,-2.8e-14
R600,pairs_eq,ZHA2017 at 600 C,900,PAB,NEUTRAL,ISO_z4,BOUNDARY,RECON_CAP PAIRS_BEYOND_DILUTE,0.95409,0,13.5581,1.09385,3.58366,5.74675e-05,,0.8447,14,-2.8e-14
R600,pairs_eq,ZHA2017 at 600 C,900,PAB,NEUTRAL,ISO_z8,BOUNDARY,RECON_CAP PAIRS_BEYOND_DILUTE,0.95409,0,13.5581,0.519124,7.55118,2.55304e-10,,0.8447,14,-2.8e-14
R800,pairs_eq,ZHA2017 at 600 C,900,PAB,NEUTRAL,BRI,BOUNDARY,RECON_CAP PAIRS_BEYOND_DILUTE,0.970702,0,13.5581,2.30487,0.872066,13.1608,0.152726,0.8965,12,1.4e-13
R800,pairs_eq,ZHA2017 at 600 C,900,PAB,NEUTRAL,ISO_z2,BOUNDARY,RECON_CAP PAIRS_BEYOND_DILUTE,0.970702,0,13.5581,1.58783,1.26588,0.0112972,,0.8965,12,1.4e-13
R800,pairs_eq,ZHA2017 at 600 C,900,PAB,NEUTRAL,ISO_z4,BOUNDARY,RECON_CAP PAIRS_BEYOND_DILUTE,0.970702,0,13.5581,1.09385,1.83754,9.6975e-06,,0.8965,12,1.4e-13
R800,pairs_eq,ZHA2017 at 600 C,900,PAB,NEUTRAL,ISO_z8,BOUNDARY,RECON_CAP PAIRS_BEYOND_DILUTE,0.970702,0,13.5581,0.519124,3.87191,7.14556e-12,,0.8965,12,1.4e-13
R1000,pairs_eq,ZHA2017 at 600 C,900,PAB,NEUTRAL,BRI,BOUNDARY,RECON_CAP YUAN_STRONG_REDUCTION PAIRS_BEYOND_DILUTE,0.98643,0,13.5581,2.30487,0.0196974,13.3741,0.00339463,0.9495,10,6.2e-11
R1000,pairs_eq,ZHA2017 at 600 C,900,PAB,NEUTRAL,ISO_z2,BOUNDARY,RECON_CAP YUAN_STRONG_REDUCTION PAIRS_BEYOND_DILUTE,0.98643,0,13.5581,1.58783,0.0285926,0.00246278,,0.9495,10,6.2e-11
R1000,pairs_eq,ZHA2017 at 600 C,900,PAB,NEUTRAL,ISO_z4,BOUNDARY,RECON_CAP YUAN_STRONG_REDUCTION PAIRS_BEYOND_DILUTE,0.98643,0,13.5581,1.09385,0.0415047,4.53511e-07,,0.9495,10,6.2e-11
R1000,pairs_eq,ZHA2017 at 600 C,900,PAB,NEUTRAL,ISO_z8,BOUNDARY,RECON_CAP YUAN_STRONG_REDUCTION PAIRS_BEYOND_DILUTE,0.98643,0,13.5581,0.519124,0.087455,1.53784e-14,,0.9495,10,6.2e-11
R500,pairs_frozen,ZHA2017 frozen at 500 C,900,PAB,NEUTRAL,BRI,BOUNDARY,RECON_CAP PAIRS_BEYOND_DILUTE,0.911511,0,13.5581,2.30487,1.63567,12.3583,0.305058,0.6596,12,0.0e+00
R500,pairs_frozen,ZHA2017 frozen at 500 C,900,PAB,NEUTRAL,ISO_z2,BOUNDARY,RECON_CAP PAIRS_BEYOND_DILUTE,0.911511,0,13.5581,1.58783,2.37432,0.09677,,0.6596,12,0.0e+00
R500,pairs_frozen,ZHA2017 frozen at 500 C,900,PAB,NEUTRAL,ISO_z4,BOUNDARY,RECON_CAP PAIRS_BEYOND_DILUTE,0.911511,0,13.5581,1.09385,3.44653,0.000757744,,0.6596,12,0.0e+00
R500,pairs_frozen,ZHA2017 frozen at 500 C,900,PAB,NEUTRAL,ISO_z8,BOUNDARY,RECON_CAP PAIRS_BEYOND_DILUTE,0.911511,0,13.5581,0.519124,7.26223,4.64607e-08,,0.6596,12,0.0e+00
R800,pairs_frozen,ZHA2017 frozen at 800 C,900,PAB,NEUTRAL,BRI,BOUNDARY,RECON_CAP PAIRS_BEYOND_DILUTE,0.978683,0,13.5581,2.30487,0.872066,13.269,0.15148,0.8557,11,1.2e-12
R800,pairs_frozen,ZHA2017 frozen at 800 C,900,PAB,NEUTRAL,ISO_z2,BOUNDARY,RECON_CAP PAIRS_BEYOND_DILUTE,0.978683,0,13.5581,1.58783,1.26588,0.00602985,,0.8557,11,1.2e-12
R800,pairs_frozen,ZHA2017 frozen at 800 C,900,PAB,NEUTRAL,ISO_z4,BOUNDARY,RECON_CAP PAIRS_BEYOND_DILUTE,0.978683,0,13.5581,1.09385,1.83754,2.74015e-06,,0.8557,11,1.2e-12
R800,pairs_frozen,ZHA2017 frozen at 800 C,900,PAB,NEUTRAL,ISO_z8,BOUNDARY,RECON_CAP PAIRS_BEYOND_DILUTE,0.978683,0,13.5581,0.519124,3.87191,5.6586e-13,,0.8557,11,1.2e-12
R1000,pairs_frozen,ZHA2017 frozen at 1000 C,900,PAB,NEUTRAL,BRI,BOUNDARY,RECON_CAP YUAN_STRONG_REDUCTION PAIRS_BEYOND_DILUTE,0.993647,0,13.5581,2.30487,0.0196974,13.4719,0.00336997,0.8911,10,2.1e-13
R1000,pairs_frozen,ZHA2017 frozen at 1000 C,900,PAB,NEUTRAL,ISO_z2,BOUNDARY,RECON_CAP YUAN_STRONG_REDUCTION PAIRS_BEYOND_DILUTE,0.993647,0,13.5581,1.58783,0.0285926,0.000543765,,0.8911,10,2.1e-13
R1000,pairs_frozen,ZHA2017 frozen at 1000 C,900,PAB,NEUTRAL,ISO_z4,BOUNDARY,RECON_CAP YUAN_STRONG_REDUCTION PAIRS_BEYOND_DILUTE,0.993647,0,13.5581,1.09385,0.0415047,2.19479e-08,,0.8911,10,2.1e-13
R1000,pairs_frozen,ZHA2017 frozen at 1000 C,900,PAB,NEUTRAL,ISO_z8,BOUNDARY,RECON_CAP YUAN_STRONG_REDUCTION PAIRS_BEYOND_DILUTE,0.993647,0,13.5581,0.519124,0.087455,3.57566e-17,,0.8911,10,2.1e-13
A600,pairs_eq,ZHA2017 at 600 C,900,PAB,LOCAL,BRI,BOUNDARY,PAIRS_BEYOND_DILUTE,0.0285904,0,13.5581,0.38763,5.8303,0.38763,5.8303,0.6762,10,0.0e+00
A600,pairs_eq,ZHA2017 at 600 C,900,PAB,LOCAL,ISO_z2,BOUNDARY,PAIRS_BEYOND_DILUTE,0.0285904,0,13.5581,0.365782,6.17855,0.365782,6.17855,0.6762,10,0.0e+00
A600,pairs_eq,ZHA2017 at 600 C,900,PAB,LOCAL,ISO_z4,BOUNDARY,PAIRS_BEYOND_DILUTE,0.0285904,0,13.5581,0.345165,6.54759,0.345165,6.54759,0.6762,10,0.0e+00
A600,pairs_eq,ZHA2017 at 600 C,900,PAB,LOCAL,ISO_z8,BOUNDARY,PAIRS_BEYOND_DILUTE,0.0285904,0,13.5581,0.307352,7.35312,0.307352,7.35312,0.6762,10,0.0e+00
R500,pairs_eq,ZHA2017 at 600 C,900,PAB,LOCAL,BRI,BOUNDARY,PAIRS_BEYOND_DILUTE,0.0653959,0,13.5581,0.886641,4.252,0.886641,4.252,0.7893,10,7.1e-15
R500,pairs_eq,ZHA2017 at 600 C,900,PAB,LOCAL,ISO_z2,BOUNDARY,PAIRS_BEYOND_DILUTE,0.0653959,0,13.5581,0.774468,4.86786,0.774468,4.86786,0.7893,10,7.1e-15
R500,pairs_eq,ZHA2017 at 600 C,900,PAB,LOCAL,ISO_z4,BOUNDARY,PAIRS_BEYOND_DILUTE,0.0653959,0,13.5581,0.676486,5.57292,0.676486,5.57292,0.7893,10,7.1e-15
R500,pairs_eq,ZHA2017 at 600 C,900,PAB,LOCAL,ISO_z8,BOUNDARY,PAIRS_BEYOND_DILUTE,0.0653959,0,13.5581,0.516142,7.30419,0.516142,7.30419,0.7893,10,7.1e-15
R600,pairs_eq,ZHA2017 at 600 C,900,PAB,LOCAL,BRI,BOUNDARY,PAIRS_BEYOND_DILUTE,0.133581,0,13.5581,1.81109,2.16444,1.81109,2.16444,0.8625,7,-2.3e-13
R600,pairs_eq,ZHA2017 at 600 C,900,PAB,LOCAL,ISO_z2,BOUNDARY,PAIRS_BEYOND_DILUTE,0.133581,0,13.5581,1.35956,2.88329,1.35956,2.88329,0.8625,7,-2.3e-13
R600,pairs_eq,ZHA2017 at 600 C,900,PAB,LOCAL,ISO_z4,BOUNDARY,PAIRS_BEYOND_DILUTE,0.133581,0,13.5581,1.0206,3.8409,1.0206,3.8409,0.8625,7,-2.3e-13
R600,pairs_eq,ZHA2017 at 600 C,900,PAB,LOCAL,ISO_z8,BOUNDARY,PAIRS_BEYOND_DILUTE,0.133581,0,13.5581,0.575131,6.81584,0.575131,6.81584,0.8625,7,-2.3e-13
R800,pairs_eq,ZHA2017 at 600 C,900,PAB,LOCAL,BRI,BOUNDARY,RECON_CAP PAIRS_BEYOND_DILUTE,0.21856,0,13.5581,2.30487,0.872066,2.96325,0.678309,0.9021,8,2.8e-14
R800,pairs_eq,ZHA2017 at 600 C,900,PAB,LOCAL,ISO_z2,BOUNDARY,RECON_CAP PAIRS_BEYOND_DILUTE,0.21856,0,13.5581,1.58783,1.26588,1.8095,1.1108,0.9021,8,2.8e-14
R800,pairs_eq,ZHA2017 at 600 C,900,PAB,LOCAL,ISO_z4,BOUNDARY,RECON_CAP PAIRS_BEYOND_DILUTE,0.21856,0,13.5581,1.09385,1.83754,1.10497,1.81905,0.9021,8,2.8e-14
R800,pairs_eq,ZHA2017 at 600 C,900,PAB,LOCAL,ISO_z8,BOUNDARY,RECON_CAP PAIRS_BEYOND_DILUTE,0.21856,0,13.5581,0.519124,3.87191,0.412034,4.87824,0.9021,8,2.8e-14
R1000,pairs_eq,ZHA2017 at 600 C,900,PAB,LOCAL,BRI,BOUNDARY,RECON_CAP YUAN_STRONG_REDUCTION PAIRS_BEYOND_DILUTE,0.455378,0,13.5581,2.30487,0.0196974,6.17404,0.00735337,0.95,14,2.5e-11
R1000,pairs_eq,ZHA2017 at 600 C,900,PAB,LOCAL,ISO_z2,BOUNDARY,RECON_CAP YUAN_STRONG_REDUCTION PAIRS_BEYOND_DILUTE,0.455378,0,13.5581,1.58783,0.0285926,1.8313,0.0247911,0.95,14,2.5e-11
R1000,pairs_eq,ZHA2017 at 600 C,900,PAB,LOCAL,ISO_z4,BOUNDARY,RECON_CAP YUAN_STRONG_REDUCTION PAIRS_BEYOND_DILUTE,0.455378,0,13.5581,1.09385,0.0415047,0.543189,0.0835805,0.95,14,2.5e-11
R1000,pairs_eq,ZHA2017 at 600 C,900,PAB,LOCAL,ISO_z8,BOUNDARY,RECON_CAP YUAN_STRONG_REDUCTION PAIRS_BEYOND_DILUTE,0.455378,0,13.5581,0.519124,0.087455,0.0477894,,0.95,14,2.5e-11
R500,pairs_frozen,ZHA2017 frozen at 500 C,900,PAB,LOCAL,BRI,BOUNDARY,PAIRS_BEYOND_DILUTE,0.0600599,0,13.5581,0.814295,4.62977,0.814295,4.62977,0.8415,11,4.4e-15
R500,pairs_frozen,ZHA2017 frozen at 500 C,900,PAB,LOCAL,ISO_z2,BOUNDARY,PAIRS_BEYOND_DILUTE,0.0600599,0,13.5581,0.71942,5.24033,0.71942,5.24033,0.8415,11,4.4e-15
R500,pairs_frozen,ZHA2017 frozen at 500 C,900,PAB,LOCAL,ISO_z4,BOUNDARY,PAIRS_BEYOND_DILUTE,0.0600599,0,13.5581,0.635598,5.93142,0.635598,5.93142,0.8415,11,4.4e-15
R500,pairs_frozen,ZHA2017 frozen at 500 C,900,PAB,LOCAL,ISO_z8,BOUNDARY,PAIRS_BEYOND_DILUTE,0.0600599,0,13.5581,0.496116,7.59902,0.496116,7.59902,0.8415,11,4.4e-15
R800,pairs_frozen,ZHA2017 frozen at 800 C,900,PAB,LOCAL,BRI,BOUNDARY,RECON_CAP PAIRS_BEYOND_DILUTE,0.243558,0,13.5581,2.30487,0.872066,3.30218,0.60869,0.8448,9,5.7e-14
R800,pairs_frozen,ZHA2017 frozen at 800 C,900,PAB,LOCAL,ISO_z2,BOUNDARY,RECON_CAP PAIRS_BEYOND_DILUTE,0.243558,0,13.5581,1.58783,1.26588,1.88952,1.06376,0.8448,9,5.7e-14
R800,pairs_frozen,ZHA2017 frozen at 800 C,900,PAB,LOCAL,ISO_z4,BOUNDARY,RECON_CAP PAIRS_BEYOND_DILUTE,0.243558,0,13.5581,1.09385,1.83754,1.08119,1.85906,0.8448,9,5.7e-14
R800,pairs_frozen,ZHA2017 frozen at 800 C,900,PAB,LOCAL,ISO_z8,BOUNDARY,RECON_CAP PAIRS_BEYOND_DILUTE,0.243558,0,13.5581,0.519124,3.87191,0.354001,5.67795,0.8448,9,5.7e-14
R1000,pairs_frozen,ZHA2017 frozen at 1000 C,900,PAB,LOCAL,BRI,BOUNDARY,RECON_CAP YUAN_STRONG_REDUCTION PAIRS_BEYOND_DILUTE,0.50559,0,13.5581,2.30487,0.0196974,6.85483,0.00662307,0.8871,8,-1.4e-14
R1000,pairs_frozen,ZHA2017 frozen at 1000 C,900,PAB,LOCAL,ISO_z2,BOUNDARY,RECON_CAP YUAN_STRONG_REDUCTION PAIRS_BEYOND_DILUTE,0.50559,0,13.5581,1.58783,0.0285926,1.6756,0.0270948,0.8871,8,-1.4e-14
R1000,pairs_frozen,ZHA2017 frozen at 1000 C,900,PAB,LOCAL,ISO_z4,BOUNDARY,RECON_CAP YUAN_STRONG_REDUCTION PAIRS_BEYOND_DILUTE,0.50559,0,13.5581,1.09385,0.0415047,0.409585,0.110844,0.8871,8,-1.4e-14
R1000,pairs_frozen,ZHA2017 frozen at 1000 C,900,PAB,LOCAL,ISO_z8,BOUNDARY,RECON_CAP YUAN_STRONG_REDUCTION PAIRS_BEYOND_DILUTE,0.50559,0,13.5581,0.519124,0.087455,0.0244732,,0.8871,8,-1.4e-14
A600,pairs_eq,ZHA2017 at 600 C,900,HAM,NEUTRAL,BRI,SENSITIVITY,RECON_CAP,0.924946,0,13.5581,2.30487,0.980532,12.5405,0.180216,0.01561,7,-1.1e-14
A600,pairs_eq,ZHA2017 at 600 C,900,HAM,NEUTRAL,ISO_z2,SENSITIVITY,RECON_CAP,0.924946,0,13.5581,1.58783,1.42333,0.0706413,,0.01561,7,-1.1e-14
A600,pairs_eq,ZHA2017 at 600 C,900,HAM,NEUTRAL,ISO_z4,SENSITIVITY,RECON_CAP,0.924946,0,13.5581,1.09385,2.06609,0.000397927,,0.01561,7,-1.1e-14
A600,pairs_eq,ZHA2017 at 600 C,900,HAM,NEUTRAL,ISO_z8,SENSITIVITY,RECON_CAP,0.924946,0,13.5581,0.519124,4.35349,1.26268e-08,,0.01561,7,-1.1e-14
R500,pairs_eq,ZHA2017 at 600 C,900,HAM,NEUTRAL,BRI,BOUNDARY,RECON_CAP PAIRS_BEYOND_DILUTE,0.999323,0,13.5581,2.30487,1.63567,13.5489,0.278252,0.6552,9,8.6e-13
R500,pairs_eq,ZHA2017 at 600 C,900,HAM,NEUTRAL,ISO_z2,BOUNDARY,RECON_CAP PAIRS_BEYOND_DILUTE,0.999323,0,13.5581,1.58783,2.37432,6.20366e-06,,0.6552,9,8.6e-13
R500,pairs_eq,ZHA2017 at 600 C,900,HAM,NEUTRAL,ISO_z4,BOUNDARY,RECON_CAP PAIRS_BEYOND_DILUTE,0.999323,0,13.5581,1.09385,3.44653,2.84048e-12,,0.6552,9,8.6e-13
R500,pairs_eq,ZHA2017 at 600 C,900,HAM,NEUTRAL,ISO_z8,BOUNDARY,RECON_CAP PAIRS_BEYOND_DILUTE,0.999323,0,13.5581,0.519124,7.26223,5.95499e-25,,0.6552,9,8.6e-13
R600,pairs_eq,ZHA2017 at 600 C,900,HAM,NEUTRAL,BRI,BOUNDARY,RECON_CAP PAIRS_BEYOND_DILUTE,0.999758,0,13.5581,2.30487,1.70075,13.5548,0.289197,0.8414,13,-8.5e-14
R600,pairs_eq,ZHA2017 at 600 C,900,HAM,NEUTRAL,ISO_z2,BOUNDARY,RECON_CAP PAIRS_BEYOND_DILUTE,0.999758,0,13.5581,1.58783,2.46879,7.962e-07,,0.8414,13,-8.5e-14
R600,pairs_eq,ZHA2017 at 600 C,900,HAM,NEUTRAL,ISO_z4,BOUNDARY,RECON_CAP PAIRS_BEYOND_DILUTE,0.999758,0,13.5581,1.09385,3.58366,4.67683e-14,,0.8414,13,-8.5e-14
R600,pairs_eq,ZHA2017 at 600 C,900,HAM,NEUTRAL,ISO_z8,BOUNDARY,RECON_CAP PAIRS_BEYOND_DILUTE,0.999758,0,13.5581,0.519124,7.55118,1.61366e-28,,0.8414,13,-8.5e-14
R800,pairs_eq,ZHA2017 at 600 C,900,HAM,NEUTRAL,BRI,BOUNDARY,RECON_CAP PAIRS_BEYOND_DILUTE,0.999851,0,13.5581,2.30487,0.872066,13.556,0.148273,0.8958,12,8.5e-14
R800,pairs_eq,ZHA2017 at 600 C,900,HAM,NEUTRAL,ISO_z2,BOUNDARY,RECON_CAP PAIRS_BEYOND_DILUTE,0.999851,0,13.5581,1.58783,1.26588,3.01976e-07,,0.8958,12,8.5e-14
R800,pairs_eq,ZHA2017 at 600 C,900,HAM,NEUTRAL,ISO_z4,BOUNDARY,RECON_CAP PAIRS_BEYOND_DILUTE,0.999851,0,13.5581,1.09385,1.83754,6.72686e-15,,0.8958,12,8.5e-14
R800,pairs_eq,ZHA2017 at 600 C,900,HAM,NEUTRAL,ISO_z8,BOUNDARY,RECON_CAP PAIRS_BEYOND_DILUTE,0.999851,0,13.5581,0.519124,3.87191,3.33804e-30,,0.8958,12,8.5e-14
R1000,pairs_eq,ZHA2017 at 600 C,900,HAM,NEUTRAL,BRI,BOUNDARY,RECON_CAP YUAN_STRONG_REDUCTION PAIRS_BEYOND_DILUTE,0.999932,0,13.5581,2.30487,0.0196974,13.5571,0.00334879,0.9495,10,6.3e-11
R1000,pairs_eq,ZHA2017 at 600 C,900,HAM,NEUTRAL,ISO_z2,BOUNDARY,RECON_CAP YUAN_STRONG_REDUCTION PAIRS_BEYOND_DILUTE,0.999932,0,13.5581,1.58783,0.0285926,6.19716e-08,,0.9495,10,6.3e-11
R1000,pairs_eq,ZHA2017 at 600 C,900,HAM,NEUTRAL,ISO_z4,BOUNDARY,RECON_CAP YUAN_STRONG_REDUCTION PAIRS_BEYOND_DILUTE,0.999932,0,13.5581,1.09385,0.0415047,2.83281e-16,,0.9495,10,6.3e-11
R1000,pairs_eq,ZHA2017 at 600 C,900,HAM,NEUTRAL,ISO_z8,BOUNDARY,RECON_CAP YUAN_STRONG_REDUCTION PAIRS_BEYOND_DILUTE,0.999932,0,13.5581,0.519124,0.087455,5.91924e-33,,0.9495,10,6.3e-11
R500,pairs_frozen,ZHA2017 frozen at 500 C,900,HAM,NEUTRAL,BRI,BOUNDARY,RECON_CAP PAIRS_BEYOND_DILUTE,0.999284,0,13.5581,2.30487,1.63567,13.5484,0.278263,0.6766,13,-3.6e-15
R500,pairs_frozen,ZHA2017 frozen at 500 C,900,HAM,NEUTRAL,ISO_z2,BOUNDARY,RECON_CAP PAIRS_BEYOND_DILUTE,0.999284,0,13.5581,1.58783,2.37432,6.94269e-06,,0.6766,13,-3.6e-15
R500,pairs_frozen,ZHA2017 frozen at 500 C,900,HAM,NEUTRAL,ISO_z4,BOUNDARY,RECON_CAP PAIRS_BEYOND_DILUTE,0.999284,0,13.5581,1.09385,3.44653,3.5577e-12,,0.6766,13,-3.6e-15
R500,pairs_frozen,ZHA2017 frozen at 500 C,900,HAM,NEUTRAL,ISO_z8,BOUNDARY,RECON_CAP PAIRS_BEYOND_DILUTE,0.999284,0,13.5581,0.519124,7.26223,9.34226e-25,,0.6766,13,-3.6e-15
R800,pairs_frozen,ZHA2017 frozen at 800 C,900,HAM,NEUTRAL,BRI,BOUNDARY,RECON_CAP PAIRS_BEYOND_DILUTE,0.999905,0,13.5581,2.30487,0.872066,13.5568,0.148265,0.8364,11,9.0e-13
R800,pairs_frozen,ZHA2017 frozen at 800 C,900,HAM,NEUTRAL,ISO_z2,BOUNDARY,RECON_CAP PAIRS_BEYOND_DILUTE,0.999905,0,13.5581,1.58783,1.26588,1.23252e-07,,0.8364,11,9.0e-13
R800,pairs_frozen,ZHA2017 frozen at 800 C,900,HAM,NEUTRAL,ISO_z4,BOUNDARY,RECON_CAP PAIRS_BEYOND_DILUTE,0.999905,0,13.5581,1.09385,1.83754,1.12056e-15,,0.8364,11,9.0e-13
R800,pairs_frozen,ZHA2017 frozen at 800 C,900,HAM,NEUTRAL,ISO_z8,BOUNDARY,RECON_CAP PAIRS_BEYOND_DILUTE,0.999905,0,13.5581,0.519124,3.87191,9.26216e-32,,0.8364,11,9.0e-13
R1000,pairs_frozen,ZHA2017 frozen at 1000 C,900,HAM,NEUTRAL,BRI,BOUNDARY,RECON_CAP YUAN_STRONG_REDUCTION PAIRS_BEYOND_DILUTE,0.99997,0,13.5581,2.30487,0.0196974,13.5577,0.00334866,0.8853,10,8.5e-14
R1000,pairs_frozen,ZHA2017 frozen at 1000 C,900,HAM,NEUTRAL,ISO_z2,BOUNDARY,RECON_CAP YUAN_STRONG_REDUCTION PAIRS_BEYOND_DILUTE,0.99997,0,13.5581,1.58783,0.0285926,1.20548e-08,,0.8853,10,8.5e-14
R1000,pairs_frozen,ZHA2017 frozen at 1000 C,900,HAM,NEUTRAL,ISO_z4,BOUNDARY,RECON_CAP YUAN_STRONG_REDUCTION PAIRS_BEYOND_DILUTE,0.99997,0,13.5581,1.09385,0.0415047,1.07185e-17,,0.8853,10,8.5e-14
R1000,pairs_frozen,ZHA2017 frozen at 1000 C,900,HAM,NEUTRAL,ISO_z8,BOUNDARY,RECON_CAP YUAN_STRONG_REDUCTION PAIRS_BEYOND_DILUTE,0.99997,0,13.5581,0.519124,0.087455,8.47395e-36,,0.8853,10,8.5e-14
A600,pairs_eq,ZHA2017 at 600 C,900,HAM,LOCAL,BRI,BOUNDARY,PAIRS_BEYOND_DILUTE,0.145925,0,13.5581,1.97846,1.1423,1.97846,1.1423,0.6594,10,1.8e-14
A600,pairs_eq,ZHA2017 at 600 C,900,HAM,LOCAL,ISO_z2,BOUNDARY,PAIRS_BEYOND_DILUTE,0.145925,0,13.5581,1.44318,1.56599,1.44318,1.56599,0.6594,10,1.8e-14
A600,pairs_eq,ZHA2017 at 600 C,900,HAM,LOCAL,ISO_z4,BOUNDARY,PAIRS_BEYOND_DILUTE,0.145925,0,13.5581,1.05272,2.14683,1.05272,2.14683,0.6594,10,1.8e-14
A600,pairs_eq,ZHA2017 at 600 C,900,HAM,LOCAL,ISO_z8,BOUNDARY,PAIRS_BEYOND_DILUTE,0.145925,0,13.5581,0.560139,4.03472,0.560139,4.03472,0.6594,10,1.8e-14
R500,pairs_eq,ZHA2017 at 600 C,900,HAM,LOCAL,BRI,BOUNDARY,RECON_CAP PAIRS_BEYOND_DILUTE,0.296954,0,13.5581,2.30487,1.63567,4.02613,0.936384,0.781,9,-5.0e-14
R500,pairs_eq,ZHA2017 at 600 C,900,HAM,LOCAL,ISO_z2,BOUNDARY,RECON_CAP PAIRS_BEYOND_DILUTE,0.296954,0,13.5581,1.58783,2.37432,1.99001,1.89447,0.781,9,-5.0e-14
R500,pairs_eq,ZHA2017 at 600 C,900,HAM,LOCAL,ISO_z4,BOUNDARY,RECON_CAP PAIRS_BEYOND_DILUTE,0.296954,0,13.5581,1.09385,3.44653,0.983606,3.83283,0.781,9,-5.0e-14
R500,pairs_eq,ZHA2017 at 600 C,900,HAM,LOCAL,ISO_z8,BOUNDARY,RECON_CAP PAIRS_BEYOND_DILUTE,0.296954,0,13.5581,0.519124,7.26223,0.240301,15.6887,0.781,9,-5.0e-14
R600,pairs_eq,ZHA2017 at 600 C,900,HAM,LOCAL,BRI,BOUNDARY,RECON_CAP PAIRS_BEYOND_DILUTE,0.492313,0,13.5581,2.30487,1.70075,6.67481,0.587282,0.8592,7,-2.8e-14
R600,pairs_eq,ZHA2017 at 600 C,900,HAM,LOCAL,ISO_z2,BOUNDARY,RECON_CAP PAIRS_BEYOND_DILUTE,0.492313,0,13.5581,1.58783,2.46879,1.72041,2.27853,0.8592,7,-2.8e-14
R600,pairs_eq,ZHA2017 at 600 C,900,HAM,LOCAL,ISO_z4,BOUNDARY,RECON_CAP PAIRS_BEYOND_DILUTE,0.492313,0,13.5581,1.09385,3.58366,0.443427,8.84024,0.8592,7,-2.8e-14
R600,pairs_eq,ZHA2017 at 600 C,900,HAM,LOCAL,ISO_z8,BOUNDARY,RECON_CAP PAIRS_BEYOND_DILUTE,0.492313,0,13.5581,0.519124,7.55118,0.0294581,,0.8592,7,-2.8e-14
R800,pairs_eq,ZHA2017 at 600 C,900,HAM,LOCAL,BRI,BOUNDARY,RECON_CAP PAIRS_BEYOND_DILUTE,0.644718,0,13.5581,2.30487,0.872066,8.74113,0.229947,0.9007,8,-2.6e-13
R800,pairs_eq,ZHA2017 at 600 C,900,HAM,LOCAL,ISO_z2,BOUNDARY,RECON_CAP PAIRS_BEYOND_DILUTE,0.644718,0,13.5581,1.58783,1.26588,1.10335,1.82173,0.9007,8,-2.6e-13
R800,pairs_eq,ZHA2017 at 600 C,900,HAM,LOCAL,ISO_z4,BOUNDARY,RECON_CAP PAIRS_BEYOND_DILUTE,0.644718,0,13.5581,1.09385,1.83754,0.13927,14.4324,0.9007,8,-2.6e-13
R800,pairs_eq,ZHA2017 at 600 C,900,HAM,LOCAL,ISO_z8,BOUNDARY,RECON_CAP PAIRS_BEYOND_DILUTE,0.644718,0,13.5581,0.519124,3.87191,0.00221896,,0.9007,8,-2.6e-13
R1000,pairs_eq,ZHA2017 at 600 C,900,HAM,LOCAL,BRI,BOUNDARY,RECON_CAP YUAN_STRONG_REDUCTION PAIRS_BEYOND_DILUTE,0.84831,0,13.5581,2.30487,0.0196974,11.5014,0.00394733,0.9499,14,2.4e-11
R1000,pairs_eq,ZHA2017 at 600 C,900,HAM,LOCAL,ISO_z2,BOUNDARY,RECON_CAP YUAN_STRONG_REDUCTION PAIRS_BEYOND_DILUTE,0.84831,0,13.5581,1.58783,0.0285926,0.264645,0.171551,0.9499,14,2.4e-11
R1000,pairs_eq,ZHA2017 at 600 C,900,HAM,LOCAL,ISO_z4,BOUNDARY,RECON_CAP YUAN_STRONG_REDUCTION PAIRS_BEYOND_DILUTE,0.84831,0,13.5581,1.09385,0.0415047,0.00608941,,0.9499,14,2.4e-11
R1000,pairs_eq,ZHA2017 at 600 C,900,HAM,LOCAL,ISO_z8,BOUNDARY,RECON_CAP YUAN_STRONG_REDUCTION PAIRS_BEYOND_DILUTE,0.84831,0,13.5581,0.519124,0.087455,3.22402e-06,,0.9499,14,2.4e-11
R500,pairs_frozen,ZHA2017 frozen at 500 C,900,HAM,LOCAL,BRI,BOUNDARY,RECON_CAP PAIRS_BEYOND_DILUTE,0.291448,0,13.5581,2.30487,1.63567,3.95147,0.954074,0.7993,11,0.0e+00
R500,pairs_frozen,ZHA2017 frozen at 500 C,900,HAM,LOCAL,ISO_z2,BOUNDARY,RECON_CAP PAIRS_BEYOND_DILUTE,0.291448,0,13.5581,1.58783,2.37432,1.98382,1.90037,0.7993,11,0.0e+00
R500,pairs_frozen,ZHA2017 frozen at 500 C,900,HAM,LOCAL,ISO_z4,BOUNDARY,RECON_CAP PAIRS_BEYOND_DILUTE,0.291448,0,13.5581,1.09385,3.44653,0.995968,3.78526,0.7993,11,0.0e+00
R500,pairs_frozen,ZHA2017 frozen at 500 C,900,HAM,LOCAL,ISO_z8,BOUNDARY,RECON_CAP PAIRS_BEYOND_DILUTE,0.291448,0,13.5581,0.519124,7.26223,0.251033,15.0179,0.7993,11,0.0e+00
R800,pairs_frozen,ZHA2017 frozen at 800 C,900,HAM,LOCAL,BRI,BOUNDARY,RECON_CAP PAIRS_BEYOND_DILUTE,0.673451,0,13.5581,2.30487,0.872066,9.13069,0.220137,0.8506,9,2.1e-13
R800,pairs_frozen,ZHA2017 frozen at 800 C,900,HAM,LOCAL,ISO_z2,BOUNDARY,RECON_CAP PAIRS_BEYOND_DILUTE,0.673451,0,13.5581,1.58783,1.26588,0.973645,2.06441,0.8506,9,2.1e-13
R800,pairs_frozen,ZHA2017 frozen at 800 C,900,HAM,LOCAL,ISO_z4,BOUNDARY,RECON_CAP PAIRS_BEYOND_DILUTE,0.673451,0,13.5581,1.09385,1.83754,0.103824,,0.8506,9,2.1e-13
R800,pairs_frozen,ZHA2017 frozen at 800 C,900,HAM,LOCAL,ISO_z8,BOUNDARY,RECON_CAP PAIRS_BEYOND_DILUTE,0.673451,0,13.5581,0.519124,3.87191,0.00118057,,0.8506,9,2.1e-13
R1000,pairs_frozen,ZHA2017 frozen at 1000 C,900,HAM,LOCAL,BRI,BOUNDARY,RECON_CAP YUAN_STRONG_REDUCTION PAIRS_BEYOND_DILUTE,0.871386,0,13.5581,2.30487,0.0196974,11.8143,0.0038428,0.8867,8,8.5e-14
R1000,pairs_frozen,ZHA2017 frozen at 1000 C,900,HAM,LOCAL,ISO_z2,BOUNDARY,RECON_CAP YUAN_STRONG_REDUCTION PAIRS_BEYOND_DILUTE,0.871386,0,13.5581,1.58783,0.0285926,0.195426,0.232313,0.8867,8,8.5e-14
R1000,pairs_frozen,ZHA2017 frozen at 1000 C,900,HAM,LOCAL,ISO_z4,BOUNDARY,RECON_CAP YUAN_STRONG_REDUCTION PAIRS_BEYOND_DILUTE,0.871386,0,13.5581,1.09385,0.0415047,0.00323263,,0.8867,8,8.5e-14
R1000,pairs_frozen,ZHA2017 frozen at 1000 C,900,HAM,LOCAL,ISO_z8,BOUNDARY,RECON_CAP YUAN_STRONG_REDUCTION PAIRS_BEYOND_DILUTE,0.871386,0,13.5581,0.519124,0.087455,8.84509e-07,,0.8867,8,8.5e-14
A600,pairs_eq,ZHA2017 at 600 C,900,LI_SBR1,NEUTRAL,BRI,SENSITIVITY,RECON_CAP,0.974967,0,13.5581,2.30487,0.980532,13.2187,0.17097,0.01309,8,-1.1e-12
A600,pairs_eq,ZHA2017 at 600 C,900,LI_SBR1,NEUTRAL,ISO_z2,SENSITIVITY,RECON_CAP,0.974967,0,13.5581,1.58783,1.42333,0.00828373,,0.01309,8,-1.1e-12
A600,pairs_eq,ZHA2017 at 600 C,900,LI_SBR1,NEUTRAL,ISO_z4,SENSITIVITY,RECON_CAP,0.974967,0,13.5581,1.09385,2.06609,5.19116e-06,,0.01309,8,-1.1e-12
A600,pairs_eq,ZHA2017 at 600 C,900,LI_SBR1,NEUTRAL,ISO_z8,SENSITIVITY,RECON_CAP,0.974967,0,13.5581,0.519124,4.35349,2.03864e-12,,0.01309,8,-1.1e-12
R500,pairs_eq,ZHA2017 at 600 C,900,LI_SBR1,NEUTRAL,BRI,BOUNDARY,RECON_CAP PAIRS_BEYOND_DILUTE,0.999842,0,13.5581,2.30487,1.63567,13.5559,0.278107,0.683,10,7.1e-15
R500,pairs_eq,ZHA2017 at 600 C,900,LI_SBR1,NEUTRAL,ISO_z2,BOUNDARY,RECON_CAP PAIRS_BEYOND_DILUTE,0.999842,0,13.5581,1.58783,2.37432,3.38691e-07,,0.683,10,7.1e-15
R500,pairs_eq,ZHA2017 at 600 C,900,LI_SBR1,NEUTRAL,ISO_z4,BOUNDARY,RECON_CAP PAIRS_BEYOND_DILUTE,0.999842,0,13.5581,1.09385,3.44653,8.4621e-15,,0.683,10,7.1e-15
R500,pairs_eq,ZHA2017 at 600 C,900,LI_SBR1,NEUTRAL,ISO_z8,BOUNDARY,RECON_CAP PAIRS_BEYOND_DILUTE,0.999842,0,13.5581,0.519124,7.26223,5.28235e-30,,0.683,10,7.1e-15
R600,pairs_eq,ZHA2017 at 600 C,900,LI_SBR1,NEUTRAL,BRI,BOUNDARY,RECON_CAP PAIRS_BEYOND_DILUTE,0.999937,0,13.5581,2.30487,1.70075,13.5572,0.289145,0.8432,13,-8.5e-14
R600,pairs_eq,ZHA2017 at 600 C,900,LI_SBR1,NEUTRAL,ISO_z2,BOUNDARY,RECON_CAP PAIRS_BEYOND_DILUTE,0.999937,0,13.5581,1.58783,2.46879,5.42834e-08,,0.8432,13,-8.5e-14
R600,pairs_eq,ZHA2017 at 600 C,900,LI_SBR1,NEUTRAL,ISO_z4,BOUNDARY,RECON_CAP PAIRS_BEYOND_DILUTE,0.999937,0,13.5581,1.09385,3.58366,2.17352e-16,,0.8432,13,-8.5e-14
R600,pairs_eq,ZHA2017 at 600 C,900,LI_SBR1,NEUTRAL,ISO_z8,BOUNDARY,RECON_CAP PAIRS_BEYOND_DILUTE,0.999937,0,13.5581,0.519124,7.55118,3.48464e-33,,0.8432,13,-8.5e-14
R800,pairs_eq,ZHA2017 at 600 C,900,LI_SBR1,NEUTRAL,BRI,BOUNDARY,RECON_CAP PAIRS_BEYOND_DILUTE,0.999961,0,13.5581,2.30487,0.872066,13.5575,0.148257,0.8963,12,-8.5e-14
R800,pairs_eq,ZHA2017 at 600 C,900,LI_SBR1,NEUTRAL,ISO_z2,BOUNDARY,RECON_CAP PAIRS_BEYOND_DILUTE,0.999961,0,13.5581,1.58783,1.26588,2.09576e-08,,0.8963,12,-8.5e-14
R800,pairs_eq,ZHA2017 at 600 C,900,LI_SBR1,NEUTRAL,ISO_z4,BOUNDARY,RECON_CAP PAIRS_BEYOND_DILUTE,0.999961,0,13.5581,1.09385,1.83754,3.23969e-17,,0.8963,12,-8.5e-14
R800,pairs_eq,ZHA2017 at 600 C,900,LI_SBR1,NEUTRAL,ISO_z8,BOUNDARY,RECON_CAP PAIRS_BEYOND_DILUTE,0.999961,0,13.5581,0.519124,3.87191,7.74154e-35,,0.8963,12,-8.5e-14
R1000,pairs_eq,ZHA2017 at 600 C,900,LI_SBR1,NEUTRAL,BRI,BOUNDARY,RECON_CAP YUAN_STRONG_REDUCTION PAIRS_BEYOND_DILUTE,0.999982,0,13.5581,2.30487,0.0196974,13.5578,0.00334862,0.9495,10,9.5e-11
R1000,pairs_eq,ZHA2017 at 600 C,900,LI_SBR1,NEUTRAL,ISO_z2,BOUNDARY,RECON_CAP YUAN_STRONG_REDUCTION PAIRS_BEYOND_DILUTE,0.999982,0,13.5581,1.58783,0.0285926,4.33206e-09,,0.9495,10,9.5e-11
R1000,pairs_eq,ZHA2017 at 600 C,900,LI_SBR1,NEUTRAL,ISO_z4,BOUNDARY,RECON_CAP YUAN_STRONG_REDUCTION PAIRS_BEYOND_DILUTE,0.999982,0,13.5581,1.09385,0.0415047,1.3842e-18,,0.9495,10,9.5e-11
R1000,pairs_eq,ZHA2017 at 600 C,900,LI_SBR1,NEUTRAL,ISO_z8,BOUNDARY,RECON_CAP YUAN_STRONG_REDUCTION PAIRS_BEYOND_DILUTE,0.999982,0,13.5581,0.519124,0.087455,1.41321e-37,,0.9495,10,9.5e-11
R500,pairs_frozen,ZHA2017 frozen at 500 C,900,LI_SBR1,NEUTRAL,BRI,BOUNDARY,RECON_CAP PAIRS_BEYOND_DILUTE,0.99985,0,13.5581,2.30487,1.63567,13.556,0.278105,0.6634,12,2.1e-12
R500,pairs_frozen,ZHA2017 frozen at 500 C,900,LI_SBR1,NEUTRAL,ISO_z2,BOUNDARY,RECON_CAP PAIRS_BEYOND_DILUTE,0.99985,0,13.5581,1.58783,2.37432,3.06585e-07,,0.6634,12,2.1e-12
R500,pairs_frozen,ZHA2017 frozen at 500 C,900,LI_SBR1,NEUTRAL,ISO_z4,BOUNDARY,RECON_CAP PAIRS_BEYOND_DILUTE,0.99985,0,13.5581,1.09385,3.44653,6.93376e-15,,0.6634,12,2.1e-12
R500,pairs_frozen,ZHA2017 frozen at 500 C,900,LI_SBR1,NEUTRAL,ISO_z8,BOUNDARY,RECON_CAP PAIRS_BEYOND_DILUTE,0.99985,0,13.5581,0.519124,7.26223,3.54654e-30,,0.6634,12,2.1e-12
R800,pairs_frozen,ZHA2017 frozen at 800 C,900,LI_SBR1,NEUTRAL,BRI,BOUNDARY,RECON_CAP PAIRS_BEYOND_DILUTE,0.999974,0,13.5581,2.30487,0.872066,13.5577,0.148255,0.8424,11,1.7e-12
R800,pairs_frozen,ZHA2017 frozen at 800 C,900,LI_SBR1,NEUTRAL,ISO_z2,BOUNDARY,RECON_CAP PAIRS_BEYOND_DILUTE,0.999974,0,13.5581,1.58783,1.26588,9.11918e-09,,0.8424,11,1.7e-12
R800,pairs_frozen,ZHA2017 frozen at 800 C,900,LI_SBR1,NEUTRAL,ISO_z4,BOUNDARY,RECON_CAP PAIRS_BEYOND_DILUTE,0.999974,0,13.5581,1.09385,1.83754,6.13374e-18,,0.8424,11,1.7e-12
R800,pairs_frozen,ZHA2017 frozen at 800 C,900,LI_SBR1,NEUTRAL,ISO_z8,BOUNDARY,RECON_CAP PAIRS_BEYOND_DILUTE,0.999974,0,13.5581,0.519124,3.87191,2.77501e-36,,0.8424,11,1.7e-12
R1000,pairs_frozen,ZHA2017 frozen at 1000 C,900,LI_SBR1,NEUTRAL,BRI,BOUNDARY,RECON_CAP YUAN_STRONG_REDUCTION PAIRS_BEYOND_DILUTE,0.999992,0,13.5581,2.30487,0.0196974,13.558,0.00334859,0.885,10,2.3e-13
R1000,pairs_frozen,ZHA2017 frozen at 1000 C,900,LI_SBR1,NEUTRAL,ISO_z2,BOUNDARY,RECON_CAP YUAN_STRONG_REDUCTION PAIRS_BEYOND_DILUTE,0.999992,0,13.5581,1.58783,0.0285926,8.33522e-10,,0.885,10,2.3e-13
R1000,pairs_frozen,ZHA2017 frozen at 1000 C,900,LI_SBR1,NEUTRAL,ISO_z4,BOUNDARY,RECON_CAP YUAN_STRONG_REDUCTION PAIRS_BEYOND_DILUTE,0.999992,0,13.5581,1.09385,0.0415047,5.12437e-20,,0.885,10,2.3e-13
R1000,pairs_frozen,ZHA2017 frozen at 1000 C,900,LI_SBR1,NEUTRAL,ISO_z8,BOUNDARY,RECON_CAP YUAN_STRONG_REDUCTION PAIRS_BEYOND_DILUTE,0.999992,0,13.5581,0.519124,0.087455,1.93681e-40,,0.885,10,2.3e-13
A600,pairs_eq,ZHA2017 at 600 C,900,LI_SBR1,LOCAL,BRI,BOUNDARY,RECON_CAP PAIRS_BEYOND_DILUTE,0.201769,0,13.5581,2.30487,0.980532,2.7356,0.826144,0.6506,10,1.8e-15
A600,pairs_eq,ZHA2017 at 600 C,900,LI_SBR1,LOCAL,ISO_z2,BOUNDARY,RECON_CAP PAIRS_BEYOND_DILUTE,0.201769,0,13.5581,1.58783,1.42333,1.74305,1.29658,0.6506,10,1.8e-15
A600,pairs_eq,ZHA2017 at 600 C,900,LI_SBR1,LOCAL,ISO_z4,BOUNDARY,RECON_CAP PAIRS_BEYOND_DILUTE,0.201769,0,13.5581,1.09385,2.06609,1.11062,2.0349,0.6506,10,1.8e-15
A600,pairs_eq,ZHA2017 at 600 C,900,LI_SBR1,LOCAL,ISO_z8,BOUNDARY,RECON_CAP PAIRS_BEYOND_DILUTE,0.201769,0,13.5581,0.519124,4.35349,0.4509,5.0122,0.6506,10,1.8e-15
R500,pairs_eq,ZHA2017 at 600 C,900,LI_SBR1,LOCAL,BRI,BOUNDARY,RECON_CAP PAIRS_BEYOND_DILUTE,0.390975,0,13.5581,2.30487,1.63567,5.30087,0.711205,0.7775,9,2.8e-14
R500,pairs_eq,ZHA2017 at 600 C,900,LI_SBR1,LOCAL,ISO_z2,BOUNDARY,RECON_CAP PAIRS_BEYOND_DILUTE,0.390975,0,13.5581,1.58783,2.37432,1.96615,1.91745,0.7775,9,2.8e-14
R500,pairs_eq,ZHA2017 at 600 C,900,LI_SBR1,LOCAL,ISO_z4,BOUNDARY,RECON_CAP PAIRS_BEYOND_DILUTE,0.390975,0,13.5581,1.09385,3.44653,0.729267,5.16957,0.7775,9,2.8e-14
R500,pairs_eq,ZHA2017 at 600 C,900,LI_SBR1,LOCAL,ISO_z8,BOUNDARY,RECON_CAP PAIRS_BEYOND_DILUTE,0.390975,0,13.5581,0.519124,7.26223,0.100329,,0.7775,9,2.8e-14
R600,pairs_eq,ZHA2017 at 600 C,900,LI_SBR1,LOCAL,BRI,BOUNDARY,RECON_CAP PAIRS_BEYOND_DILUTE,0.601716,0,13.5581,2.30487,1.70075,8.1581,0.480504,0.8583,7,-1.5e-12
R600,pairs_eq,ZHA2017 at 600 C,900,LI_SBR1,LOCAL,ISO_z2,BOUNDARY,RECON_CAP PAIRS_BEYOND_DILUTE,0.601716,0,13.5581,1.58783,2.46879,1.29412,3.02908,0.8583,7,-1.5e-12
R600,pairs_eq,ZHA2017 at 600 C,900,LI_SBR1,LOCAL,ISO_z4,BOUNDARY,RECON_CAP PAIRS_BEYOND_DILUTE,0.601716,0,13.5581,1.09385,3.58366,0.205287,19.0953,0.8583,7,-1.5e-12
R600,pairs_eq,ZHA2017 at 600 C,900,LI_SBR1,LOCAL,ISO_z8,BOUNDARY,RECON_CAP PAIRS_BEYOND_DILUTE,0.601716,0,13.5581,0.519124,7.55118,0.00516574,,0.8583,7,-1.5e-12
R800,pairs_eq,ZHA2017 at 600 C,900,LI_SBR1,LOCAL,BRI,BOUNDARY,RECON_CAP PAIRS_BEYOND_DILUTE,0.742693,0,13.5581,2.30487,0.872066,10.0695,0.199613,0.9005,8,-1.1e-13
R800,pairs_eq,ZHA2017 at 600 C,900,LI_SBR1,LOCAL,ISO_z2,BOUNDARY,RECON_CAP PAIRS_BEYOND_DILUTE,0.742693,0,13.5581,1.58783,1.26588,0.666668,3.01499,0.9005,8,-1.1e-13
R800,pairs_eq,ZHA2017 at 600 C,900,LI_SBR1,LOCAL,ISO_z4,BOUNDARY,RECON_CAP PAIRS_BEYOND_DILUTE,0.742693,0,13.5581,1.09385,1.83754,0.044138,,0.9005,8,-1.1e-13
R800,pairs_eq,ZHA2017 at 600 C,900,LI_SBR1,LOCAL,ISO_z8,BOUNDARY,RECON_CAP PAIRS_BEYOND_DILUTE,0.742693,0,13.5581,0.519124,3.87191,0.000193472,,0.9005,8,-1.1e-13
R1000,pairs_eq,ZHA2017 at 600 C,900,LI_SBR1,LOCAL,BRI,BOUNDARY,RECON_CAP YUAN_STRONG_REDUCTION PAIRS_BEYOND_DILUTE,0.909222,0,13.5581,2.30487,0.0196974,12.3273,0.00368289,0.9499,12,4.9e-10
R1000,pairs_eq,ZHA2017 at 600 C,900,LI_SBR1,LOCAL,ISO_z2,BOUNDARY,RECON_CAP YUAN_STRONG_REDUCTION PAIRS_BEYOND_DILUTE,0.909222,0,13.5581,1.58783,0.0285926,0.101586,,0.9499,12,4.9e-10
R1000,pairs_eq,ZHA2017 at 600 C,900,LI_SBR1,LOCAL,ISO_z4,BOUNDARY,RECON_CAP YUAN_STRONG_REDUCTION PAIRS_BEYOND_DILUTE,0.909222,0,13.5581,1.09385,0.0415047,0.000837142,,0.9499,12,4.9e-10
R1000,pairs_eq,ZHA2017 at 600 C,900,LI_SBR1,LOCAL,ISO_z8,BOUNDARY,RECON_CAP YUAN_STRONG_REDUCTION PAIRS_BEYOND_DILUTE,0.909222,0,13.5581,0.519124,0.087455,5.685e-08,,0.9499,12,4.9e-10
R500,pairs_frozen,ZHA2017 frozen at 500 C,900,LI_SBR1,LOCAL,BRI,BOUNDARY,RECON_CAP PAIRS_BEYOND_DILUTE,0.387644,0,13.5581,2.30487,1.63567,5.2557,0.717317,0.7876,11,-1.7e-12
R500,pairs_frozen,ZHA2017 frozen at 500 C,900,LI_SBR1,LOCAL,ISO_z2,BOUNDARY,RECON_CAP PAIRS_BEYOND_DILUTE,0.387644,0,13.5581,1.58783,2.37432,1.97078,1.91295,0.7876,11,-1.7e-12
R500,pairs_frozen,ZHA2017 frozen at 500 C,900,LI_SBR1,LOCAL,ISO_z4,BOUNDARY,RECON_CAP PAIRS_BEYOND_DILUTE,0.387644,0,13.5581,1.09385,3.44653,0.739004,5.10146,0.7876,11,-1.7e-12
R500,pairs_frozen,ZHA2017 frozen at 500 C,900,LI_SBR1,LOCAL,ISO_z8,BOUNDARY,RECON_CAP PAIRS_BEYOND_DILUTE,0.387644,0,13.5581,0.519124,7.26223,0.103911,,0.7876,11,-1.7e-12
R800,pairs_frozen,ZHA2017 frozen at 800 C,900,LI_SBR1,LOCAL,BRI,BOUNDARY,RECON_CAP PAIRS_BEYOND_DILUTE,0.767503,0,13.5581,2.30487,0.872066,10.4059,0.19316,0.8497,9,3.3e-13
R800,pairs_frozen,ZHA2017 frozen at 800 C,900,LI_SBR1,LOCAL,ISO_z2,BOUNDARY,RECON_CAP PAIRS_BEYOND_DILUTE,0.767503,0,13.5581,1.58783,1.26588,0.562485,3.57343,0.8497,9,3.3e-13
R800,pairs_frozen,ZHA2017 frozen at 800 C,900,LI_SBR1,LOCAL,ISO_z4,BOUNDARY,RECON_CAP PAIRS_BEYOND_DILUTE,0.767503,0,13.5581,1.09385,1.83754,0.0304049,,0.8497,9,3.3e-13
R800,pairs_frozen,ZHA2017 frozen at 800 C,900,LI_SBR1,LOCAL,ISO_z8,BOUNDARY,RECON_CAP PAIRS_BEYOND_DILUTE,0.767503,0,13.5581,0.519124,3.87191,8.88403e-05,,0.8497,9,3.3e-13
R1000,pairs_frozen,ZHA2017 frozen at 1000 C,900,LI_SBR1,LOCAL,BRI,BOUNDARY,RECON_CAP YUAN_STRONG_REDUCTION PAIRS_BEYOND_DILUTE,0.928119,0,13.5581,2.30487,0.0196974,12.5835,0.0036079,0.8855,8,2.8e-14
R1000,pairs_frozen,ZHA2017 frozen at 1000 C,900,LI_SBR1,LOCAL,ISO_z2,BOUNDARY,RECON_CAP YUAN_STRONG_REDUCTION PAIRS_BEYOND_DILUTE,0.928119,0,13.5581,1.58783,0.0285926,0.0650168,,0.8855,8,2.8e-14
R1000,pairs_frozen,ZHA2017 frozen at 1000 C,900,LI_SBR1,LOCAL,ISO_z4,BOUNDARY,RECON_CAP YUAN_STRONG_REDUCTION PAIRS_BEYOND_DILUTE,0.928119,0,13.5581,1.09385,0.0415047,0.000335931,,0.8855,8,2.8e-14
R1000,pairs_frozen,ZHA2017 frozen at 1000 C,900,LI_SBR1,LOCAL,ISO_z8,BOUNDARY,RECON_CAP YUAN_STRONG_REDUCTION PAIRS_BEYOND_DILUTE,0.928119,0,13.5581,0.519124,0.087455,8.96805e-09,,0.8855,8,2.8e-14
A600,pairs_eq,ZHA2017 at 600 C,900,LI_L2,NEUTRAL,BRI,SENSITIVITY,RECON_CAP,0.956606,0,13.5581,2.30487,0.980532,12.9697,0.174252,0.007453,8,-7.5e-13
A600,pairs_eq,ZHA2017 at 600 C,900,LI_L2,NEUTRAL,ISO_z2,SENSITIVITY,RECON_CAP,0.956606,0,13.5581,1.58783,1.42333,0.0244223,,0.007453,8,-7.5e-13
A600,pairs_eq,ZHA2017 at 600 C,900,LI_L2,NEUTRAL,ISO_z4,SENSITIVITY,RECON_CAP,0.956606,0,13.5581,1.09385,2.06609,4.59879e-05,,0.007453,8,-7.5e-13
A600,pairs_eq,ZHA2017 at 600 C,900,LI_L2,NEUTRAL,ISO_z8,SENSITIVITY,RECON_CAP,0.956606,0,13.5581,0.519124,4.35349,1.63063e-10,,0.007453,8,-7.5e-13
R500,pairs_eq,ZHA2017 at 600 C,900,LI_L2,NEUTRAL,BRI,SENSITIVITY,RECON_CAP,0.999404,0,13.5581,2.30487,1.63567,13.55,0.278229,0.3634,5,2.1e-14
R500,pairs_eq,ZHA2017 at 600 C,900,LI_L2,NEUTRAL,ISO_z2,SENSITIVITY,RECON_CAP,0.999404,0,13.5581,1.58783,2.37432,4.81758e-06,,0.3634,5,2.1e-14
R500,pairs_eq,ZHA2017 at 600 C,900,LI_L2,NEUTRAL,ISO_z4,SENSITIVITY,RECON_CAP,0.999404,0,13.5581,1.09385,3.44653,1.71285e-12,,0.3634,5,2.1e-14
R500,pairs_eq,ZHA2017 at 600 C,900,LI_L2,NEUTRAL,ISO_z8,SENSITIVITY,RECON_CAP,0.999404,0,13.5581,0.519124,7.26223,2.16522e-25,,0.3634,5,2.1e-14
R600,pairs_eq,ZHA2017 at 600 C,900,LI_L2,NEUTRAL,BRI,BOUNDARY,RECON_CAP PAIRS_BEYOND_DILUTE,0.99991,0,13.5581,2.30487,1.70075,13.5568,0.289153,0.7913,11,5.7e-14
R600,pairs_eq,ZHA2017 at 600 C,900,LI_L2,NEUTRAL,ISO_z2,BOUNDARY,RECON_CAP PAIRS_BEYOND_DILUTE,0.99991,0,13.5581,1.58783,2.46879,1.09406e-07,,0.7913,11,5.7e-14
R600,pairs_eq,ZHA2017 at 600 C,900,LI_L2,NEUTRAL,ISO_z4,BOUNDARY,RECON_CAP PAIRS_BEYOND_DILUTE,0.99991,0,13.5581,1.09385,3.58366,8.82923e-16,,0.7913,11,5.7e-14
R600,pairs_eq,ZHA2017 at 600 C,900,LI_L2,NEUTRAL,ISO_z8,BOUNDARY,RECON_CAP PAIRS_BEYOND_DILUTE,0.99991,0,13.5581,0.519124,7.55118,5.75026e-32,,0.7913,11,5.7e-14
R800,pairs_eq,ZHA2017 at 600 C,900,LI_L2,NEUTRAL,BRI,BOUNDARY,RECON_CAP PAIRS_BEYOND_DILUTE,0.999955,0,13.5581,2.30487,0.872066,13.5575,0.148258,0.8837,13,-1.4e-13
R800,pairs_eq,ZHA2017 at 600 C,900,LI_L2,NEUTRAL,ISO_z2,BOUNDARY,RECON_CAP PAIRS_BEYOND_DILUTE,0.999955,0,13.5581,1.58783,1.26588,2.71619e-08,,0.8837,13,-1.4e-13
R800,pairs_eq,ZHA2017 at 600 C,900,LI_L2,NEUTRAL,ISO_z4,BOUNDARY,RECON_CAP PAIRS_BEYOND_DILUTE,0.999955,0,13.5581,1.09385,1.83754,5.44179e-17,,0.8837,13,-1.4e-13
R800,pairs_eq,ZHA2017 at 600 C,900,LI_L2,NEUTRAL,ISO_z8,BOUNDARY,RECON_CAP PAIRS_BEYOND_DILUTE,0.999955,0,13.5581,0.519124,3.87191,2.18427e-34,,0.8837,13,-1.4e-13
R1000,pairs_eq,ZHA2017 at 600 C,900,LI_L2,NEUTRAL,BRI,BOUNDARY,RECON_CAP YUAN_STRONG_REDUCTION PAIRS_BEYOND_DILUTE,0.999982,0,13.5581,2.30487,0.0196974,13.5578,0.00334862,0.9482,10,2.2e-10
R1000,pairs_eq,ZHA2017 at 600 C,900,LI_L2,NEUTRAL,ISO_z2,BOUNDARY,RECON_CAP YUAN_STRONG_REDUCTION PAIRS_BEYOND_DILUTE,0.999982,0,13.5581,1.58783,0.0285926,4.57595e-09,,0.9482,10,2.2e-10
R1000,pairs_eq,ZHA2017 at 600 C,900,LI_L2,NEUTRAL,ISO_z4,BOUNDARY,RECON_CAP YUAN_STRONG_REDUCTION PAIRS_BEYOND_DILUTE,0.999982,0,13.5581,1.09385,0.0415047,1.54445e-18,,0.9482,10,2.2e-10
R1000,pairs_eq,ZHA2017 at 600 C,900,LI_L2,NEUTRAL,ISO_z8,BOUNDARY,RECON_CAP YUAN_STRONG_REDUCTION PAIRS_BEYOND_DILUTE,0.999982,0,13.5581,0.519124,0.087455,1.75936e-37,,0.9482,10,2.2e-10
R500,pairs_frozen,ZHA2017 frozen at 500 C,900,LI_L2,NEUTRAL,BRI,SENSITIVITY,RECON_CAP,0.999425,0,13.5581,2.30487,1.63567,13.5503,0.278223,0.1114,11,-7.1e-15
R500,pairs_frozen,ZHA2017 frozen at 500 C,900,LI_L2,NEUTRAL,ISO_z2,SENSITIVITY,RECON_CAP,0.999425,0,13.5581,1.58783,2.37432,4.48736e-06,,0.1114,11,-7.1e-15
R500,pairs_frozen,ZHA2017 frozen at 500 C,900,LI_L2,NEUTRAL,ISO_z4,SENSITIVITY,RECON_CAP,0.999425,0,13.5581,1.09385,3.44653,1.48605e-12,,0.1114,11,-7.1e-15
R500,pairs_frozen,ZHA2017 frozen at 500 C,900,LI_L2,NEUTRAL,ISO_z8,SENSITIVITY,RECON_CAP,0.999425,0,13.5581,0.519124,7.26223,1.62974e-25,,0.1114,11,-7.1e-15
R800,pairs_frozen,ZHA2017 frozen at 800 C,900,LI_L2,NEUTRAL,BRI,BOUNDARY,RECON_CAP PAIRS_BEYOND_DILUTE,0.999958,0,13.5581,2.30487,0.872066,13.5575,0.148258,0.8764,11,1.2e-11
R800,pairs_frozen,ZHA2017 frozen at 800 C,900,LI_L2,NEUTRAL,ISO_z2,BOUNDARY,RECON_CAP PAIRS_BEYOND_DILUTE,0.999958,0,13.5581,1.58783,1.26588,2.41548e-08,,0.8764,11,1.2e-11
R800,pairs_frozen,ZHA2017 frozen at 800 C,900,LI_L2,NEUTRAL,ISO_z4,BOUNDARY,RECON_CAP PAIRS_BEYOND_DILUTE,0.999958,0,13.5581,1.09385,1.83754,4.30355e-17,,0.8764,11,1.2e-11
R800,pairs_frozen,ZHA2017 frozen at 800 C,900,LI_L2,NEUTRAL,ISO_z8,BOUNDARY,RECON_CAP PAIRS_BEYOND_DILUTE,0.999958,0,13.5581,0.519124,3.87191,1.36607e-34,,0.8764,11,1.2e-11
R1000,pairs_frozen,ZHA2017 frozen at 1000 C,900,LI_L2,NEUTRAL,BRI,BOUNDARY,RECON_CAP YUAN_STRONG_REDUCTION PAIRS_BEYOND_DILUTE,0.999991,0,13.5581,2.30487,0.0196974,13.5579,0.00334859,0.8961,10,3.0e-12
R1000,pairs_frozen,ZHA2017 frozen at 1000 C,900,LI_L2,NEUTRAL,ISO_z2,BOUNDARY,RECON_CAP YUAN_STRONG_REDUCTION PAIRS_BEYOND_DILUTE,0.999991,0,13.5581,1.58783,0.0285926,1.13625e-09,,0.8961,10,3.0e-12
R1000,pairs_frozen,ZHA2017 frozen at 1000 C,900,LI_L2,NEUTRAL,ISO_z4,BOUNDARY,RECON_CAP YUAN_STRONG_REDUCTION PAIRS_BEYOND_DILUTE,0.999991,0,13.5581,1.09385,0.0415047,9.52257e-20,,0.8961,10,3.0e-12
R1000,pairs_frozen,ZHA2017 frozen at 1000 C,900,LI_L2,NEUTRAL,ISO_z8,BOUNDARY,RECON_CAP YUAN_STRONG_REDUCTION PAIRS_BEYOND_DILUTE,0.999991,0,13.5581,0.519124,0.087455,6.68828e-40,,0.8961,10,3.0e-12
A600,pairs_eq,ZHA2017 at 600 C,900,LI_L2,LOCAL,BRI,BOUNDARY,RECON_CAP PAIRS_BEYOND_DILUTE,0.197771,0,13.5581,2.30487,0.980532,2.68139,0.842847,0.6465,10,-3.6e-15
A600,pairs_eq,ZHA2017 at 600 C,900,LI_L2,LOCAL,ISO_z2,BOUNDARY,RECON_CAP PAIRS_BEYOND_DILUTE,0.197771,0,13.5581,1.58783,1.42333,1.72567,1.30964,0.6465,10,-3.6e-15
A600,pairs_eq,ZHA2017 at 600 C,900,LI_L2,LOCAL,ISO_z4,BOUNDARY,RECON_CAP PAIRS_BEYOND_DILUTE,0.197771,0,13.5581,1.09385,2.06609,1.11059,2.03495,0.6465,10,-3.6e-15
A600,pairs_eq,ZHA2017 at 600 C,900,LI_L2,LOCAL,ISO_z8,BOUNDARY,RECON_CAP PAIRS_BEYOND_DILUTE,0.197771,0,13.5581,0.519124,4.35349,0.459989,4.91316,0.6465,10,-3.6e-15
R500,pairs_eq,ZHA2017 at 600 C,900,LI_L2,LOCAL,BRI,BOUNDARY,RECON_CAP PAIRS_BEYOND_DILUTE,0.385759,0,13.5581,2.30487,1.63567,5.23015,0.720821,0.7749,9,-4.3e-14
R500,pairs_eq,ZHA2017 at 600 C,900,LI_L2,LOCAL,ISO_z2,BOUNDARY,RECON_CAP PAIRS_BEYOND_DILUTE,0.385759,0,13.5581,1.58783,2.37432,1.97329,1.91051,0.7749,9,-4.3e-14
R500,pairs_eq,ZHA2017 at 600 C,900,LI_L2,LOCAL,ISO_z4,BOUNDARY,RECON_CAP PAIRS_BEYOND_DILUTE,0.385759,0,13.5581,1.09385,3.44653,0.744507,5.06375,0.7749,9,-4.3e-14
R500,pairs_eq,ZHA2017 at 600 C,900,LI_L2,LOCAL,ISO_z8,BOUNDARY,RECON_CAP PAIRS_BEYOND_DILUTE,0.385759,0,13.5581,0.519124,7.26223,0.10598,,0.7749,9,-4.3e-14
R600,pairs_eq,ZHA2017 at 600 C,900,LI_L2,LOCAL,BRI,BOUNDARY,RECON_CAP PAIRS_BEYOND_DILUTE,0.597501,0,13.5581,2.30487,1.70075,8.10096,0.483893,0.8568,7,-3.7e-13
R600,pairs_eq,ZHA2017 at 600 C,900,LI_L2,LOCAL,ISO_z2,BOUNDARY,RECON_CAP PAIRS_BEYOND_DILUTE,0.597501,0,13.5581,1.58783,2.46879,1.3124,2.9869,0.8568,7,-3.7e-13
R600,pairs_eq,ZHA2017 at 600 C,900,LI_L2,LOCAL,ISO_z4,BOUNDARY,RECON_CAP PAIRS_BEYOND_DILUTE,0.597501,0,13.5581,1.09385,3.58366,0.212616,18.437,0.8568,7,-3.7e-13
R600,pairs_eq,ZHA2017 at 600 C,900,LI_L2,LOCAL,ISO_z8,BOUNDARY,RECON_CAP PAIRS_BEYOND_DILUTE,0.597501,0,13.5581,0.519124,7.55118,0.00558025,,0.8568,7,-3.7e-13
R800,pairs_eq,ZHA2017 at 600 C,900,LI_L2,LOCAL,BRI,BOUNDARY,RECON_CAP PAIRS_BEYOND_DILUTE,0.7404,0,13.5581,2.30487,0.872066,10.0384,0.200231,0.8996,8,-1.1e-13
R800,pairs_eq,ZHA2017 at 600 C,900,LI_L2,LOCAL,ISO_z2,BOUNDARY,RECON_CAP PAIRS_BEYOND_DILUTE,0.7404,0,13.5581,1.58783,1.26588,0.676511,2.97113,0.8996,8,-1.1e-13
R800,pairs_eq,ZHA2017 at 600 C,900,LI_L2,LOCAL,ISO_z4,BOUNDARY,RECON_CAP PAIRS_BEYOND_DILUTE,0.7404,0,13.5581,1.09385,1.83754,0.0455917,,0.8996,8,-1.1e-13
R800,pairs_eq,ZHA2017 at 600 C,900,LI_L2,LOCAL,ISO_z8,BOUNDARY,RECON_CAP PAIRS_BEYOND_DILUTE,0.7404,0,13.5581,0.519124,3.87191,0.000207066,,0.8996,8,-1.1e-13
R1000,pairs_eq,ZHA2017 at 600 C,900,LI_L2,LOCAL,BRI,BOUNDARY,RECON_CAP YUAN_STRONG_REDUCTION PAIRS_BEYOND_DILUTE,0.911115,0,13.5581,2.30487,0.0196974,12.353,0.00367523,0.9497,14,2.7e-11
R1000,pairs_eq,ZHA2017 at 600 C,900,LI_L2,LOCAL,ISO_z2,BOUNDARY,RECON_CAP YUAN_STRONG_REDUCTION PAIRS_BEYOND_DILUTE,0.911115,0,13.5581,1.58783,0.0285926,0.0975949,,0.9497,14,2.7e-11
R1000,pairs_eq,ZHA2017 at 600 C,900,LI_L2,LOCAL,ISO_z4,BOUNDARY,RECON_CAP YUAN_STRONG_REDUCTION PAIRS_BEYOND_DILUTE,0.911115,0,13.5581,1.09385,0.0415047,0.000771051,,0.9497,14,2.7e-11
R1000,pairs_eq,ZHA2017 at 600 C,900,LI_L2,LOCAL,ISO_z8,BOUNDARY,RECON_CAP YUAN_STRONG_REDUCTION PAIRS_BEYOND_DILUTE,0.911115,0,13.5581,0.519124,0.087455,4.81278e-08,,0.9497,14,2.7e-11
R500,pairs_frozen,ZHA2017 frozen at 500 C,900,LI_L2,LOCAL,BRI,BOUNDARY,RECON_CAP PAIRS_BEYOND_DILUTE,0.384556,0,13.5581,2.30487,1.63567,5.21384,0.723076,0.7788,10,1.0e-11
R500,pairs_frozen,ZHA2017 frozen at 500 C,900,LI_L2,LOCAL,ISO_z2,BOUNDARY,RECON_CAP PAIRS_BEYOND_DILUTE,0.384556,0,13.5581,1.58783,2.37432,1.97485,1.90901,0.7788,10,1.0e-11
R500,pairs_frozen,ZHA2017 frozen at 500 C,900,LI_L2,LOCAL,ISO_z4,BOUNDARY,RECON_CAP PAIRS_BEYOND_DILUTE,0.384556,0,13.5581,1.09385,3.44653,0.748017,5.04,0.7788,10,1.0e-11
R500,pairs_frozen,ZHA2017 frozen at 500 C,900,LI_L2,LOCAL,ISO_z8,BOUNDARY,RECON_CAP PAIRS_BEYOND_DILUTE,0.384556,0,13.5581,0.519124,7.26223,0.107316,,0.7788,10,1.0e-11
R800,pairs_frozen,ZHA2017 frozen at 800 C,900,LI_L2,LOCAL,BRI,BOUNDARY,RECON_CAP PAIRS_BEYOND_DILUTE,0.762449,0,13.5581,2.30487,0.872066,10.3373,0.194441,0.8553,9,2.9e-13
R800,pairs_frozen,ZHA2017 frozen at 800 C,900,LI_L2,LOCAL,ISO_z2,BOUNDARY,RECON_CAP PAIRS_BEYOND_DILUTE,0.762449,0,13.5581,1.58783,1.26588,0.583339,3.44568,0.8553,9,2.9e-13
R800,pairs_frozen,ZHA2017 frozen at 800 C,900,LI_L2,LOCAL,ISO_z4,BOUNDARY,RECON_CAP PAIRS_BEYOND_DILUTE,0.762449,0,13.5581,1.09385,1.83754,0.032918,,0.8553,9,2.9e-13
R800,pairs_frozen,ZHA2017 frozen at 800 C,900,LI_L2,LOCAL,ISO_z8,BOUNDARY,RECON_CAP PAIRS_BEYOND_DILUTE,0.762449,0,13.5581,0.519124,3.87191,0.000104824,,0.8553,9,2.9e-13
R1000,pairs_frozen,ZHA2017 frozen at 1000 C,900,LI_L2,LOCAL,BRI,BOUNDARY,RECON_CAP YUAN_STRONG_REDUCTION PAIRS_BEYOND_DILUTE,0.929986,0,13.5581,2.30487,0.0196974,12.6088,0.00360066,0.8896,8,-4.3e-14
R1000,pairs_frozen,ZHA2017 frozen at 1000 C,900,LI_L2,LOCAL,ISO_z2,BOUNDARY,RECON_CAP YUAN_STRONG_REDUCTION PAIRS_BEYOND_DILUTE,0.929986,0,13.5581,1.58783,0.0285926,0.0618087,,0.8896,8,-4.3e-14
R1000,pairs_frozen,ZHA2017 frozen at 1000 C,900,LI_L2,LOCAL,ISO_z4,BOUNDARY,RECON_CAP YUAN_STRONG_REDUCTION PAIRS_BEYOND_DILUTE,0.929986,0,13.5581,1.09385,0.0415047,0.000302988,,0.8896,8,-4.3e-14
R1000,pairs_frozen,ZHA2017 frozen at 1000 C,900,LI_L2,LOCAL,ISO_z8,BOUNDARY,RECON_CAP YUAN_STRONG_REDUCTION PAIRS_BEYOND_DILUTE,0.929986,0,13.5581,0.519124,0.087455,7.28077e-09,,0.8896,8,-4.3e-14
A600,pairs_eq,ZHA2017 at 600 C,900,LI_CONT xi 0.5,NEUTRAL,BRI,SENSITIVITY,RECON_CAP,0.91741,0,13.5581,2.30487,0.980532,12.4383,0.181697,0.00382,7,1.1e-14
A600,pairs_eq,ZHA2017 at 600 C,900,LI_CONT xi 0.5,NEUTRAL,ISO_z2,SENSITIVITY,RECON_CAP,0.91741,0,13.5581,1.58783,1.42333,0.0848425,,0.00382,7,1.1e-14
A600,pairs_eq,ZHA2017 at 600 C,900,LI_CONT xi 0.5,NEUTRAL,ISO_z4,SENSITIVITY,RECON_CAP,0.91741,0,13.5581,1.09385,2.06609,0.000578717,,0.00382,7,1.1e-14
A600,pairs_eq,ZHA2017 at 600 C,900,LI_CONT xi 0.5,NEUTRAL,ISO_z8,SENSITIVITY,RECON_CAP,0.91741,0,13.5581,0.519124,4.35349,2.69259e-08,,0.00382,7,1.1e-14
R500,pairs_eq,ZHA2017 at 600 C,900,LI_CONT xi 0.5,NEUTRAL,BRI,SENSITIVITY,RECON_CAP,0.997574,0,13.5581,2.30487,1.63567,13.5252,0.278739,0.1243,6,1.8e-12
R500,pairs_eq,ZHA2017 at 600 C,900,LI_CONT xi 0.5,NEUTRAL,ISO_z2,SENSITIVITY,RECON_CAP,0.997574,0,13.5581,1.58783,2.37432,7.95823e-05,,0.1243,6,1.8e-12
R500,pairs_eq,ZHA2017 at 600 C,900,LI_CONT xi 0.5,NEUTRAL,ISO_z4,SENSITIVITY,RECON_CAP,0.997574,0,13.5581,1.09385,3.44653,4.68263e-10,,0.1243,6,1.8e-12
R500,pairs_eq,ZHA2017 at 600 C,900,LI_CONT xi 0.5,NEUTRAL,ISO_z8,SENSITIVITY,RECON_CAP,0.997574,0,13.5581,0.519124,7.26223,1.6212e-20,,0.1243,6,1.8e-12
R600,pairs_eq,ZHA2017 at 600 C,900,LI_CONT xi 0.5,NEUTRAL,BRI,BOUNDARY,RECON_CAP PAIRS_BEYOND_DILUTE,0.999897,0,13.5581,2.30487,1.70075,13.5567,0.289157,0.771,12,0.0e+00
R600,pairs_eq,ZHA2017 at 600 C,900,LI_CONT xi 0.5,NEUTRAL,ISO_z2,BOUNDARY,RECON_CAP PAIRS_BEYOND_DILUTE,0.999897,0,13.5581,1.58783,2.46879,1.42528e-07,,0.771,12,0.0e+00
R600,pairs_eq,ZHA2017 at 600 C,900,LI_CONT xi 0.5,NEUTRAL,ISO_z4,BOUNDARY,RECON_CAP PAIRS_BEYOND_DILUTE,0.999897,0,13.5581,1.09385,3.58366,1.49846e-15,,0.771,12,0.0e+00
R600,pairs_eq,ZHA2017 at 600 C,900,LI_CONT xi 0.5,NEUTRAL,ISO_z8,BOUNDARY,RECON_CAP PAIRS_BEYOND_DILUTE,0.999897,0,13.5581,0.519124,7.55118,1.65629e-31,,0.771,12,0.0e+00
R800,pairs_eq,ZHA2017 at 600 C,900,LI_CONT xi 0.5,NEUTRAL,BRI,BOUNDARY,RECON_CAP PAIRS_BEYOND_DILUTE,0.999953,0,13.5581,2.30487,0.872066,13.5574,0.148258,0.8791,12,2.8e-14
R800,pairs_eq,ZHA2017 at 600 C,900,LI_CONT xi 0.5,NEUTRAL,ISO_z2,BOUNDARY,RECON_CAP PAIRS_BEYOND_DILUTE,0.999953,0,13.5581,1.58783,1.26588,3.04734e-08,,0.8791,12,2.8e-14
R800,pairs_eq,ZHA2017 at 600 C,900,LI_CONT xi 0.5,NEUTRAL,ISO_z4,BOUNDARY,RECON_CAP PAIRS_BEYOND_DILUTE,0.999953,0,13.5581,1.09385,1.83754,6.84961e-17,,0.8791,12,2.8e-14
R800,pairs_eq,ZHA2017 at 600 C,900,LI_CONT xi 0.5,NEUTRAL,ISO_z8,BOUNDARY,RECON_CAP PAIRS_BEYOND_DILUTE,0.999953,0,13.5581,0.519124,3.87191,3.46063e-34,,0.8791,12,2.8e-14
R1000,pairs_eq,ZHA2017 at 600 C,900,LI_CONT xi 0.5,NEUTRAL,BRI,BOUNDARY,RECON_CAP YUAN_STRONG_REDUCTION PAIRS_BEYOND_DILUTE,0.999981,0,13.5581,2.30487,0.0196974,13.5578,0.00334862,0.9477,10,1.6e-10
R1000,pairs_eq,ZHA2017 at 600 C,900,LI_CONT xi 0.5,NEUTRAL,ISO_z2,BOUNDARY,RECON_CAP YUAN_STRONG_REDUCTION PAIRS_BEYOND_DILUTE,0.999981,0,13.5581,1.58783,0.0285926,4.79902e-09,,0.9477,10,1.6e-10
R1000,pairs_eq,ZHA2017 at 600 C,900,LI_CONT xi 0.5,NEUTRAL,ISO_z4,BOUNDARY,RECON_CAP YUAN_STRONG_REDUCTION PAIRS_BEYOND_DILUTE,0.999981,0,13.5581,1.09385,0.0415047,1.6987e-18,,0.9477,10,1.6e-10
R1000,pairs_eq,ZHA2017 at 600 C,900,LI_CONT xi 0.5,NEUTRAL,ISO_z8,BOUNDARY,RECON_CAP YUAN_STRONG_REDUCTION PAIRS_BEYOND_DILUTE,0.999981,0,13.5581,0.519124,0.087455,2.12835e-37,,0.9477,10,1.6e-10
R500,pairs_frozen,ZHA2017 frozen at 500 C,900,LI_CONT xi 0.5,NEUTRAL,BRI,SENSITIVITY,RECON_CAP,0.997585,0,13.5581,2.30487,1.63567,13.5253,0.278736,0.01898,12,-1.4e-14
R500,pairs_frozen,ZHA2017 frozen at 500 C,900,LI_CONT xi 0.5,NEUTRAL,ISO_z2,SENSITIVITY,RECON_CAP,0.997585,0,13.5581,1.58783,2.37432,7.88828e-05,,0.01898,12,-1.4e-14
R500,pairs_frozen,ZHA2017 frozen at 500 C,900,LI_CONT xi 0.5,NEUTRAL,ISO_z4,SENSITIVITY,RECON_CAP,0.997585,0,13.5581,1.09385,3.44653,4.60063e-10,,0.01898,12,-1.4e-14
R500,pairs_frozen,ZHA2017 frozen at 500 C,900,LI_CONT xi 0.5,NEUTRAL,ISO_z8,SENSITIVITY,RECON_CAP,0.997585,0,13.5581,0.519124,7.26223,1.5649e-20,,0.01898,12,-1.4e-14
R800,pairs_frozen,ZHA2017 frozen at 800 C,900,LI_CONT xi 0.5,NEUTRAL,BRI,BOUNDARY,RECON_CAP PAIRS_BEYOND_DILUTE,0.999953,0,13.5581,2.30487,0.872066,13.5574,0.148258,0.8779,11,5.7e-14
R800,pairs_frozen,ZHA2017 frozen at 800 C,900,LI_CONT xi 0.5,NEUTRAL,ISO_z2,BOUNDARY,RECON_CAP PAIRS_BEYOND_DILUTE,0.999953,0,13.5581,1.58783,1.26588,2.99448e-08,,0.8779,11,5.7e-14
R800,pairs_frozen,ZHA2017 frozen at 800 C,900,LI_CONT xi 0.5,NEUTRAL,ISO_z4,BOUNDARY,RECON_CAP PAIRS_BEYOND_DILUTE,0.999953,0,13.5581,1.09385,1.83754,6.61404e-17,,0.8779,11,5.7e-14
R800,pairs_frozen,ZHA2017 frozen at 800 C,900,LI_CONT xi 0.5,NEUTRAL,ISO_z8,BOUNDARY,RECON_CAP PAIRS_BEYOND_DILUTE,0.999953,0,13.5581,0.519124,3.87191,3.22668e-34,,0.8779,11,5.7e-14
R1000,pairs_frozen,ZHA2017 frozen at 1000 C,900,LI_CONT xi 0.5,NEUTRAL,BRI,BOUNDARY,RECON_CAP YUAN_STRONG_REDUCTION PAIRS_BEYOND_DILUTE,0.999989,0,13.5581,2.30487,0.0196974,13.5579,0.0033486,0.9104,10,6.0e-13
R1000,pairs_frozen,ZHA2017 frozen at 1000 C,900,LI_CONT xi 0.5,NEUTRAL,ISO_z2,BOUNDARY,RECON_CAP YUAN_STRONG_REDUCTION PAIRS_BEYOND_DILUTE,0.999989,0,13.5581,1.58783,0.0285926,1.67057e-09,,0.9104,10,6.0e-13
R1000,pairs_frozen,ZHA2017 frozen at 1000 C,900,LI_CONT xi 0.5,NEUTRAL,ISO_z4,BOUNDARY,RECON_CAP YUAN_STRONG_REDUCTION PAIRS_BEYOND_DILUTE,0.999989,0,13.5581,1.09385,0.0415047,2.05844e-19,,0.9104,10,6.0e-13
R1000,pairs_frozen,ZHA2017 frozen at 1000 C,900,LI_CONT xi 0.5,NEUTRAL,ISO_z8,BOUNDARY,RECON_CAP YUAN_STRONG_REDUCTION PAIRS_BEYOND_DILUTE,0.999989,0,13.5581,0.519124,0.087455,3.12523e-39,,0.9104,10,6.0e-13
A600,pairs_eq,ZHA2017 at 600 C,900,LI_CONT xi 0.5,LOCAL,BRI,BOUNDARY,PAIRS_BEYOND_DILUTE,0.0811742,0,13.5581,1.10056,2.05349,1.10056,2.05349,0.663,15,7.7e-13
A600,pairs_eq,ZHA2017 at 600 C,900,LI_CONT xi 0.5,LOCAL,ISO_z2,BOUNDARY,PAIRS_BEYOND_DILUTE,0.0811742,0,13.5581,0.929142,2.43235,0.929142,2.43235,0.663,15,7.7e-13
A600,pairs_eq,ZHA2017 at 600 C,900,LI_CONT xi 0.5,LOCAL,ISO_z4,BOUNDARY,PAIRS_BEYOND_DILUTE,0.0811742,0,13.5581,0.78442,2.88111,0.78442,2.88111,0.663,15,7.7e-13
A600,pairs_eq,ZHA2017 at 600 C,900,LI_CONT xi 0.5,LOCAL,ISO_z8,BOUNDARY,PAIRS_BEYOND_DILUTE,0.0811742,0,13.5581,0.559089,4.04229,0.559089,4.04229,0.663,15,7.7e-13
R500,pairs_eq,ZHA2017 at 600 C,900,LI_CONT xi 0.5,LOCAL,BRI,BOUNDARY,PAIRS_BEYOND_DILUTE,0.14333,0,13.5581,1.94327,1.94003,1.94327,1.94003,0.7825,15,-4.9e-12
R500,pairs_eq,ZHA2017 at 600 C,900,LI_CONT xi 0.5,LOCAL,ISO_z2,BOUNDARY,PAIRS_BEYOND_DILUTE,0.14333,0,13.5581,1.42614,2.64351,1.42614,2.64351,0.7825,15,-4.9e-12
R500,pairs_eq,ZHA2017 at 600 C,900,LI_CONT xi 0.5,LOCAL,ISO_z4,BOUNDARY,PAIRS_BEYOND_DILUTE,0.14333,0,13.5581,1.04662,3.60207,1.04662,3.60207,0.7825,15,-4.9e-12
R500,pairs_eq,ZHA2017 at 600 C,900,LI_CONT xi 0.5,LOCAL,ISO_z8,BOUNDARY,PAIRS_BEYOND_DILUTE,0.14333,0,13.5581,0.563694,6.68802,0.563694,6.68802,0.7825,15,-4.9e-12
R600,pairs_eq,ZHA2017 at 600 C,900,LI_CONT xi 0.5,LOCAL,BRI,BOUNDARY,RECON_CAP PAIRS_BEYOND_DILUTE,0.198261,0,13.5581,2.30487,1.70075,2.68804,1.45831,0.8595,7,-1.4e-14
R600,pairs_eq,ZHA2017 at 600 C,900,LI_CONT xi 0.5,LOCAL,ISO_z2,BOUNDARY,RECON_CAP PAIRS_BEYOND_DILUTE,0.198261,0,13.5581,1.58783,2.46879,1.72783,2.26874,0.8595,7,-1.4e-14
R600,pairs_eq,ZHA2017 at 600 C,900,LI_CONT xi 0.5,LOCAL,ISO_z4,BOUNDARY,RECON_CAP PAIRS_BEYOND_DILUTE,0.198261,0,13.5581,1.09385,3.58366,1.11062,3.52955,0.8595,7,-1.4e-14
R600,pairs_eq,ZHA2017 at 600 C,900,LI_CONT xi 0.5,LOCAL,ISO_z8,BOUNDARY,RECON_CAP PAIRS_BEYOND_DILUTE,0.198261,0,13.5581,0.519124,7.55118,0.458879,8.54255,0.8595,7,-1.4e-14
R800,pairs_eq,ZHA2017 at 600 C,900,LI_CONT xi 0.5,LOCAL,BRI,BOUNDARY,RECON_CAP PAIRS_BEYOND_DILUTE,0.225441,0,13.5581,2.30487,0.872066,3.05654,0.657606,0.9007,8,-2.0e-13
R800,pairs_eq,ZHA2017 at 600 C,900,LI_CONT xi 0.5,LOCAL,ISO_z2,BOUNDARY,RECON_CAP PAIRS_BEYOND_DILUTE,0.225441,0,13.5581,1.58783,1.26588,1.83375,1.09612,0.9007,8,-2.0e-13
R800,pairs_eq,ZHA2017 at 600 C,900,LI_CONT xi 0.5,LOCAL,ISO_z4,BOUNDARY,RECON_CAP PAIRS_BEYOND_DILUTE,0.225441,0,13.5581,1.09385,1.83754,1.10014,1.82704,0.9007,8,-2.0e-13
R800,pairs_eq,ZHA2017 at 600 C,900,LI_CONT xi 0.5,LOCAL,ISO_z8,BOUNDARY,RECON_CAP PAIRS_BEYOND_DILUTE,0.225441,0,13.5581,0.519124,3.87191,0.395974,5.07609,0.9007,8,-2.0e-13
R1000,pairs_eq,ZHA2017 at 600 C,900,LI_CONT xi 0.5,LOCAL,BRI,BOUNDARY,RECON_CAP YUAN_STRONG_REDUCTION PAIRS_BEYOND_DILUTE,0.245765,0,13.5581,2.30487,0.0196974,3.3321,0.013625,0.9498,14,1.5e-10
R1000,pairs_eq,ZHA2017 at 600 C,900,LI_CONT xi 0.5,LOCAL,ISO_z2,BOUNDARY,RECON_CAP YUAN_STRONG_REDUCTION PAIRS_BEYOND_DILUTE,0.245765,0,13.5581,1.58783,0.0285926,1.89553,0.0239511,0.9498,14,1.5e-10
R1000,pairs_eq,ZHA2017 at 600 C,900,LI_CONT xi 0.5,LOCAL,ISO_z4,BOUNDARY,RECON_CAP YUAN_STRONG_REDUCTION PAIRS_BEYOND_DILUTE,0.245765,0,13.5581,1.09385,0.0415047,1.07831,0.0421029,0.9498,14,1.5e-10
R1000,pairs_eq,ZHA2017 at 600 C,900,LI_CONT xi 0.5,LOCAL,ISO_z8,BOUNDARY,RECON_CAP YUAN_STRONG_REDUCTION PAIRS_BEYOND_DILUTE,0.245765,0,13.5581,0.519124,0.087455,0.348956,0.130102,0.9498,14,1.5e-10
R500,pairs_frozen,ZHA2017 frozen at 500 C,900,LI_CONT xi 0.5,LOCAL,BRI,BOUNDARY,PAIRS_BEYOND_DILUTE,0.140009,0,13.5581,1.89825,1.98604,1.89825,1.98604,0.8123,21,-8.1e-12
R500,pairs_frozen,ZHA2017 frozen at 500 C,900,LI_CONT xi 0.5,LOCAL,ISO_z2,BOUNDARY,PAIRS_BEYOND_DILUTE,0.140009,0,13.5581,1.40391,2.68535,1.40391,2.68535,0.8123,21,-8.1e-12
R500,pairs_frozen,ZHA2017 frozen at 500 C,900,LI_CONT xi 0.5,LOCAL,ISO_z4,BOUNDARY,PAIRS_BEYOND_DILUTE,0.140009,0,13.5581,1.03831,3.63088,1.03831,3.63088,0.8123,21,-8.1e-12
R500,pairs_frozen,ZHA2017 frozen at 500 C,900,LI_CONT xi 0.5,LOCAL,ISO_z8,BOUNDARY,PAIRS_BEYOND_DILUTE,0.140009,0,13.5581,0.567943,6.63798,0.567943,6.63798,0.8123,21,-8.1e-12
R800,pairs_frozen,ZHA2017 frozen at 800 C,900,LI_CONT xi 0.5,LOCAL,BRI,BOUNDARY,RECON_CAP PAIRS_BEYOND_DILUTE,0.229284,0,13.5581,2.30487,0.872066,3.10864,0.646584,0.8506,9,9.9e-14
R800,pairs_frozen,ZHA2017 frozen at 800 C,900,LI_CONT xi 0.5,LOCAL,ISO_z2,BOUNDARY,RECON_CAP PAIRS_BEYOND_DILUTE,0.229284,0,13.5581,1.58783,1.26588,1.84655,1.08852,0.8506,9,9.9e-14
R800,pairs_frozen,ZHA2017 frozen at 800 C,900,LI_CONT xi 0.5,LOCAL,ISO_z4,BOUNDARY,RECON_CAP PAIRS_BEYOND_DILUTE,0.229284,0,13.5581,1.09385,1.83754,1.09685,1.83251,0.8506,9,9.9e-14
R800,pairs_frozen,ZHA2017 frozen at 800 C,900,LI_CONT xi 0.5,LOCAL,ISO_z8,BOUNDARY,RECON_CAP PAIRS_BEYOND_DILUTE,0.229284,0,13.5581,0.519124,3.87191,0.387014,5.19361,0.8506,9,9.9e-14
R1000,pairs_frozen,ZHA2017 frozen at 1000 C,900,LI_CONT xi 0.5,LOCAL,BRI,BOUNDARY,RECON_CAP YUAN_STRONG_REDUCTION PAIRS_BEYOND_DILUTE,0.247113,0,13.5581,2.30487,0.0196974,3.35037,0.0135507,0.8891,8,0.0e+00
R1000,pairs_frozen,ZHA2017 frozen at 1000 C,900,LI_CONT xi 0.5,LOCAL,ISO_z2,BOUNDARY,RECON_CAP YUAN_STRONG_REDUCTION PAIRS_BEYOND_DILUTE,0.247113,0,13.5581,1.58783,0.0285926,1.89912,0.0239058,0.8891,8,0.0e+00
R1000,pairs_frozen,ZHA2017 frozen at 1000 C,900,LI_CONT xi 0.5,LOCAL,ISO_z4,BOUNDARY,RECON_CAP YUAN_STRONG_REDUCTION PAIRS_BEYOND_DILUTE,0.247113,0,13.5581,1.09385,0.0415047,1.0765,0.0421739,0.8891,8,0.0e+00
R1000,pairs_frozen,ZHA2017 frozen at 1000 C,900,LI_CONT xi 0.5,LOCAL,ISO_z8,BOUNDARY,RECON_CAP YUAN_STRONG_REDUCTION PAIRS_BEYOND_DILUTE,0.247113,0,13.5581,0.519124,0.087455,0.345885,0.131258,0.8891,8,0.0e+00
A600,size_mix,"equal mass, 900-1600 nm",mix 900-1600,PAB,NEUTRAL,BRI,SENSITIVITY,RECON_CAP,0.779882,0,13.5581,1.71881,1.31486,7.76678,0.290983,0,,
A600,size_mix,"equal mass, 900-1600 nm",mix 900-1600,PAB,NEUTRAL,ISO_z2,SENSITIVITY,RECON_CAP,0.779882,0,13.5581,1.18409,1.90864,0.42903,5.2677,0,,
A600,size_mix,"equal mass, 900-1600 nm",mix 900-1600,PAB,NEUTRAL,ISO_z4,SENSITIVITY,RECON_CAP,0.779882,0,13.5581,0.81572,2.77056,0.0305046,,0,,
A600,size_mix,"equal mass, 900-1600 nm",mix 900-1600,PAB,NEUTRAL,ISO_z8,SENSITIVITY,RECON_CAP,0.779882,0,13.5581,0.387127,5.83788,0.000236519,,0,,
R500,size_mix,"equal mass, 900-1600 nm",mix 900-1600,PAB,NEUTRAL,BRI,SENSITIVITY,RECON_CAP,0.970666,0,13.5581,1.71881,2.19337,9.80359,0.384553,0,,
R500,size_mix,"equal mass, 900-1600 nm",mix 900-1600,PAB,NEUTRAL,ISO_z2,SENSITIVITY,RECON_CAP,0.970666,0,13.5581,1.18409,3.18388,0.00934301,,0,,
R500,size_mix,"equal mass, 900-1600 nm",mix 900-1600,PAB,NEUTRAL,ISO_z4,SENSITIVITY,RECON_CAP,0.970666,0,13.5581,0.81572,4.62169,1.02063e-05,,0,,
R500,size_mix,"equal mass, 900-1600 nm",mix 900-1600,PAB,NEUTRAL,ISO_z8,SENSITIVITY,RECON_CAP,0.970666,0,13.5581,0.387127,9.73841,1.68512e-11,,0,,
R600,size_mix,"equal mass, 900-1600 nm",mix 900-1600,PAB,NEUTRAL,BRI,SENSITIVITY,RECON_CAP,0.99273,0,13.5581,1.71881,2.28064,10.0364,0.39058,0,,
R600,size_mix,"equal mass, 900-1600 nm",mix 900-1600,PAB,NEUTRAL,ISO_z2,SENSITIVITY,RECON_CAP,0.99273,0,13.5581,1.18409,3.31056,0.000543806,,0,,
R600,size_mix,"equal mass, 900-1600 nm",mix 900-1600,PAB,NEUTRAL,ISO_z4,SENSITIVITY,RECON_CAP,0.99273,0,13.5581,0.81572,4.80557,2.98646e-08,,0,,
R600,size_mix,"equal mass, 900-1600 nm",mix 900-1600,PAB,NEUTRAL,ISO_z8,SENSITIVITY,RECON_CAP,0.99273,0,13.5581,0.387127,10.1259,9.377e-17,,0,,
R800,size_mix,"equal mass, 900-1600 nm",mix 900-1600,PAB,NEUTRAL,BRI,SENSITIVITY,RECON_CAP,0.996897,0,13.5581,1.71881,1.16941,10.0791,0.199422,0,,
R800,size_mix,"equal mass, 900-1600 nm",mix 900-1600,PAB,NEUTRAL,ISO_z2,SENSITIVITY,RECON_CAP,0.996897,0,13.5581,1.18409,1.69751,9.81081e-05,,0,,
R800,size_mix,"equal mass, 900-1600 nm",mix 900-1600,PAB,NEUTRAL,ISO_z4,SENSITIVITY,RECON_CAP,0.996897,0,13.5581,0.81572,2.46408,9.57914e-10,,0,,
R800,size_mix,"equal mass, 900-1600 nm",mix 900-1600,PAB,NEUTRAL,ISO_z8,SENSITIVITY,RECON_CAP,0.996897,0,13.5581,0.387127,5.1921,9.21752e-20,,0,,
R1000,size_mix,"equal mass, 900-1600 nm",mix 900-1600,PAB,NEUTRAL,BRI,BOUNDARY,RECON_CAP YUAN_STRONG_REDUCTION,0.999317,0,13.5581,1.71881,0.0264136,10.1037,0.00449338,0,,
R1000,size_mix,"equal mass, 900-1600 nm",mix 900-1600,PAB,NEUTRAL,ISO_z2,BOUNDARY,RECON_CAP YUAN_STRONG_REDUCTION,0.999317,0,13.5581,1.18409,0.0383417,4.72779e-06,,0,,
R1000,size_mix,"equal mass, 900-1600 nm",mix 900-1600,PAB,NEUTRAL,ISO_z4,BOUNDARY,RECON_CAP YUAN_STRONG_REDUCTION,0.999317,0,13.5581,0.81572,0.0556564,2.21284e-12,,0,,
R1000,size_mix,"equal mass, 900-1600 nm",mix 900-1600,PAB,NEUTRAL,ISO_z8,BOUNDARY,RECON_CAP YUAN_STRONG_REDUCTION,0.999317,0,13.5581,0.387127,0.117274,4.8515e-25,,0,,
A600,size_mix,"equal mass, 900-1600 nm",mix 900-1600,PAB,LOCAL,BRI,SENSITIVITY,,0.0408129,0,13.5581,0.412116,5.4839,0.412116,5.4839,0,,
A600,size_mix,"equal mass, 900-1600 nm",mix 900-1600,PAB,LOCAL,ISO_z2,SENSITIVITY,,0.0408129,0,13.5581,0.379203,5.95987,0.379203,5.95987,0,,
A600,size_mix,"equal mass, 900-1600 nm",mix 900-1600,PAB,LOCAL,ISO_z4,SENSITIVITY,,0.0408129,0,13.5581,0.348919,6.47716,0.348919,6.47716,0,,
A600,size_mix,"equal mass, 900-1600 nm",mix 900-1600,PAB,LOCAL,ISO_z8,SENSITIVITY,,0.0408129,0,13.5581,0.295413,7.65031,0.295413,7.65031,0,,
R500,size_mix,"equal mass, 900-1600 nm",mix 900-1600,PAB,LOCAL,BRI,SENSITIVITY,,0.103579,0,13.5581,1.04609,3.60391,1.04609,3.60391,0,,
R500,size_mix,"equal mass, 900-1600 nm",mix 900-1600,PAB,LOCAL,ISO_z2,SENSITIVITY,,0.103579,0,13.5581,0.840814,4.48375,0.840814,4.48375,0,,
R500,size_mix,"equal mass, 900-1600 nm",mix 900-1600,PAB,LOCAL,ISO_z4,SENSITIVITY,,0.103579,0,13.5581,0.675824,5.57838,0.675824,5.57838,0,,
R500,size_mix,"equal mass, 900-1600 nm",mix 900-1600,PAB,LOCAL,ISO_z8,SENSITIVITY,,0.103579,0,13.5581,0.436619,8.63454,0.436619,8.63454,0,,
R600,size_mix,"equal mass, 900-1600 nm",mix 900-1600,PAB,LOCAL,BRI,SENSITIVITY,RECON_CAP,0.223285,0,13.5581,1.71881,2.28064,2.25573,1.7378,0,,
R600,size_mix,"equal mass, 900-1600 nm",mix 900-1600,PAB,LOCAL,ISO_z2,SENSITIVITY,RECON_CAP,0.223285,0,13.5581,1.18409,3.31056,1.36147,2.87923,0,,
R600,size_mix,"equal mass, 900-1600 nm",mix 900-1600,PAB,LOCAL,ISO_z4,SENSITIVITY,RECON_CAP,0.223285,0,13.5581,0.81572,4.80557,0.821738,4.77038,0,,
R600,size_mix,"equal mass, 900-1600 nm",mix 900-1600,PAB,LOCAL,ISO_z8,SENSITIVITY,RECON_CAP,0.223285,0,13.5581,0.387127,10.1259,0.299357,13.0947,0,,
R800,size_mix,"equal mass, 900-1600 nm",mix 900-1600,PAB,LOCAL,BRI,SENSITIVITY,RECON_CAP,0.359401,0,13.5581,1.71881,1.16941,3.63194,0.553423,0,,
R800,size_mix,"equal mass, 900-1600 nm",mix 900-1600,PAB,LOCAL,ISO_z2,SENSITIVITY,RECON_CAP,0.359401,0,13.5581,1.18409,1.69751,1.49127,1.34785,0,,
R800,size_mix,"equal mass, 900-1600 nm",mix 900-1600,PAB,LOCAL,ISO_z4,SENSITIVITY,RECON_CAP,0.359401,0,13.5581,0.81572,2.46408,0.612317,3.28261,0,,
R800,size_mix,"equal mass, 900-1600 nm",mix 900-1600,PAB,LOCAL,ISO_z8,SENSITIVITY,RECON_CAP,0.359401,0,13.5581,0.387127,5.1921,0.103236,,0,,
R1000,size_mix,"equal mass, 900-1600 nm",mix 900-1600,PAB,LOCAL,BRI,BOUNDARY,RECON_CAP YUAN_STRONG_REDUCTION,0.613975,0,13.5581,1.71881,0.0264136,6.20714,0.00731415,0,,
R1000,size_mix,"equal mass, 900-1600 nm",mix 900-1600,PAB,LOCAL,ISO_z2,BOUNDARY,RECON_CAP YUAN_STRONG_REDUCTION,0.613975,0,13.5581,1.18409,0.0383417,0.925221,0.0490694,0,,
R1000,size_mix,"equal mass, 900-1600 nm",mix 900-1600,PAB,LOCAL,ISO_z4,BOUNDARY,RECON_CAP YUAN_STRONG_REDUCTION,0.613975,0,13.5581,0.81572,0.0556564,0.137911,0.329197,0,,
R1000,size_mix,"equal mass, 900-1600 nm",mix 900-1600,PAB,LOCAL,ISO_z8,BOUNDARY,RECON_CAP YUAN_STRONG_REDUCTION,0.613975,0,13.5581,0.387127,0.117274,0.00306417,,0,,
A600,size_mix,"equal mass, 900-1600 nm",mix 900-1600,HAM,NEUTRAL,BRI,SENSITIVITY,RECON_CAP,0.979611,0,13.5581,1.71881,1.31486,9.86406,0.229114,0,,
A600,size_mix,"equal mass, 900-1600 nm",mix 900-1600,HAM,NEUTRAL,ISO_z2,SENSITIVITY,RECON_CAP,0.979611,0,13.5581,1.18409,1.90864,0.0115265,,0,,
A600,size_mix,"equal mass, 900-1600 nm",mix 900-1600,HAM,NEUTRAL,ISO_z4,SENSITIVITY,RECON_CAP,0.979611,0,13.5581,0.81572,2.77056,5.22779e-05,,0,,
A600,size_mix,"equal mass, 900-1600 nm",mix 900-1600,HAM,NEUTRAL,ISO_z8,SENSITIVITY,RECON_CAP,0.979611,0,13.5581,0.387127,5.83788,1.57892e-09,,0,,
R500,size_mix,"equal mass, 900-1600 nm",mix 900-1600,HAM,NEUTRAL,BRI,SENSITIVITY,RECON_CAP,0.999833,0,13.5581,1.71881,2.19337,10.1089,0.372939,0,,
R500,size_mix,"equal mass, 900-1600 nm",mix 900-1600,HAM,NEUTRAL,ISO_z2,SENSITIVITY,RECON_CAP,0.999833,0,13.5581,1.18409,3.18388,3.33503e-07,,0,,
R500,size_mix,"equal mass, 900-1600 nm",mix 900-1600,HAM,NEUTRAL,ISO_z4,SENSITIVITY,RECON_CAP,0.999833,0,13.5581,0.81572,4.62169,1.4313e-14,,0,,
R500,size_mix,"equal mass, 900-1600 nm",mix 900-1600,HAM,NEUTRAL,ISO_z8,SENSITIVITY,RECON_CAP,0.999833,0,13.5581,0.387127,9.73841,4.40859e-29,,0,,
R600,size_mix,"equal mass, 900-1600 nm",mix 900-1600,HAM,NEUTRAL,BRI,SENSITIVITY,RECON_CAP,0.999964,0,13.5581,1.71881,2.28064,10.1103,0.387724,0,,
R600,size_mix,"equal mass, 900-1600 nm",mix 900-1600,HAM,NEUTRAL,ISO_z2,SENSITIVITY,RECON_CAP,0.999964,0,13.5581,1.18409,3.31056,1.35709e-08,,0,,
R600,size_mix,"equal mass, 900-1600 nm",mix 900-1600,HAM,NEUTRAL,ISO_z4,SENSITIVITY,RECON_CAP,0.999964,0,13.5581,0.81572,4.80557,1.84822e-17,,0,,
R600,size_mix,"equal mass, 900-1600 nm",mix 900-1600,HAM,NEUTRAL,ISO_z8,SENSITIVITY,RECON_CAP,0.999964,0,13.5581,0.387127,10.1259,3.57976e-35,,0,,
R800,size_mix,"equal mass, 900-1600 nm",mix 900-1600,HAM,NEUTRAL,BRI,SENSITIVITY,RECON_CAP,0.999985,0,13.5581,1.71881,1.16941,10.1105,0.198803,0,,
R800,size_mix,"equal mass, 900-1600 nm",mix 900-1600,HAM,NEUTRAL,ISO_z2,SENSITIVITY,RECON_CAP,0.999985,0,13.5581,1.18409,1.69751,2.39727e-09,,0,,
R800,size_mix,"equal mass, 900-1600 nm",mix 900-1600,HAM,NEUTRAL,ISO_z4,SENSITIVITY,RECON_CAP,0.999985,0,13.5581,0.81572,2.46408,5.7022e-19,,0,,
R800,size_mix,"equal mass, 900-1600 nm",mix 900-1600,HAM,NEUTRAL,ISO_z8,SENSITIVITY,RECON_CAP,0.999985,0,13.5581,0.387127,5.1921,3.25731e-38,,0,,
R1000,size_mix,"equal mass, 900-1600 nm",mix 900-1600,HAM,NEUTRAL,BRI,BOUNDARY,RECON_CAP YUAN_STRONG_REDUCTION,0.999997,0,13.5581,1.71881,0.0264136,10.1106,0.00449032,0,,
R1000,size_mix,"equal mass, 900-1600 nm",mix 900-1600,HAM,NEUTRAL,ISO_z2,BOUNDARY,RECON_CAP YUAN_STRONG_REDUCTION,0.999997,0,13.5581,1.18409,0.0383417,1.14986e-10,,0,,
R1000,size_mix,"equal mass, 900-1600 nm",mix 900-1600,HAM,NEUTRAL,ISO_z4,BOUNDARY,RECON_CAP YUAN_STRONG_REDUCTION,0.999997,0,13.5581,0.81572,0.0556564,1.30811e-21,,0,,
R1000,size_mix,"equal mass, 900-1600 nm",mix 900-1600,HAM,NEUTRAL,ISO_z8,BOUNDARY,RECON_CAP YUAN_STRONG_REDUCTION,0.999997,0,13.5581,0.387127,0.117274,1.69448e-43,,0,,
A600,size_mix,"equal mass, 900-1600 nm",mix 900-1600,HAM,LOCAL,BRI,SENSITIVITY,RECON_CAP,0.196092,0,13.5581,1.71881,1.31486,1.97375,1.14503,0,,
A600,size_mix,"equal mass, 900-1600 nm",mix 900-1600,HAM,LOCAL,ISO_z2,SENSITIVITY,RECON_CAP,0.196092,0,13.5581,1.18409,1.90864,1.27804,1.76833,0,,
A600,size_mix,"equal mass, 900-1600 nm",mix 900-1600,HAM,LOCAL,ISO_z4,SENSITIVITY,RECON_CAP,0.196092,0,13.5581,0.81572,2.77056,0.82767,2.73056,0,,
A600,size_mix,"equal mass, 900-1600 nm",mix 900-1600,HAM,LOCAL,ISO_z8,SENSITIVITY,RECON_CAP,0.196092,0,13.5581,0.387127,5.83788,0.347263,6.50804,0,,
R500,size_mix,"equal mass, 900-1600 nm",mix 900-1600,HAM,LOCAL,BRI,SENSITIVITY,RECON_CAP,0.409577,0,13.5581,1.71881,2.19337,4.13043,0.912738,0,,
R500,size_mix,"equal mass, 900-1600 nm",mix 900-1600,HAM,LOCAL,ISO_z2,SENSITIVITY,RECON_CAP,0.409577,0,13.5581,1.18409,3.18388,1.44476,2.60942,0,,
R500,size_mix,"equal mass, 900-1600 nm",mix 900-1600,HAM,LOCAL,ISO_z4,SENSITIVITY,RECON_CAP,0.409577,0,13.5581,0.81572,4.62169,0.505543,7.45734,0,,
R500,size_mix,"equal mass, 900-1600 nm",mix 900-1600,HAM,LOCAL,ISO_z8,SENSITIVITY,RECON_CAP,0.409577,0,13.5581,0.387127,9.73841,0.0619663,,0,,
R600,size_mix,"equal mass, 900-1600 nm",mix 900-1600,HAM,LOCAL,BRI,SENSITIVITY,RECON_CAP,0.646755,0,13.5581,1.71881,2.28064,6.53289,0.600041,0,,
R600,size_mix,"equal mass, 900-1600 nm",mix 900-1600,HAM,LOCAL,ISO_z2,SENSITIVITY,RECON_CAP,0.646755,0,13.5581,1.18409,3.31056,0.818028,4.79201,0,,
R600,size_mix,"equal mass, 900-1600 nm",mix 900-1600,HAM,LOCAL,ISO_z4,SENSITIVITY,RECON_CAP,0.646755,0,13.5581,0.81572,4.80557,0.102467,,0,,
R600,size_mix,"equal mass, 900-1600 nm",mix 900-1600,HAM,LOCAL,ISO_z8,SENSITIVITY,RECON_CAP,0.646755,0,13.5581,0.387127,10.1259,0.00160942,,0,,
R800,size_mix,"equal mass, 900-1600 nm",mix 900-1600,HAM,LOCAL,BRI,SENSITIVITY,RECON_CAP,0.787786,0,13.5581,1.71881,1.16941,7.96247,0.252434,0,,
R800,size_mix,"equal mass, 900-1600 nm",mix 900-1600,HAM,LOCAL,ISO_z2,SENSITIVITY,RECON_CAP,0.787786,0,13.5581,1.18409,1.69751,0.359454,5.59181,0,,
R800,size_mix,"equal mass, 900-1600 nm",mix 900-1600,HAM,LOCAL,ISO_z4,SENSITIVITY,RECON_CAP,0.787786,0,13.5581,0.81572,2.46408,0.0162297,,0,,
R800,size_mix,"equal mass, 900-1600 nm",mix 900-1600,HAM,LOCAL,ISO_z8,SENSITIVITY,RECON_CAP,0.787786,0,13.5581,0.387127,5.1921,3.31025e-05,,0,,
R1000,size_mix,"equal mass, 900-1600 nm",mix 900-1600,HAM,LOCAL,BRI,BOUNDARY,RECON_CAP YUAN_STRONG_REDUCTION,0.908176,0,13.5581,1.71881,0.0264136,9.18202,0.00494444,0,,
R1000,size_mix,"equal mass, 900-1600 nm",mix 900-1600,HAM,LOCAL,ISO_z2,BOUNDARY,RECON_CAP YUAN_STRONG_REDUCTION,0.908176,0,13.5581,1.18409,0.0383417,0.07746,,0,,
R1000,size_mix,"equal mass, 900-1600 nm",mix 900-1600,HAM,LOCAL,ISO_z4,BOUNDARY,RECON_CAP YUAN_STRONG_REDUCTION,0.908176,0,13.5581,0.81572,0.0556564,0.000653461,,0,,
R1000,size_mix,"equal mass, 900-1600 nm",mix 900-1600,HAM,LOCAL,ISO_z8,BOUNDARY,RECON_CAP YUAN_STRONG_REDUCTION,0.908176,0,13.5581,0.387127,0.117274,4.65065e-08,,0,,
A600,size_mix,"equal mass, 900-1600 nm",mix 900-1600,LI_SBR1,NEUTRAL,BRI,SENSITIVITY,RECON_CAP,0.995757,0,13.5581,1.71881,1.31486,10.0561,0.224738,0,,
A600,size_mix,"equal mass, 900-1600 nm",mix 900-1600,LI_SBR1,NEUTRAL,ISO_z2,SENSITIVITY,RECON_CAP,0.995757,0,13.5581,1.18409,1.90864,0.0010644,,0,,
A600,size_mix,"equal mass, 900-1600 nm",mix 900-1600,LI_SBR1,NEUTRAL,ISO_z4,SENSITIVITY,RECON_CAP,0.995757,0,13.5581,0.81572,2.77056,6.47672e-07,,0,,
A600,size_mix,"equal mass, 900-1600 nm",mix 900-1600,LI_SBR1,NEUTRAL,ISO_z8,SENSITIVITY,RECON_CAP,0.995757,0,13.5581,0.387127,5.83788,2.53585e-13,,0,,
R500,size_mix,"equal mass, 900-1600 nm",mix 900-1600,LI_SBR1,NEUTRAL,BRI,SENSITIVITY,RECON_CAP,0.999959,0,13.5581,1.71881,2.19337,10.1102,0.372889,0,,
R500,size_mix,"equal mass, 900-1600 nm",mix 900-1600,LI_SBR1,NEUTRAL,ISO_z2,SENSITIVITY,RECON_CAP,0.999959,0,13.5581,1.18409,3.18388,1.91674e-08,,0,,
R500,size_mix,"equal mass, 900-1600 nm",mix 900-1600,LI_SBR1,NEUTRAL,ISO_z4,SENSITIVITY,RECON_CAP,0.999959,0,13.5581,0.81572,4.62169,4.41311e-17,,0,,
R500,size_mix,"equal mass, 900-1600 nm",mix 900-1600,LI_SBR1,NEUTRAL,ISO_z8,SENSITIVITY,RECON_CAP,0.999959,0,13.5581,0.387127,9.73841,3.57006e-34,,0,,
R600,size_mix,"equal mass, 900-1600 nm",mix 900-1600,LI_SBR1,NEUTRAL,BRI,SENSITIVITY,RECON_CAP,0.999991,0,13.5581,1.71881,2.28064,10.1106,0.387713,0,,
R600,size_mix,"equal mass, 900-1600 nm",mix 900-1600,LI_SBR1,NEUTRAL,ISO_z2,SENSITIVITY,RECON_CAP,0.999991,0,13.5581,1.18409,3.31056,8.90953e-10,,0,,
R600,size_mix,"equal mass, 900-1600 nm",mix 900-1600,LI_SBR1,NEUTRAL,ISO_z4,SENSITIVITY,RECON_CAP,0.999991,0,13.5581,0.81572,4.80557,7.94272e-20,,0,,
R600,size_mix,"equal mass, 900-1600 nm",mix 900-1600,LI_SBR1,NEUTRAL,ISO_z8,SENSITIVITY,RECON_CAP,0.999991,0,13.5581,0.387127,10.1259,6.53603e-40,,0,,
R800,size_mix,"equal mass, 900-1600 nm",mix 900-1600,LI_SBR1,NEUTRAL,BRI,SENSITIVITY,RECON_CAP,0.999996,0,13.5581,1.71881,1.16941,10.1106,0.198801,0,,
R800,size_mix,"equal mass, 900-1600 nm",mix 900-1600,LI_SBR1,NEUTRAL,ISO_z2,SENSITIVITY,RECON_CAP,0.999996,0,13.5581,1.18409,1.69751,1.58928e-10,,0,,
R800,size_mix,"equal mass, 900-1600 nm",mix 900-1600,LI_SBR1,NEUTRAL,ISO_z4,SENSITIVITY,RECON_CAP,0.999996,0,13.5581,0.81572,2.46408,2.50343e-21,,0,,
R800,size_mix,"equal mass, 900-1600 nm",mix 900-1600,LI_SBR1,NEUTRAL,ISO_z8,SENSITIVITY,RECON_CAP,0.999996,0,13.5581,0.387127,5.1921,6.25114e-43,,0,,
R1000,size_mix,"equal mass, 900-1600 nm",mix 900-1600,LI_SBR1,NEUTRAL,BRI,BOUNDARY,RECON_CAP YUAN_STRONG_REDUCTION,0.999999,0,13.5581,1.71881,0.0264136,10.1107,0.00449031,0,,
R1000,size_mix,"equal mass, 900-1600 nm",mix 900-1600,LI_SBR1,NEUTRAL,ISO_z2,BOUNDARY,RECON_CAP YUAN_STRONG_REDUCTION,0.999999,0,13.5581,1.18409,0.0383417,7.76551e-12,,0,,
R1000,size_mix,"equal mass, 900-1600 nm",mix 900-1600,LI_SBR1,NEUTRAL,ISO_z4,BOUNDARY,RECON_CAP YUAN_STRONG_REDUCTION,0.999999,0,13.5581,0.81572,0.0556564,5.96496e-24,,0,,
R1000,size_mix,"equal mass, 900-1600 nm",mix 900-1600,LI_SBR1,NEUTRAL,ISO_z8,BOUNDARY,RECON_CAP YUAN_STRONG_REDUCTION,0.999999,0,13.5581,0.387127,0.117274,3.52066e-48,,0,,
A600,size_mix,"equal mass, 900-1600 nm",mix 900-1600,LI_SBR1,LOCAL,BRI,SENSITIVITY,RECON_CAP,0.264869,0,13.5581,1.71881,1.31486,2.66314,0.848623,0,,
A600,size_mix,"equal mass, 900-1600 nm",mix 900-1600,LI_SBR1,LOCAL,ISO_z2,SENSITIVITY,RECON_CAP,0.264869,0,13.5581,1.18409,1.90864,1.44421,1.56487,0,,
A600,size_mix,"equal mass, 900-1600 nm",mix 900-1600,LI_SBR1,LOCAL,ISO_z4,SENSITIVITY,RECON_CAP,0.264869,0,13.5581,0.81572,2.77056,0.783548,2.88432,0,,
A600,size_mix,"equal mass, 900-1600 nm",mix 900-1600,LI_SBR1,LOCAL,ISO_z8,SENSITIVITY,RECON_CAP,0.264869,0,13.5581,0.387127,5.83788,0.230955,9.78544,0,,
R500,size_mix,"equal mass, 900-1600 nm",mix 900-1600,LI_SBR1,LOCAL,BRI,SENSITIVITY,RECON_CAP,0.514417,0,13.5581,1.71881,2.19337,5.18715,0.726795,0,,
R500,size_mix,"equal mass, 900-1600 nm",mix 900-1600,LI_SBR1,LOCAL,ISO_z2,SENSITIVITY,RECON_CAP,0.514417,0,13.5581,1.18409,3.18388,1.22979,3.06558,0,,
R500,size_mix,"equal mass, 900-1600 nm",mix 900-1600,LI_SBR1,LOCAL,ISO_z4,SENSITIVITY,RECON_CAP,0.514417,0,13.5581,0.81572,4.62169,0.29183,12.9185,0,,
R500,size_mix,"equal mass, 900-1600 nm",mix 900-1600,LI_SBR1,LOCAL,ISO_z8,SENSITIVITY,RECON_CAP,0.514417,0,13.5581,0.387127,9.73841,0.0164792,,0,,
R600,size_mix,"equal mass, 900-1600 nm",mix 900-1600,LI_SBR1,LOCAL,BRI,SENSITIVITY,RECON_CAP,0.743831,0,13.5581,1.71881,2.28064,7.51465,0.521648,0,,
R600,size_mix,"equal mass, 900-1600 nm",mix 900-1600,LI_SBR1,LOCAL,ISO_z2,SENSITIVITY,RECON_CAP,0.743831,0,13.5581,1.18409,3.31056,0.495432,7.91228,0,,
R600,size_mix,"equal mass, 900-1600 nm",mix 900-1600,LI_SBR1,LOCAL,ISO_z4,SENSITIVITY,RECON_CAP,0.743831,0,13.5581,0.81572,4.80557,0.0326833,,0,,
R600,size_mix,"equal mass, 900-1600 nm",mix 900-1600,LI_SBR1,LOCAL,ISO_z8,SENSITIVITY,RECON_CAP,0.743831,0,13.5581,0.387127,10.1259,0.000142498,,0,,
R800,size_mix,"equal mass, 900-1600 nm",mix 900-1600,LI_SBR1,LOCAL,BRI,SENSITIVITY,RECON_CAP,0.861116,0,13.5581,1.71881,1.16941,8.70437,0.230919,0,,
R800,size_mix,"equal mass, 900-1600 nm",mix 900-1600,LI_SBR1,LOCAL,ISO_z2,SENSITIVITY,RECON_CAP,0.861116,0,13.5581,1.18409,1.69751,0.168404,11.9356,0,,
R800,size_mix,"equal mass, 900-1600 nm",mix 900-1600,LI_SBR1,LOCAL,ISO_z4,SENSITIVITY,RECON_CAP,0.861116,0,13.5581,0.81572,2.46408,0.00325895,,0,,
R800,size_mix,"equal mass, 900-1600 nm",mix 900-1600,LI_SBR1,LOCAL,ISO_z8,SENSITIVITY,RECON_CAP,0.861116,0,13.5581,0.387127,5.1921,1.22141e-06,,0,,
R1000,size_mix,"equal mass, 900-1600 nm",mix 900-1600,LI_SBR1,LOCAL,BRI,BOUNDARY,RECON_CAP YUAN_STRONG_REDUCTION,0.959353,0,13.5581,1.71881,0.0264136,9.69948,0.00468066,0,,
R1000,size_mix,"equal mass, 900-1600 nm",mix 900-1600,LI_SBR1,LOCAL,ISO_z2,BOUNDARY,RECON_CAP YUAN_STRONG_REDUCTION,0.959353,0,13.5581,1.18409,0.0383417,0.0160425,,0,,
R1000,size_mix,"equal mass, 900-1600 nm",mix 900-1600,LI_SBR1,LOCAL,ISO_z4,BOUNDARY,RECON_CAP YUAN_STRONG_REDUCTION,0.959353,0,13.5581,0.81572,0.0556564,2.65344e-05,,0,,
R1000,size_mix,"equal mass, 900-1600 nm",mix 900-1600,LI_SBR1,LOCAL,ISO_z8,BOUNDARY,RECON_CAP YUAN_STRONG_REDUCTION,0.959353,0,13.5581,0.387127,0.117274,7.25979e-11,,0,,
A600,size_mix,"equal mass, 900-1600 nm",mix 900-1600,LI_L2,NEUTRAL,BRI,SENSITIVITY,RECON_CAP,0.990192,0,13.5581,1.71881,1.31486,9.99024,0.226221,0,,
A600,size_mix,"equal mass, 900-1600 nm",mix 900-1600,LI_L2,NEUTRAL,ISO_z2,SENSITIVITY,RECON_CAP,0.990192,0,13.5581,1.18409,1.90864,0.00344899,,0,,
A600,size_mix,"equal mass, 900-1600 nm",mix 900-1600,LI_L2,NEUTRAL,ISO_z4,SENSITIVITY,RECON_CAP,0.990192,0,13.5581,0.81572,2.77056,5.80001e-06,,0,,
A600,size_mix,"equal mass, 900-1600 nm",mix 900-1600,LI_L2,NEUTRAL,ISO_z8,SENSITIVITY,RECON_CAP,0.990192,0,13.5581,0.387127,5.83788,2.03677e-11,,0,,
R500,size_mix,"equal mass, 900-1600 nm",mix 900-1600,LI_L2,NEUTRAL,BRI,SENSITIVITY,RECON_CAP,0.999717,0,13.5581,1.71881,2.19337,10.1075,0.372989,0,,
R500,size_mix,"equal mass, 900-1600 nm",mix 900-1600,LI_L2,NEUTRAL,ISO_z2,SENSITIVITY,RECON_CAP,0.999717,0,13.5581,1.18409,3.18388,1.21225e-06,,0,,
R500,size_mix,"equal mass, 900-1600 nm",mix 900-1600,LI_L2,NEUTRAL,ISO_z4,SENSITIVITY,RECON_CAP,0.999717,0,13.5581,0.81572,4.62169,2.62763e-13,,0,,
R500,size_mix,"equal mass, 900-1600 nm",mix 900-1600,LI_L2,NEUTRAL,ISO_z8,SENSITIVITY,RECON_CAP,0.999717,0,13.5581,0.387127,9.73841,2.10448e-26,,0,,
R600,size_mix,"equal mass, 900-1600 nm",mix 900-1600,LI_L2,NEUTRAL,BRI,SENSITIVITY,RECON_CAP,0.999984,0,13.5581,1.71881,2.28064,10.1105,0.387716,0,,
R600,size_mix,"equal mass, 900-1600 nm",mix 900-1600,LI_L2,NEUTRAL,ISO_z2,SENSITIVITY,RECON_CAP,0.999984,0,13.5581,1.18409,3.31056,2.91841e-09,,0,,
R600,size_mix,"equal mass, 900-1600 nm",mix 900-1600,LI_L2,NEUTRAL,ISO_z4,SENSITIVITY,RECON_CAP,0.999984,0,13.5581,0.81572,4.80557,1.02835e-18,,0,,
R600,size_mix,"equal mass, 900-1600 nm",mix 900-1600,LI_L2,NEUTRAL,ISO_z8,SENSITIVITY,RECON_CAP,0.999984,0,13.5581,0.387127,10.1259,1.96692e-37,,0,,
R800,size_mix,"equal mass, 900-1600 nm",mix 900-1600,LI_L2,NEUTRAL,BRI,SENSITIVITY,RECON_CAP,0.999995,0,13.5581,1.71881,1.16941,10.1106,0.198801,0,,
R800,size_mix,"equal mass, 900-1600 nm",mix 900-1600,LI_L2,NEUTRAL,ISO_z2,SENSITIVITY,RECON_CAP,0.999995,0,13.5581,1.18409,1.69751,2.39296e-10,,0,,
R800,size_mix,"equal mass, 900-1600 nm",mix 900-1600,LI_L2,NEUTRAL,ISO_z4,SENSITIVITY,RECON_CAP,0.999995,0,13.5581,0.81572,2.46408,5.77624e-21,,0,,
R800,size_mix,"equal mass, 900-1600 nm",mix 900-1600,LI_L2,NEUTRAL,ISO_z8,SENSITIVITY,RECON_CAP,0.999995,0,13.5581,0.387127,5.1921,3.56838e-42,,0,,
R1000,size_mix,"equal mass, 900-1600 nm",mix 900-1600,LI_L2,NEUTRAL,BRI,BOUNDARY,RECON_CAP YUAN_STRONG_REDUCTION,0.999999,0,13.5581,1.71881,0.0264136,10.1107,0.00449031,0,,
R1000,size_mix,"equal mass, 900-1600 nm",mix 900-1600,LI_L2,NEUTRAL,ISO_z2,BOUNDARY,RECON_CAP YUAN_STRONG_REDUCTION,0.999999,0,13.5581,1.18409,0.0383417,8.45067e-12,,0,,
R1000,size_mix,"equal mass, 900-1600 nm",mix 900-1600,LI_L2,NEUTRAL,ISO_z4,BOUNDARY,RECON_CAP YUAN_STRONG_REDUCTION,0.999999,0,13.5581,0.81572,0.0556564,7.0684e-24,,0,,
R1000,size_mix,"equal mass, 900-1600 nm",mix 900-1600,LI_L2,NEUTRAL,ISO_z8,BOUNDARY,RECON_CAP YUAN_STRONG_REDUCTION,0.999999,0,13.5581,0.387127,0.117274,4.95609e-48,,0,,
A600,size_mix,"equal mass, 900-1600 nm",mix 900-1600,LI_L2,LOCAL,BRI,SENSITIVITY,RECON_CAP,0.259151,0,13.5581,1.71881,1.31486,2.60382,0.867957,0,,
A600,size_mix,"equal mass, 900-1600 nm",mix 900-1600,LI_L2,LOCAL,ISO_z2,SENSITIVITY,RECON_CAP,0.259151,0,13.5581,1.18409,1.90864,1.43445,1.57552,0,,
A600,size_mix,"equal mass, 900-1600 nm",mix 900-1600,LI_L2,LOCAL,ISO_z4,SENSITIVITY,RECON_CAP,0.259151,0,13.5581,0.81572,2.77056,0.790668,2.85834,0,,
A600,size_mix,"equal mass, 900-1600 nm",mix 900-1600,LI_L2,LOCAL,ISO_z8,SENSITIVITY,RECON_CAP,0.259151,0,13.5581,0.387127,5.83788,0.240615,9.39262,0,,
R500,size_mix,"equal mass, 900-1600 nm",mix 900-1600,LI_L2,LOCAL,BRI,SENSITIVITY,RECON_CAP,0.506862,0,13.5581,1.71881,2.19337,5.10814,0.738038,0,,
R500,size_mix,"equal mass, 900-1600 nm",mix 900-1600,LI_L2,LOCAL,ISO_z2,SENSITIVITY,RECON_CAP,0.506862,0,13.5581,1.18409,3.18388,1.25012,3.01572,0,,
R500,size_mix,"equal mass, 900-1600 nm",mix 900-1600,LI_L2,LOCAL,ISO_z4,SENSITIVITY,RECON_CAP,0.506862,0,13.5581,0.81572,4.62169,0.306328,12.3071,0,,
R500,size_mix,"equal mass, 900-1600 nm",mix 900-1600,LI_L2,LOCAL,ISO_z8,SENSITIVITY,RECON_CAP,0.506862,0,13.5581,0.387127,9.73841,0.0184633,,0,,
R600,size_mix,"equal mass, 900-1600 nm",mix 900-1600,LI_L2,LOCAL,BRI,SENSITIVITY,RECON_CAP,0.739009,0,13.5581,1.71881,2.28064,7.46375,0.525205,0,,
R600,size_mix,"equal mass, 900-1600 nm",mix 900-1600,LI_L2,LOCAL,ISO_z2,SENSITIVITY,RECON_CAP,0.739009,0,13.5581,1.18409,3.31056,0.511579,7.66256,0,,
R600,size_mix,"equal mass, 900-1600 nm",mix 900-1600,LI_L2,LOCAL,ISO_z4,SENSITIVITY,RECON_CAP,0.739009,0,13.5581,0.81572,4.80557,0.0351026,,0,,
R600,size_mix,"equal mass, 900-1600 nm",mix 900-1600,LI_L2,LOCAL,ISO_z8,SENSITIVITY,RECON_CAP,0.739009,0,13.5581,0.387127,10.1259,0.000165812,,0,,
R800,size_mix,"equal mass, 900-1600 nm",mix 900-1600,LI_L2,LOCAL,BRI,SENSITIVITY,RECON_CAP,0.859868,0,13.5581,1.71881,1.16941,8.69061,0.231284,0,,
R800,size_mix,"equal mass, 900-1600 nm",mix 900-1600,LI_L2,LOCAL,ISO_z2,SENSITIVITY,RECON_CAP,0.859868,0,13.5581,1.18409,1.69751,0.171452,11.7234,0,,
R800,size_mix,"equal mass, 900-1600 nm",mix 900-1600,LI_L2,LOCAL,ISO_z4,SENSITIVITY,RECON_CAP,0.859868,0,13.5581,0.81572,2.46408,0.00338451,,0,,
R800,size_mix,"equal mass, 900-1600 nm",mix 900-1600,LI_L2,LOCAL,ISO_z8,SENSITIVITY,RECON_CAP,0.859868,0,13.5581,0.387127,5.1921,1.32124e-06,,0,,
R1000,size_mix,"equal mass, 900-1600 nm",mix 900-1600,LI_L2,LOCAL,BRI,BOUNDARY,RECON_CAP YUAN_STRONG_REDUCTION,0.965401,0,13.5581,1.71881,0.0264136,9.76047,0.00465142,0,,
R1000,size_mix,"equal mass, 900-1600 nm",mix 900-1600,LI_L2,LOCAL,ISO_z2,BOUNDARY,RECON_CAP YUAN_STRONG_REDUCTION,0.965401,0,13.5581,1.18409,0.0383417,0.0117098,,0,,
R1000,size_mix,"equal mass, 900-1600 nm",mix 900-1600,LI_L2,LOCAL,ISO_z4,BOUNDARY,RECON_CAP YUAN_STRONG_REDUCTION,0.965401,0,13.5581,0.81572,0.0556564,1.40503e-05,,0,,
R1000,size_mix,"equal mass, 900-1600 nm",mix 900-1600,LI_L2,LOCAL,ISO_z8,BOUNDARY,RECON_CAP YUAN_STRONG_REDUCTION,0.965401,0,13.5581,0.387127,0.117274,2.02366e-11,,0,,
A600,size_mix,"equal mass, 900-1600 nm",mix 900-1600,LI_CONT xi 0.5,NEUTRAL,BRI,SENSITIVITY,RECON_CAP,0.959653,0,13.5581,1.71881,1.31486,9.6603,0.233947,0,,
A600,size_mix,"equal mass, 900-1600 nm",mix 900-1600,LI_CONT xi 0.5,NEUTRAL,ISO_z2,SENSITIVITY,RECON_CAP,0.959653,0,13.5581,1.18409,1.90864,0.0237159,,0,,
A600,size_mix,"equal mass, 900-1600 nm",mix 900-1600,LI_CONT xi 0.5,NEUTRAL,ISO_z4,SENSITIVITY,RECON_CAP,0.959653,0,13.5581,0.81572,2.77056,0.000108273,,0,,
A600,size_mix,"equal mass, 900-1600 nm",mix 900-1600,LI_CONT xi 0.5,NEUTRAL,ISO_z8,SENSITIVITY,RECON_CAP,0.959653,0,13.5581,0.387127,5.83788,3.81581e-09,,0,,
R500,size_mix,"equal mass, 900-1600 nm",mix 900-1600,LI_CONT xi 0.5,NEUTRAL,BRI,SENSITIVITY,RECON_CAP,0.99918,0,13.5581,1.71881,2.19337,10.101,0.373229,0,,
R500,size_mix,"equal mass, 900-1600 nm",mix 900-1600,LI_CONT xi 0.5,NEUTRAL,ISO_z2,SENSITIVITY,RECON_CAP,0.99918,0,13.5581,1.18409,3.18388,1.51797e-05,,0,,
R500,size_mix,"equal mass, 900-1600 nm",mix 900-1600,LI_CONT xi 0.5,NEUTRAL,ISO_z4,SENSITIVITY,RECON_CAP,0.99918,0,13.5581,0.81572,4.62169,6.56078e-11,,0,,
R500,size_mix,"equal mass, 900-1600 nm",mix 900-1600,LI_CONT xi 0.5,NEUTRAL,ISO_z8,SENSITIVITY,RECON_CAP,0.99918,0,13.5581,0.387127,9.73841,1.97824e-21,,0,,
R600,size_mix,"equal mass, 900-1600 nm",mix 900-1600,LI_CONT xi 0.5,NEUTRAL,BRI,SENSITIVITY,RECON_CAP,0.999977,0,13.5581,1.71881,2.28064,10.1104,0.387719,0,,
R600,size_mix,"equal mass, 900-1600 nm",mix 900-1600,LI_CONT xi 0.5,NEUTRAL,ISO_z2,SENSITIVITY,RECON_CAP,0.999977,0,13.5581,1.18409,3.31056,6.64163e-09,,0,,
R600,size_mix,"equal mass, 900-1600 nm",mix 900-1600,LI_CONT xi 0.5,NEUTRAL,ISO_z4,SENSITIVITY,RECON_CAP,0.999977,0,13.5581,0.81572,4.80557,6.15142e-18,,0,,
R600,size_mix,"equal mass, 900-1600 nm",mix 900-1600,LI_CONT xi 0.5,NEUTRAL,ISO_z8,SENSITIVITY,RECON_CAP,0.999977,0,13.5581,0.387127,10.1259,9.23195e-36,,0,,
R800,size_mix,"equal mass, 900-1600 nm",mix 900-1600,LI_CONT xi 0.5,NEUTRAL,BRI,SENSITIVITY,RECON_CAP,0.999994,0,13.5581,1.71881,1.16941,10.1106,0.198801,0,,
R800,size_mix,"equal mass, 900-1600 nm",mix 900-1600,LI_CONT xi 0.5,NEUTRAL,ISO_z2,SENSITIVITY,RECON_CAP,0.999994,0,13.5581,1.18409,1.69751,3.79312e-10,,0,,
R800,size_mix,"equal mass, 900-1600 nm",mix 900-1600,LI_CONT xi 0.5,NEUTRAL,ISO_z4,SENSITIVITY,RECON_CAP,0.999994,0,13.5581,0.81572,2.46408,1.50811e-20,,0,,
R800,size_mix,"equal mass, 900-1600 nm",mix 900-1600,LI_CONT xi 0.5,NEUTRAL,ISO_z8,SENSITIVITY,RECON_CAP,0.999994,0,13.5581,0.387127,5.1921,2.79738e-41,,0,,
R1000,size_mix,"equal mass, 900-1600 nm",mix 900-1600,LI_CONT xi 0.5,NEUTRAL,BRI,BOUNDARY,RECON_CAP YUAN_STRONG_REDUCTION,0.999999,0,13.5581,1.71881,0.0264136,10.1107,0.00449031,0,,
R1000,size_mix,"equal mass, 900-1600 nm",mix 900-1600,LI_CONT xi 0.5,NEUTRAL,ISO_z2,BOUNDARY,RECON_CAP YUAN_STRONG_REDUCTION,0.999999,0,13.5581,1.18409,0.0383417,9.9383e-12,,0,,
R1000,size_mix,"equal mass, 900-1600 nm",mix 900-1600,LI_CONT xi 0.5,NEUTRAL,ISO_z4,BOUNDARY,RECON_CAP YUAN_STRONG_REDUCTION,0.999999,0,13.5581,0.81572,0.0556564,9.80332e-24,,0,,
R1000,size_mix,"equal mass, 900-1600 nm",mix 900-1600,LI_CONT xi 0.5,NEUTRAL,ISO_z8,BOUNDARY,RECON_CAP YUAN_STRONG_REDUCTION,0.999999,0,13.5581,0.387127,0.117274,9.64068e-48,,0,,
A600,size_mix,"equal mass, 900-1600 nm",mix 900-1600,LI_CONT xi 0.5,LOCAL,BRI,SENSITIVITY,,0.104372,0,13.5581,1.05194,2.14841,1.05194,2.14841,0,,
A600,size_mix,"equal mass, 900-1600 nm",mix 900-1600,LI_CONT xi 0.5,LOCAL,ISO_z2,SENSITIVITY,,0.104372,0,13.5581,0.844382,2.67651,0.844382,2.67651,0,,
A600,size_mix,"equal mass, 900-1600 nm",mix 900-1600,LI_CONT xi 0.5,LOCAL,ISO_z4,SENSITIVITY,,0.104372,0,13.5581,0.677787,3.33438,0.677787,3.33438,0,,
A600,size_mix,"equal mass, 900-1600 nm",mix 900-1600,LI_CONT xi 0.5,LOCAL,ISO_z8,SENSITIVITY,,0.104372,0,13.5581,0.436738,5.17473,0.436738,5.17473,0,,
R500,size_mix,"equal mass, 900-1600 nm",mix 900-1600,LI_CONT xi 0.5,LOCAL,BRI,SENSITIVITY,RECON_CAP,0.178352,0,13.5581,1.71881,2.19337,1.80063,2.09371,0,,
R500,size_mix,"equal mass, 900-1600 nm",mix 900-1600,LI_CONT xi 0.5,LOCAL,ISO_z2,SENSITIVITY,RECON_CAP,0.178352,0,13.5581,1.18409,3.18388,1.21636,3.09942,0,,
R500,size_mix,"equal mass, 900-1600 nm",mix 900-1600,LI_CONT xi 0.5,LOCAL,ISO_z4,SENSITIVITY,RECON_CAP,0.178352,0,13.5581,0.81572,4.62169,0.821678,4.58817,0,,
R500,size_mix,"equal mass, 900-1600 nm",mix 900-1600,LI_CONT xi 0.5,LOCAL,ISO_z8,SENSITIVITY,RECON_CAP,0.178352,0,13.5581,0.387127,9.73841,0.374971,10.0541,0,,
R600,size_mix,"equal mass, 900-1600 nm",mix 900-1600,LI_CONT xi 0.5,LOCAL,BRI,SENSITIVITY,RECON_CAP,0.225695,0,13.5581,1.71881,2.28064,2.28102,1.71853,0,,
R600,size_mix,"equal mass, 900-1600 nm",mix 900-1600,LI_CONT xi 0.5,LOCAL,ISO_z2,SENSITIVITY,RECON_CAP,0.225695,0,13.5581,1.18409,3.31056,1.3679,2.86572,0,,
R600,size_mix,"equal mass, 900-1600 nm",mix 900-1600,LI_CONT xi 0.5,LOCAL,ISO_z4,SENSITIVITY,RECON_CAP,0.225695,0,13.5581,0.81572,4.80557,0.820308,4.77869,0,,
R600,size_mix,"equal mass, 900-1600 nm",mix 900-1600,LI_CONT xi 0.5,LOCAL,ISO_z8,SENSITIVITY,RECON_CAP,0.225695,0,13.5581,0.387127,10.1259,0.295004,13.288,0,,
R800,size_mix,"equal mass, 900-1600 nm",mix 900-1600,LI_CONT xi 0.5,LOCAL,BRI,SENSITIVITY,RECON_CAP,0.241263,0,13.5581,1.71881,1.16941,2.43908,0.824082,0,,
R800,size_mix,"equal mass, 900-1600 nm",mix 900-1600,LI_CONT xi 0.5,LOCAL,ISO_z2,SENSITIVITY,RECON_CAP,0.241263,0,13.5581,1.18409,1.69751,1.40422,1.4314,0,,
R800,size_mix,"equal mass, 900-1600 nm",mix 900-1600,LI_CONT xi 0.5,LOCAL,ISO_z4,SENSITIVITY,RECON_CAP,0.241263,0,13.5581,0.81572,2.46408,0.80844,2.48627,0,,
R800,size_mix,"equal mass, 900-1600 nm",mix 900-1600,LI_CONT xi 0.5,LOCAL,ISO_z8,SENSITIVITY,RECON_CAP,0.241263,0,13.5581,0.387127,5.1921,0.26796,7.50112,0,,
R1000,size_mix,"equal mass, 900-1600 nm",mix 900-1600,LI_CONT xi 0.5,LOCAL,BRI,BOUNDARY,RECON_CAP YUAN_STRONG_REDUCTION,0.249037,0,13.5581,1.71881,0.0264136,2.51791,0.0180308,0,,
R1000,size_mix,"equal mass, 900-1600 nm",mix 900-1600,LI_CONT xi 0.5,LOCAL,ISO_z2,BOUNDARY,RECON_CAP YUAN_STRONG_REDUCTION,0.249037,0,13.5581,1.18409,0.0383417,1.41997,0.0319725,0,,
R1000,size_mix,"equal mass, 900-1600 nm",mix 900-1600,LI_CONT xi 0.5,LOCAL,ISO_z4,BOUNDARY,RECON_CAP YUAN_STRONG_REDUCTION,0.249037,0,13.5581,0.81572,0.0556564,0.80079,0.056694,0,,
R1000,size_mix,"equal mass, 900-1600 nm",mix 900-1600,LI_CONT xi 0.5,LOCAL,ISO_z8,BOUNDARY,RECON_CAP YUAN_STRONG_REDUCTION,0.249037,0,13.5581,0.387127,0.117274,0.254681,0.178262,0,,
R500,transport,"WU UBERUAGA_2011 from 500 C, t 1 s",900,HAM,LOCAL,BRI,SENSITIVITY,RECON_CAP,0.415668,0,13.5581,2.30487,1.63567,5.63565,0.668956,0,,
R500,transport,"WU UBERUAGA_2011 from 500 C, t 1 s",900,HAM,LOCAL,ISO_z2,SENSITIVITY,RECON_CAP,0.415668,0,13.5581,1.58783,2.37432,1.92426,1.9592,0,,
R500,transport,"WU UBERUAGA_2011 from 500 C, t 1 s",900,HAM,LOCAL,ISO_z4,SENSITIVITY,RECON_CAP,0.415668,0,13.5581,1.09385,3.44653,0.657027,5.73797,0,,
R500,transport,"WU UBERUAGA_2011 from 500 C, t 1 s",900,HAM,LOCAL,ISO_z8,SENSITIVITY,RECON_CAP,0.415668,0,13.5581,0.519124,7.26223,0.0765989,,0,,
R500,transport,"JUG UBERUAGA_2011 from 500 C, t 1 s",900,HAM,LOCAL,BRI,SENSITIVITY,RECON_CAP,0.415668,0,13.5581,2.30487,1.63567,5.63565,0.668956,0,,
R500,transport,"JUG UBERUAGA_2011 from 500 C, t 1 s",900,HAM,LOCAL,ISO_z2,SENSITIVITY,RECON_CAP,0.415668,0,13.5581,1.58783,2.37432,1.92426,1.9592,0,,
R500,transport,"JUG UBERUAGA_2011 from 500 C, t 1 s",900,HAM,LOCAL,ISO_z4,SENSITIVITY,RECON_CAP,0.415668,0,13.5581,1.09385,3.44653,0.657027,5.73797,0,,
R500,transport,"JUG UBERUAGA_2011 from 500 C, t 1 s",900,HAM,LOCAL,ISO_z8,SENSITIVITY,RECON_CAP,0.415668,0,13.5581,0.519124,7.26223,0.0765989,,0,,
R500,transport,"WU UBERUAGA_2011 from 500 C, t 1 s",900,LI_L2,LOCAL,BRI,SENSITIVITY,RECON_CAP,0.497052,0,13.5581,2.30487,1.63567,6.73906,0.559425,0,,
R500,transport,"WU UBERUAGA_2011 from 500 C, t 1 s",900,LI_L2,LOCAL,ISO_z2,SENSITIVITY,RECON_CAP,0.497052,0,13.5581,1.58783,2.37432,1.70469,2.21155,0,,
R500,transport,"WU UBERUAGA_2011 from 500 C, t 1 s",900,LI_L2,LOCAL,ISO_z4,SENSITIVITY,RECON_CAP,0.497052,0,13.5581,1.09385,3.44653,0.431213,8.74278,0,,
R500,transport,"WU UBERUAGA_2011 from 500 C, t 1 s",900,LI_L2,LOCAL,ISO_z8,SENSITIVITY,RECON_CAP,0.497052,0,13.5581,0.519124,7.26223,0.027592,,0,,
R500,transport,"JUG UBERUAGA_2011 from 500 C, t 1 s",900,LI_L2,LOCAL,BRI,SENSITIVITY,RECON_CAP,0.49706,0,13.5581,2.30487,1.63567,6.73917,0.559416,0,,
R500,transport,"JUG UBERUAGA_2011 from 500 C, t 1 s",900,LI_L2,LOCAL,ISO_z2,SENSITIVITY,RECON_CAP,0.49706,0,13.5581,1.58783,2.37432,1.70466,2.21158,0,,
R500,transport,"JUG UBERUAGA_2011 from 500 C, t 1 s",900,LI_L2,LOCAL,ISO_z4,SENSITIVITY,RECON_CAP,0.49706,0,13.5581,1.09385,3.44653,0.431192,8.7432,0,,
R500,transport,"JUG UBERUAGA_2011 from 500 C, t 1 s",900,LI_L2,LOCAL,ISO_z8,SENSITIVITY,RECON_CAP,0.49706,0,13.5581,0.519124,7.26223,0.027589,,0,,
